timestamp,machine_id,co_ppm,voc_ppm,methane_ppm,ventilation_index,gas_anomaly,failure
2026-01-01 00:00:00,SYN-01,2.659,75.97,1.062,1.0,0,0
2026-01-01 00:01:00,SYN-02,2.845,90.81,1.335,1.003,0,0
2026-01-01 00:02:00,SYN-03,3.055,86.32,1.142,1.006,0,0
2026-01-01 00:03:00,SYN-04,1.908,91.74,1.129,1.008,0,0
2026-01-01 00:04:00,SYN-01,2.298,91.4,1.22,1.011,0,0
2026-01-01 00:05:00,SYN-02,2.332,103.54,1.119,1.014,0,0
2026-01-01 00:06:00,SYN-03,2.114,86.07,1.292,1.017,0,0
2026-01-01 00:07:00,SYN-04,2.353,84.25,1.288,1.02,0,0
2026-01-01 00:08:00,SYN-01,2.513,86.15,1.165,1.023,0,0
2026-01-01 00:09:00,SYN-02,2.444,91.06,1.16,1.025,0,0
2026-01-01 00:10:00,SYN-03,1.821,88.52,1.094,1.028,0,0
2026-01-01 00:11:00,SYN-04,2.625,86.6,0.966,1.031,0,0
2026-01-01 00:12:00,SYN-01,2.626,78.12,1.23,1.034,0,0
2026-01-01 00:13:00,SYN-02,3.159,81.92,1.144,1.036,0,0
2026-01-01 00:14:00,SYN-03,3.005,79.35,0.97,1.039,0,0
2026-01-01 00:15:00,SYN-04,2.351,74.73,1.185,1.042,0,0
2026-01-01 00:16:00,SYN-01,2.635,67.48,1.124,1.045,0,0
2026-01-01 00:17:00,SYN-02,2.815,80.53,0.975,1.047,0,0
2026-01-01 00:18:00,SYN-03,3.177,79.71,1.111,1.05,0,0
2026-01-01 00:19:00,SYN-04,2.804,76.31,0.972,1.053,0,0
2026-01-01 00:20:00,SYN-01,2.89,87.58,1.087,1.055,0,0
2026-01-01 00:21:00,SYN-02,2.454,81.7,1.076,1.058,0,0
2026-01-01 00:22:00,SYN-03,2.821,94.73,1.246,1.06,0,0
2026-01-01 00:23:00,SYN-04,2.627,73.5,0.977,1.063,0,0
2026-01-01 00:24:00,SYN-01,2.787,75.63,0.988,1.066,0,0
2026-01-01 00:25:00,SYN-02,2.919,83.4,1.175,1.068,0,0
2026-01-01 00:26:00,SYN-03,1.816,85.36,1.069,1.071,0,0
2026-01-01 00:27:00,SYN-04,8.888,302.83,3.055,1.073,1,1
2026-01-01 00:28:00,SYN-01,2.818,83.07,1.038,1.076,0,0
2026-01-01 00:29:00,SYN-02,1.355,79.29,0.955,1.078,0,0
2026-01-01 00:30:00,SYN-03,2.351,77.71,0.917,1.08,0,0
2026-01-01 00:31:00,SYN-04,2.05,80.3,1.316,1.083,0,0
2026-01-01 00:32:00,SYN-01,2.598,77.56,1.155,1.085,0,0
2026-01-01 00:33:00,SYN-02,2.333,79.48,1.294,1.087,0,0
2026-01-01 00:34:00,SYN-03,1.556,87.27,1.042,1.09,0,0
2026-01-01 00:35:00,SYN-04,1.913,90.09,1.147,1.092,0,0
2026-01-01 00:36:00,SYN-01,2.274,80.49,1.28,1.094,0,0
2026-01-01 00:37:00,SYN-02,1.346,77.49,1.057,1.096,0,0
2026-01-01 00:38:00,SYN-03,2.269,72.49,1.102,1.099,0,0
2026-01-01 00:39:00,SYN-04,2.076,63.84,1.179,1.101,0,0
2026-01-01 00:40:00,SYN-01,8.332,303.08,3.777,1.103,1,1
2026-01-01 00:41:00,SYN-02,2.616,65.79,1.087,1.105,0,0
2026-01-01 00:42:00,SYN-03,2.365,85.91,1.162,1.107,0,0
2026-01-01 00:43:00,SYN-04,2.441,87.13,1.035,1.109,0,0
2026-01-01 00:44:00,SYN-01,1.812,72.98,1.064,1.111,0,0
2026-01-01 00:45:00,SYN-02,2.502,60.43,1.048,1.113,0,0
2026-01-01 00:46:00,SYN-03,2.142,68.13,0.845,1.114,0,0
2026-01-01 00:47:00,SYN-04,2.642,79.23,1.069,1.116,0,0
2026-01-01 00:48:00,SYN-01,2.099,71.09,0.763,1.118,0,0
2026-01-01 00:49:00,SYN-02,2.4,72.07,1.288,1.12,0,0
2026-01-01 00:50:00,SYN-03,2.323,83.58,0.976,1.121,0,0
2026-01-01 00:51:00,SYN-04,2.804,78.74,1.238,1.123,0,0
2026-01-01 00:52:00,SYN-01,2.337,65.96,1.011,1.125,0,0
2026-01-01 00:53:00,SYN-02,2.169,74.66,0.935,1.126,0,0
2026-01-01 00:54:00,SYN-03,2.222,67.1,0.956,1.128,0,0
2026-01-01 00:55:00,SYN-04,2.638,87.81,1.17,1.129,0,0
2026-01-01 00:56:00,SYN-01,1.838,62.85,1.048,1.131,0,0
2026-01-01 00:57:00,SYN-02,2.746,74.26,1.187,1.132,0,0
2026-01-01 00:58:00,SYN-03,2.003,60.51,1.076,1.133,0,0
2026-01-01 00:59:00,SYN-04,2.435,80.17,1.115,1.135,0,0
2026-01-01 01:00:00,SYN-01,2.689,74.86,1.165,1.136,0,0
2026-01-01 01:01:00,SYN-02,2.181,77.77,1.167,1.137,0,0
2026-01-01 01:02:00,SYN-03,2.083,74.97,1.22,1.138,0,0
2026-01-01 01:03:00,SYN-04,1.983,84.45,0.971,1.139,0,0
2026-01-01 01:04:00,SYN-01,1.812,78.21,1.269,1.14,0,0
2026-01-01 01:05:00,SYN-02,2.291,82.19,1.268,1.141,0,0
2026-01-01 01:06:00,SYN-03,2.682,89.2,1.132,1.142,0,0
2026-01-01 01:07:00,SYN-04,7.739,267.24,2.893,1.143,1,1
2026-01-01 01:08:00,SYN-01,2.289,72.12,0.935,1.144,0,0
2026-01-01 01:09:00,SYN-02,2.267,74.28,1.032,1.145,0,0
2026-01-01 01:10:00,SYN-03,2.349,68.08,0.882,1.145,0,0
2026-01-01 01:11:00,SYN-04,2.829,77.46,1.154,1.146,0,0
2026-01-01 01:12:00,SYN-01,11.75,221.3,3.97,1.147,1,1
2026-01-01 01:13:00,SYN-02,1.884,55.09,0.99,1.147,0,0
2026-01-01 01:14:00,SYN-03,1.67,80.66,0.687,1.148,0,0
2026-01-01 01:15:00,SYN-04,2.67,66.54,0.897,1.148,0,0
2026-01-01 01:16:00,SYN-01,1.718,57.9,1.061,1.149,0,0
2026-01-01 01:17:00,SYN-02,2.297,68.76,0.943,1.149,0,0
2026-01-01 01:18:00,SYN-03,1.713,85.54,1.083,1.149,0,0
2026-01-01 01:19:00,SYN-04,2.05,68.25,0.997,1.15,0,0
2026-01-01 01:20:00,SYN-01,2.914,82.86,0.879,1.15,0,0
2026-01-01 01:21:00,SYN-02,2.67,66.25,0.928,1.15,0,0
2026-01-01 01:22:00,SYN-03,2.22,76.56,1.036,1.15,0,0
2026-01-01 01:23:00,SYN-04,1.391,71.0,1.037,1.15,0,0
2026-01-01 01:24:00,SYN-01,1.697,88.45,0.903,1.15,0,0
2026-01-01 01:25:00,SYN-02,2.298,72.56,1.012,1.15,0,0
2026-01-01 01:26:00,SYN-03,1.805,77.47,1.198,1.15,0,0
2026-01-01 01:27:00,SYN-04,2.485,65.58,1.002,1.15,0,0
2026-01-01 01:28:00,SYN-01,2.67,73.86,1.249,1.149,0,0
2026-01-01 01:29:00,SYN-02,2.394,69.63,1.167,1.149,0,0
2026-01-01 01:30:00,SYN-03,1.496,66.72,1.223,1.149,0,0
2026-01-01 01:31:00,SYN-04,5.955,285.44,3.715,1.148,1,1
2026-01-01 01:32:00,SYN-01,1.689,72.91,0.931,1.148,0,0
2026-01-01 01:33:00,SYN-02,2.145,83.07,1.216,1.147,0,0
2026-01-01 01:34:00,SYN-03,2.224,85.8,1.112,1.147,0,0
2026-01-01 01:35:00,SYN-04,1.905,77.18,1.134,1.146,0,0
2026-01-01 01:36:00,SYN-01,2.157,83.89,1.108,1.146,0,0
2026-01-01 01:37:00,SYN-02,2.462,62.57,1.215,1.145,0,0
2026-01-01 01:38:00,SYN-03,1.888,56.44,1.09,1.144,0,0
2026-01-01 01:39:00,SYN-04,2.309,94.94,1.107,1.143,0,0
2026-01-01 01:40:00,SYN-01,2.299,75.45,1.099,1.143,0,0
2026-01-01 01:41:00,SYN-02,1.761,69.72,1.124,1.142,0,0
2026-01-01 01:42:00,SYN-03,2.632,84.2,0.825,1.141,0,0
2026-01-01 01:43:00,SYN-04,2.451,89.55,1.015,1.14,0,0
2026-01-01 01:44:00,SYN-01,1.932,65.5,1.044,1.139,0,0
2026-01-01 01:45:00,SYN-02,2.212,77.44,0.819,1.138,0,0
2026-01-01 01:46:00,SYN-03,2.575,70.11,0.891,1.136,0,0
2026-01-01 01:47:00,SYN-04,1.87,71.6,1.064,1.135,0,0
2026-01-01 01:48:00,SYN-01,2.422,84.54,1.093,1.134,0,0
2026-01-01 01:49:00,SYN-02,2.531,65.86,0.904,1.133,0,0
2026-01-01 01:50:00,SYN-03,2.447,79.66,1.245,1.131,0,0
2026-01-01 01:51:00,SYN-04,1.93,79.4,0.829,1.13,0,0
2026-01-01 01:52:00,SYN-01,1.754,80.26,1.23,1.129,0,0
2026-01-01 01:53:00,SYN-02,1.905,58.15,1.384,1.127,0,0
2026-01-01 01:54:00,SYN-03,2.261,85.72,1.026,1.126,0,0
2026-01-01 01:55:00,SYN-04,2.391,73.58,1.148,1.124,0,0
2026-01-01 01:56:00,SYN-01,2.321,73.58,1.014,1.122,0,0
2026-01-01 01:57:00,SYN-02,2.879,94.56,1.08,1.121,0,0
2026-01-01 01:58:00,SYN-03,1.908,72.96,1.116,1.119,0,0
2026-01-01 01:59:00,SYN-04,1.705,77.97,1.021,1.117,0,0
2026-01-01 02:00:00,SYN-01,2.816,80.63,0.879,1.115,0,0
2026-01-01 02:01:00,SYN-02,1.925,68.71,0.985,1.114,0,0
2026-01-01 02:02:00,SYN-03,2.111,62.0,0.991,1.112,0,0
2026-01-01 02:03:00,SYN-04,2.103,84.81,1.259,1.11,0,0
2026-01-01 02:04:00,SYN-01,2.187,78.08,0.89,1.108,0,0
2026-01-01 02:05:00,SYN-02,1.867,93.92,1.1,1.106,0,0
2026-01-01 02:06:00,SYN-03,2.673,83.59,0.968,1.104,0,0
2026-01-01 02:07:00,SYN-04,2.769,65.41,0.931,1.102,0,0
2026-01-01 02:08:00,SYN-01,2.065,75.54,1.011,1.1,0,0
2026-01-01 02:09:00,SYN-02,2.657,81.03,1.15,1.098,0,0
2026-01-01 02:10:00,SYN-03,2.234,73.31,1.165,1.095,0,0
2026-01-01 02:11:00,SYN-04,1.93,62.13,1.142,1.093,0,0
2026-01-01 02:12:00,SYN-01,2.173,82.4,1.212,1.091,0,0
2026-01-01 02:13:00,SYN-02,2.201,91.36,1.196,1.089,0,0
2026-01-01 02:14:00,SYN-03,2.599,85.78,0.931,1.086,0,0
2026-01-01 02:15:00,SYN-04,2.926,81.42,0.937,1.084,0,0
2026-01-01 02:16:00,SYN-01,1.996,74.94,1.095,1.082,0,0
2026-01-01 02:17:00,SYN-02,2.193,83.29,1.054,1.079,0,0
2026-01-01 02:18:00,SYN-03,2.422,87.9,1.097,1.077,0,0
2026-01-01 02:19:00,SYN-04,1.83,74.04,1.187,1.075,0,0
2026-01-01 02:20:00,SYN-01,2.18,85.53,1.104,1.072,0,0
2026-01-01 02:21:00,SYN-02,2.255,80.41,1.145,1.07,0,0
2026-01-01 02:22:00,SYN-03,2.665,73.32,1.108,1.067,0,0
2026-01-01 02:23:00,SYN-04,2.509,86.38,1.023,1.065,0,0
2026-01-01 02:24:00,SYN-01,2.567,86.85,1.233,1.062,0,0
2026-01-01 02:25:00,SYN-02,3.041,65.11,1.166,1.059,0,0
2026-01-01 02:26:00,SYN-03,1.951,79.38,1.104,1.057,0,0
2026-01-01 02:27:00,SYN-04,2.75,105.15,1.109,1.054,0,0
2026-01-01 02:28:00,SYN-01,3.004,87.68,1.008,1.051,0,0
2026-01-01 02:29:00,SYN-02,2.661,88.87,1.163,1.049,0,0
2026-01-01 02:30:00,SYN-03,2.494,79.92,1.147,1.046,0,0
2026-01-01 02:31:00,SYN-04,2.464,82.74,1.149,1.043,0,0
2026-01-01 02:32:00,SYN-01,3.034,82.87,0.922,1.041,0,0
2026-01-01 02:33:00,SYN-02,2.022,72.7,1.21,1.038,0,0
2026-01-01 02:34:00,SYN-03,3.153,75.07,1.103,1.035,0,0
2026-01-01 02:35:00,SYN-04,1.74,76.52,1.152,1.033,0,0
2026-01-01 02:36:00,SYN-01,2.768,83.37,1.055,1.03,0,0
2026-01-01 02:37:00,SYN-02,2.333,88.23,1.155,1.027,0,0
2026-01-01 02:38:00,SYN-03,2.547,69.16,1.104,1.024,0,0
2026-01-01 02:39:00,SYN-04,3.071,75.91,1.013,1.021,0,0
2026-01-01 02:40:00,SYN-01,2.313,90.4,1.278,1.019,0,0
2026-01-01 02:41:00,SYN-02,2.241,79.63,1.192,1.016,0,0
2026-01-01 02:42:00,SYN-03,2.067,90.39,1.548,1.013,0,0
2026-01-01 02:43:00,SYN-04,3.014,95.3,0.845,1.01,0,0
2026-01-01 02:44:00,SYN-01,2.479,88.22,1.228,1.007,0,0
2026-01-01 02:45:00,SYN-02,2.114,85.31,1.174,1.004,0,0
2026-01-01 02:46:00,SYN-03,2.617,93.37,1.217,1.002,0,0
2026-01-01 02:47:00,SYN-04,2.594,83.05,1.314,0.999,0,0
2026-01-01 02:48:00,SYN-01,2.462,85.9,1.38,0.996,0,0
2026-01-01 02:49:00,SYN-02,2.732,89.92,1.175,0.993,0,0
2026-01-01 02:50:00,SYN-03,2.58,93.64,1.171,0.99,0,0
2026-01-01 02:51:00,SYN-04,2.879,84.92,1.18,0.988,0,0
2026-01-01 02:52:00,SYN-01,2.239,89.17,1.121,0.985,0,0
2026-01-01 02:53:00,SYN-02,2.633,86.79,1.108,0.982,0,0
2026-01-01 02:54:00,SYN-03,2.975,92.74,1.354,0.979,0,0
2026-01-01 02:55:00,SYN-04,3.797,78.74,1.166,0.976,0,0
2026-01-01 02:56:00,SYN-01,2.535,96.97,1.041,0.974,0,0
2026-01-01 02:57:00,SYN-02,2.854,90.8,1.397,0.971,0,0
2026-01-01 02:58:00,SYN-03,2.636,84.0,1.306,0.968,0,0
2026-01-01 02:59:00,SYN-04,1.726,77.6,1.273,0.965,0,0
2026-01-01 03:00:00,SYN-01,2.559,82.92,1.355,0.962,0,0
2026-01-01 03:01:00,SYN-02,2.969,80.43,1.326,0.96,0,0
2026-01-01 03:02:00,SYN-03,2.493,84.89,1.162,0.957,0,0
2026-01-01 03:03:00,SYN-04,2.555,82.05,1.325,0.954,0,0
2026-01-01 03:04:00,SYN-01,3.308,105.63,1.143,0.952,0,0
2026-01-01 03:05:00,SYN-02,3.246,89.36,1.543,0.949,0,0
2026-01-01 03:06:00,SYN-03,2.627,98.07,1.254,0.946,0,0
2026-01-01 03:07:00,SYN-04,2.296,82.9,1.455,0.944,0,0
2026-01-01 03:08:00,SYN-01,2.534,93.11,1.419,0.941,0,0
2026-01-01 03:09:00,SYN-02,2.911,92.44,1.329,0.938,0,0
2026-01-01 03:10:00,SYN-03,2.644,89.44,1.387,0.936,0,0
2026-01-01 03:11:00,SYN-04,3.056,89.09,1.173,0.933,0,0
2026-01-01 03:12:00,SYN-01,3.057,101.49,1.473,0.931,0,0
2026-01-01 03:13:00,SYN-02,3.165,102.2,1.198,0.928,0,0
2026-01-01 03:14:00,SYN-03,2.818,91.86,1.318,0.926,0,0
2026-01-01 03:15:00,SYN-04,11.968,304.31,3.843,0.923,1,1
2026-01-01 03:16:00,SYN-01,7.236,220.62,2.921,0.921,1,1
2026-01-01 03:17:00,SYN-02,3.077,84.82,1.347,0.919,0,0
2026-01-01 03:18:00,SYN-03,3.162,100.33,1.087,0.916,0,0
2026-01-01 03:19:00,SYN-04,2.923,96.32,1.418,0.914,0,0
2026-01-01 03:20:00,SYN-01,3.111,93.31,1.382,0.912,0,0
2026-01-01 03:21:00,SYN-02,2.488,93.54,1.392,0.909,0,0
2026-01-01 03:22:00,SYN-03,2.846,86.14,1.003,0.907,0,0
2026-01-01 03:23:00,SYN-04,3.24,93.71,1.426,0.905,0,0
2026-01-01 03:24:00,SYN-01,2.962,105.44,1.325,0.903,0,0
2026-01-01 03:25:00,SYN-02,2.741,102.55,1.297,0.901,0,0
2026-01-01 03:26:00,SYN-03,2.652,84.9,1.28,0.898,0,0
2026-01-01 03:27:00,SYN-04,2.61,99.29,1.369,0.896,0,0
2026-01-01 03:28:00,SYN-01,2.581,96.38,1.242,0.894,0,0
2026-01-01 03:29:00,SYN-02,2.467,93.59,1.411,0.892,0,0
2026-01-01 03:30:00,SYN-03,2.803,93.98,1.339,0.89,0,0
2026-01-01 03:31:00,SYN-04,2.92,92.39,1.529,0.889,0,0
2026-01-01 03:32:00,SYN-01,2.798,88.35,1.205,0.887,0,0
2026-01-01 03:33:00,SYN-02,2.399,93.21,1.388,0.885,0,0
2026-01-01 03:34:00,SYN-03,3.027,97.53,1.15,0.883,0,0
2026-01-01 03:35:00,SYN-04,3.196,105.03,1.219,0.881,0,0
2026-01-01 03:36:00,SYN-01,2.81,92.38,1.346,0.88,0,0
2026-01-01 03:37:00,SYN-02,2.89,96.63,1.222,0.878,0,0
2026-01-01 03:38:00,SYN-03,3.304,103.07,1.431,0.876,0,0
2026-01-01 03:39:00,SYN-04,3.047,100.61,1.544,0.875,0,0
2026-01-01 03:40:00,SYN-01,2.401,94.92,1.405,0.873,0,0
2026-01-01 03:41:00,SYN-02,3.097,92.34,1.369,0.872,0,0
2026-01-01 03:42:00,SYN-03,2.645,92.84,1.386,0.87,0,0
2026-01-01 03:43:00,SYN-04,2.887,85.46,1.386,0.869,0,0
2026-01-01 03:44:00,SYN-01,9.457,228.9,3.413,0.868,1,1
2026-01-01 03:45:00,SYN-02,2.665,91.27,1.289,0.866,0,0
2026-01-01 03:46:00,SYN-03,3.374,108.54,1.392,0.865,0,0
2026-01-01 03:47:00,SYN-04,2.854,105.74,1.433,0.864,0,0
2026-01-01 03:48:00,SYN-01,2.554,96.09,1.431,0.863,0,0
2026-01-01 03:49:00,SYN-02,2.956,94.85,1.546,0.861,0,0
2026-01-01 03:50:00,SYN-03,3.003,82.3,1.42,0.86,0,0
2026-01-01 03:51:00,SYN-04,2.62,101.19,1.156,0.859,0,0
2026-01-01 03:52:00,SYN-01,2.346,111.47,1.548,0.858,0,0
2026-01-01 03:53:00,SYN-02,3.532,103.28,1.406,0.858,0,0
2026-01-01 03:54:00,SYN-03,2.252,94.7,1.367,0.857,0,0
2026-01-01 03:55:00,SYN-04,3.064,102.09,1.368,0.856,0,0
2026-01-01 03:56:00,SYN-01,2.853,106.68,1.501,0.855,0,0
2026-01-01 03:57:00,SYN-02,3.164,100.29,1.383,0.854,0,0
2026-01-01 03:58:00,SYN-03,2.846,114.1,1.356,0.854,0,0
2026-01-01 03:59:00,SYN-04,3.284,98.94,1.51,0.853,0,0
2026-01-01 04:00:00,SYN-01,8.412,313.08,3.096,0.853,1,1
2026-01-01 04:01:00,SYN-02,2.752,92.75,1.239,0.852,0,0
2026-01-01 04:02:00,SYN-03,2.982,89.48,1.63,0.852,0,0
2026-01-01 04:03:00,SYN-04,3.423,96.42,1.387,0.851,0,0
2026-01-01 04:04:00,SYN-01,2.405,97.89,1.411,0.851,0,0
2026-01-01 04:05:00,SYN-02,3.143,108.6,1.299,0.851,0,0
2026-01-01 04:06:00,SYN-03,2.877,96.91,1.284,0.85,0,0
2026-01-01 04:07:00,SYN-04,2.788,101.62,1.328,0.85,0,0
2026-01-01 04:08:00,SYN-01,2.701,95.57,1.32,0.85,0,0
2026-01-01 04:09:00,SYN-02,2.797,115.4,1.252,0.85,0,0
2026-01-01 04:10:00,SYN-03,2.324,108.19,1.472,0.85,0,0
2026-01-01 04:11:00,SYN-04,3.301,110.82,1.353,0.85,0,0
2026-01-01 04:12:00,SYN-01,3.093,105.29,1.509,0.85,0,0
2026-01-01 04:13:00,SYN-02,2.872,115.04,1.417,0.85,0,0
2026-01-01 04:14:00,SYN-03,2.22,97.21,1.389,0.85,0,0
2026-01-01 04:15:00,SYN-04,2.577,111.56,1.48,0.851,0,0
2026-01-01 04:16:00,SYN-01,2.584,102.7,1.438,0.851,0,0
2026-01-01 04:17:00,SYN-02,3.182,110.2,1.494,0.851,0,0
2026-01-01 04:18:00,SYN-03,3.458,109.1,1.386,0.852,0,0
2026-01-01 04:19:00,SYN-04,11.973,180.13,2.58,0.852,1,0
2026-01-01 04:20:00,SYN-01,2.522,98.09,1.443,0.853,0,0
2026-01-01 04:21:00,SYN-02,2.595,87.9,1.45,0.853,0,0
2026-01-01 04:22:00,SYN-03,2.785,86.5,1.319,0.854,0,0
2026-01-01 04:23:00,SYN-04,2.728,98.38,1.328,0.855,0,0
2026-01-01 04:24:00,SYN-01,3.02,103.78,1.357,0.855,0,0
2026-01-01 04:25:00,SYN-02,2.708,99.14,1.441,0.856,0,0
2026-01-01 04:26:00,SYN-03,2.693,104.24,1.575,0.857,0,0
2026-01-01 04:27:00,SYN-04,3.182,101.52,1.158,0.858,0,0
2026-01-01 04:28:00,SYN-01,2.556,93.68,1.451,0.859,0,0
2026-01-01 04:29:00,SYN-02,3.025,102.53,1.189,0.86,0,0
2026-01-01 04:30:00,SYN-03,2.515,96.71,1.294,0.861,0,0
2026-01-01 04:31:00,SYN-04,2.831,94.98,1.26,0.862,0,0
2026-01-01 04:32:00,SYN-01,2.351,94.56,1.21,0.863,0,0
2026-01-01 04:33:00,SYN-02,2.507,83.84,1.205,0.864,0,0
2026-01-01 04:34:00,SYN-03,2.645,101.93,1.362,0.865,0,0
2026-01-01 04:35:00,SYN-04,2.853,91.37,1.305,0.867,0,0
2026-01-01 04:36:00,SYN-01,2.627,98.53,1.496,0.868,0,0
2026-01-01 04:37:00,SYN-02,3.363,96.77,1.426,0.869,0,0
2026-01-01 04:38:00,SYN-03,3.075,102.67,1.454,0.871,0,0
2026-01-01 04:39:00,SYN-04,2.648,102.23,1.448,0.872,0,0
2026-01-01 04:40:00,SYN-01,2.465,91.04,1.419,0.874,0,0
2026-01-01 04:41:00,SYN-02,2.648,95.42,1.214,0.875,0,0
2026-01-01 04:42:00,SYN-03,2.587,112.76,1.414,0.877,0,0
2026-01-01 04:43:00,SYN-04,3.084,100.31,1.57,0.878,0,0
2026-01-01 04:44:00,SYN-01,2.658,100.11,1.314,0.88,0,0
2026-01-01 04:45:00,SYN-02,3.089,101.41,1.489,0.882,0,0
2026-01-01 04:46:00,SYN-03,3.069,98.07,1.557,0.883,0,0
2026-01-01 04:47:00,SYN-04,3.326,85.05,1.482,0.885,0,0
2026-01-01 04:48:00,SYN-01,3.225,85.95,1.283,0.887,0,0
2026-01-01 04:49:00,SYN-02,3.175,97.89,1.307,0.889,0,0
2026-01-01 04:50:00,SYN-03,3.629,90.54,1.515,0.891,0,0
2026-01-01 04:51:00,SYN-04,3.147,102.46,1.367,0.893,0,0
2026-01-01 04:52:00,SYN-01,3.049,92.86,1.309,0.895,0,0
2026-01-01 04:53:00,SYN-02,3.351,85.11,1.381,0.897,0,0
2026-01-01 04:54:00,SYN-03,2.816,96.63,1.294,0.899,0,0
2026-01-01 04:55:00,SYN-04,2.45,87.81,1.315,0.901,0,0
2026-01-01 04:56:00,SYN-01,2.132,108.72,1.539,0.903,0,0
2026-01-01 04:57:00,SYN-02,2.599,98.06,1.259,0.905,0,0
2026-01-01 04:58:00,SYN-03,2.94,85.93,1.308,0.908,0,0
2026-01-01 04:59:00,SYN-04,2.827,94.16,1.23,0.91,0,0
2026-01-01 05:00:00,SYN-01,2.332,104.08,1.284,0.912,0,0
2026-01-01 05:01:00,SYN-02,2.482,87.82,1.331,0.914,0,0
2026-01-01 05:02:00,SYN-03,3.316,86.72,1.122,0.917,0,0
2026-01-01 05:03:00,SYN-04,2.237,90.14,1.316,0.919,0,0
2026-01-01 05:04:00,SYN-01,2.989,102.91,1.364,0.922,0,0
2026-01-01 05:05:00,SYN-02,3.149,82.82,1.214,0.924,0,0
2026-01-01 05:06:00,SYN-03,2.701,107.19,1.308,0.926,0,0
2026-01-01 05:07:00,SYN-04,2.868,93.82,1.108,0.929,0,0
2026-01-01 05:08:00,SYN-01,2.918,92.4,1.369,0.931,0,0
2026-01-01 05:09:00,SYN-02,2.894,95.2,1.206,0.934,0,0
2026-01-01 05:10:00,SYN-03,2.987,75.17,1.39,0.937,0,0
2026-01-01 05:11:00,SYN-04,1.609,86.86,1.454,0.939,0,0
2026-01-01 05:12:00,SYN-01,3.177,77.72,1.239,0.942,0,0
2026-01-01 05:13:00,SYN-02,2.784,92.29,1.433,0.944,0,0
2026-01-01 05:14:00,SYN-03,2.817,99.94,1.286,0.947,0,0
2026-01-01 05:15:00,SYN-04,2.907,104.58,1.395,0.95,0,0
2026-01-01 05:16:00,SYN-01,3.006,78.36,1.134,0.952,0,0
2026-01-01 05:17:00,SYN-02,2.872,81.15,1.241,0.955,0,0
2026-01-01 05:18:00,SYN-03,2.558,93.78,1.23,0.958,0,0
2026-01-01 05:19:00,SYN-04,2.759,74.5,1.258,0.96,0,0
2026-01-01 05:20:00,SYN-01,2.323,97.35,1.261,0.963,0,0
2026-01-01 05:21:00,SYN-02,2.347,90.72,1.087,0.966,0,0
2026-01-01 05:22:00,SYN-03,2.342,78.19,1.352,0.969,0,0
2026-01-01 05:23:00,SYN-04,2.994,99.08,1.272,0.971,0,0
2026-01-01 05:24:00,SYN-01,3.331,83.05,1.177,0.974,0,0
2026-01-01 05:25:00,SYN-02,1.686,100.35,1.229,0.977,0,0
2026-01-01 05:26:00,SYN-03,2.743,80.4,1.312,0.98,0,0
2026-01-01 05:27:00,SYN-04,1.815,84.9,1.289,0.983,0,0
2026-01-01 05:28:00,SYN-01,2.452,85.24,1.063,0.985,0,0
2026-01-01 05:29:00,SYN-02,2.437,91.18,1.383,0.988,0,0
2026-01-01 05:30:00,SYN-03,2.254,87.83,1.251,0.991,0,0
2026-01-01 05:31:00,SYN-04,2.383,89.52,1.03,0.994,0,0
2026-01-01 05:32:00,SYN-01,2.335,87.73,0.87,0.997,0,0
2026-01-01 05:33:00,SYN-02,2.472,94.36,1.058,1.0,0,0
2026-01-01 05:34:00,SYN-03,2.31,85.0,1.452,1.002,0,0
2026-01-01 05:35:00,SYN-04,2.69,89.44,0.98,1.005,0,0
2026-01-01 05:36:00,SYN-01,2.529,76.91,1.092,1.008,0,0
2026-01-01 05:37:00,SYN-02,2.359,84.93,1.079,1.011,0,0
2026-01-01 05:38:00,SYN-03,2.423,76.28,1.144,1.014,0,0
2026-01-01 05:39:00,SYN-04,2.6,80.53,1.034,1.016,0,0
2026-01-01 05:40:00,SYN-01,2.371,70.83,1.234,1.019,0,0
2026-01-01 05:41:00,SYN-02,2.028,75.09,1.249,1.022,0,0
2026-01-01 05:42:00,SYN-03,2.468,97.28,1.265,1.025,0,0
2026-01-01 05:43:00,SYN-04,2.482,91.41,1.218,1.028,0,0
2026-01-01 05:44:00,SYN-01,2.809,86.99,1.439,1.03,0,0
2026-01-01 05:45:00,SYN-02,2.735,77.97,1.229,1.033,0,0
2026-01-01 05:46:00,SYN-03,1.937,74.79,1.36,1.036,0,0
2026-01-01 05:47:00,SYN-04,2.803,78.65,0.887,1.039,0,0
2026-01-01 05:48:00,SYN-01,2.088,81.91,1.141,1.041,0,0
2026-01-01 05:49:00,SYN-02,1.865,88.35,1.126,1.044,0,0
2026-01-01 05:50:00,SYN-03,2.086,94.48,1.304,1.047,0,0
2026-01-01 05:51:00,SYN-04,1.852,74.53,1.286,1.05,0,0
2026-01-01 05:52:00,SYN-01,2.369,88.87,1.227,1.052,0,0
2026-01-01 05:53:00,SYN-02,2.383,82.06,1.017,1.055,0,0
2026-01-01 05:54:00,SYN-03,2.391,89.71,1.093,1.057,0,0
2026-01-01 05:55:00,SYN-04,3.076,82.44,0.969,1.06,0,0
2026-01-01 05:56:00,SYN-01,3.205,73.23,1.103,1.063,0,0
2026-01-01 05:57:00,SYN-02,3.112,75.48,1.087,1.065,0,0
2026-01-01 05:58:00,SYN-03,2.317,80.08,1.029,1.068,0,0
2026-01-01 05:59:00,SYN-04,2.04,66.37,1.271,1.07,0,0
2026-01-01 06:00:00,SYN-01,2.217,60.55,1.261,1.073,0,0
2026-01-01 06:01:00,SYN-02,2.973,86.76,1.173,1.075,0,0
2026-01-01 06:02:00,SYN-03,2.301,72.56,1.05,1.078,0,0
2026-01-01 06:03:00,SYN-04,2.03,83.84,1.129,1.08,0,0
2026-01-01 06:04:00,SYN-01,2.274,81.02,1.191,1.082,0,0
2026-01-01 06:05:00,SYN-02,1.982,83.81,0.991,1.085,0,0
2026-01-01 06:06:00,SYN-03,1.509,94.55,1.179,1.087,0,0
2026-01-01 06:07:00,SYN-04,2.787,86.53,1.221,1.089,0,0
2026-01-01 06:08:00,SYN-01,1.999,78.77,1.018,1.092,0,0
2026-01-01 06:09:00,SYN-02,2.338,67.49,0.941,1.094,0,0
2026-01-01 06:10:00,SYN-03,2.42,65.08,1.137,1.096,0,0
2026-01-01 06:11:00,SYN-04,2.384,89.04,1.048,1.098,0,0
2026-01-01 06:12:00,SYN-01,2.627,67.17,1.048,1.1,0,0
2026-01-01 06:13:00,SYN-02,7.08,322.91,3.239,1.102,1,1
2026-01-01 06:14:00,SYN-03,2.225,74.06,1.206,1.104,0,0
2026-01-01 06:15:00,SYN-04,1.436,78.47,1.121,1.106,0,0
2026-01-01 06:16:00,SYN-01,2.078,75.54,1.045,1.108,0,0
2026-01-01 06:17:00,SYN-02,2.505,86.82,1.3,1.11,0,0
2026-01-01 06:18:00,SYN-03,2.303,89.03,0.676,1.112,0,0
2026-01-01 06:19:00,SYN-04,2.066,70.66,1.057,1.114,0,0
2026-01-01 06:20:00,SYN-01,2.29,71.52,1.031,1.116,0,0
2026-01-01 06:21:00,SYN-02,2.46,63.97,1.041,1.118,0,0
2026-01-01 06:22:00,SYN-03,2.175,78.81,0.878,1.119,0,0
2026-01-01 06:23:00,SYN-04,2.05,74.76,0.968,1.121,0,0
2026-01-01 06:24:00,SYN-01,1.887,68.35,1.246,1.123,0,0
2026-01-01 06:25:00,SYN-02,2.253,83.29,1.101,1.124,0,0
2026-01-01 06:26:00,SYN-03,2.528,80.87,1.118,1.126,0,0
2026-01-01 06:27:00,SYN-04,1.938,75.49,0.927,1.127,0,0
2026-01-01 06:28:00,SYN-01,2.99,65.5,0.971,1.129,0,0
2026-01-01 06:29:00,SYN-02,2.668,75.78,1.248,1.13,0,0
2026-01-01 06:30:00,SYN-03,1.758,68.71,0.938,1.132,0,0
2026-01-01 06:31:00,SYN-04,2.243,78.6,1.134,1.133,0,0
2026-01-01 06:32:00,SYN-01,8.742,297.16,2.66,1.134,1,1
2026-01-01 06:33:00,SYN-02,1.724,64.9,0.911,1.136,0,0
2026-01-01 06:34:00,SYN-03,2.332,60.35,0.921,1.137,0,0
2026-01-01 06:35:00,SYN-04,2.526,74.02,1.177,1.138,0,0
2026-01-01 06:36:00,SYN-01,2.55,66.64,0.926,1.139,0,0
2026-01-01 06:37:00,SYN-02,2.259,78.45,1.123,1.14,0,0
2026-01-01 06:38:00,SYN-03,2.191,88.62,0.974,1.141,0,0
2026-01-01 06:39:00,SYN-04,11.231,239.33,3.69,1.142,1,1
2026-01-01 06:40:00,SYN-01,1.813,81.63,1.233,1.143,0,0
2026-01-01 06:41:00,SYN-02,2.573,76.91,1.01,1.144,0,0
2026-01-01 06:42:00,SYN-03,2.101,77.1,0.933,1.144,0,0
2026-01-01 06:43:00,SYN-04,2.246,76.24,1.116,1.145,0,0
2026-01-01 06:44:00,SYN-01,1.984,70.09,1.162,1.146,0,0
2026-01-01 06:45:00,SYN-02,2.688,69.85,1.104,1.147,0,0
2026-01-01 06:46:00,SYN-03,2.169,62.3,1.034,1.147,0,0
2026-01-01 06:47:00,SYN-04,2.923,75.36,1.159,1.148,0,0
2026-01-01 06:48:00,SYN-01,2.1,54.35,1.011,1.148,0,0
2026-01-01 06:49:00,SYN-02,2.407,81.56,1.182,1.149,0,0
2026-01-01 06:50:00,SYN-03,2.811,76.37,1.253,1.149,0,0
2026-01-01 06:51:00,SYN-04,2.168,65.72,0.82,1.149,0,0
2026-01-01 06:52:00,SYN-01,2.219,62.2,0.917,1.149,0,0
2026-01-01 06:53:00,SYN-02,1.957,61.76,0.976,1.15,0,0
2026-01-01 06:54:00,SYN-03,2.11,65.66,0.937,1.15,0,0
2026-01-01 06:55:00,SYN-04,2.541,75.13,0.979,1.15,0,0
2026-01-01 06:56:00,SYN-01,2.871,76.07,0.964,1.15,0,0
2026-01-01 06:57:00,SYN-02,1.922,85.52,1.005,1.15,0,0
2026-01-01 06:58:00,SYN-03,1.633,66.27,0.946,1.15,0,0
2026-01-01 06:59:00,SYN-04,1.666,77.75,0.957,1.15,0,0
2026-01-01 07:00:00,SYN-01,6.002,293.77,2.07,1.15,1,1
2026-01-01 07:01:00,SYN-02,2.26,71.7,0.938,1.149,0,0
2026-01-01 07:02:00,SYN-03,2.056,78.12,1.156,1.149,0,0
2026-01-01 07:03:00,SYN-04,2.098,79.38,1.079,1.149,0,0
2026-01-01 07:04:00,SYN-01,2.267,64.83,1.077,1.148,0,0
2026-01-01 07:05:00,SYN-02,1.686,71.91,0.834,1.148,0,0
2026-01-01 07:06:00,SYN-03,1.983,74.95,0.9,1.148,0,0
2026-01-01 07:07:00,SYN-04,1.703,72.83,1.081,1.147,0,0
2026-01-01 07:08:00,SYN-01,7.07,221.73,3.072,1.146,1,1
2026-01-01 07:09:00,SYN-02,2.589,72.49,0.984,1.146,0,0
2026-01-01 07:10:00,SYN-03,1.388,71.93,1.144,1.145,0,0
2026-01-01 07:11:00,SYN-04,2.188,75.63,1.163,1.144,0,0
2026-01-01 07:12:00,SYN-01,2.83,68.11,1.142,1.144,0,0
2026-01-01 07:13:00,SYN-02,2.445,85.58,0.781,1.143,0,0
2026-01-01 07:14:00,SYN-03,2.094,68.93,1.2,1.142,0,0
2026-01-01 07:15:00,SYN-04,2.524,83.69,1.277,1.141,0,0
2026-01-01 07:16:00,SYN-01,1.729,84.9,1.056,1.14,0,0
2026-01-01 07:17:00,SYN-02,2.225,78.64,0.999,1.139,0,0
2026-01-01 07:18:00,SYN-03,1.691,82.8,1.233,1.138,0,0
2026-01-01 07:19:00,SYN-04,2.086,88.49,0.868,1.137,0,0
2026-01-01 07:20:00,SYN-01,2.356,81.39,1.071,1.135,0,0
2026-01-01 07:21:00,SYN-02,1.847,69.35,1.112,1.134,0,0
2026-01-01 07:22:00,SYN-03,1.609,73.7,0.809,1.133,0,0
2026-01-01 07:23:00,SYN-04,2.412,79.16,1.051,1.132,0,0
2026-01-01 07:24:00,SYN-01,2.009,84.15,1.083,1.13,0,0
2026-01-01 07:25:00,SYN-02,2.368,63.06,0.982,1.129,0,0
2026-01-01 07:26:00,SYN-03,2.387,77.05,1.021,1.127,0,0
2026-01-01 07:27:00,SYN-04,1.953,74.25,0.899,1.126,0,0
2026-01-01 07:28:00,SYN-01,2.747,81.88,1.156,1.124,0,0
2026-01-01 07:29:00,SYN-02,2.072,86.39,1.181,1.123,0,0
2026-01-01 07:30:00,SYN-03,2.003,81.26,0.96,1.121,0,0
2026-01-01 07:31:00,SYN-04,1.813,55.97,1.194,1.119,0,0
2026-01-01 07:32:00,SYN-01,1.752,74.22,0.921,1.118,0,0
2026-01-01 07:33:00,SYN-02,1.782,68.83,1.073,1.116,0,0
2026-01-01 07:34:00,SYN-03,2.403,79.38,0.937,1.114,0,0
2026-01-01 07:35:00,SYN-04,2.419,72.0,1.072,1.112,0,0
2026-01-01 07:36:00,SYN-01,1.507,59.74,1.203,1.11,0,0
2026-01-01 07:37:00,SYN-02,2.849,78.51,1.282,1.108,0,0
2026-01-01 07:38:00,SYN-03,8.824,307.94,3.796,1.106,1,1
2026-01-01 07:39:00,SYN-04,2.292,83.07,1.137,1.104,0,0
2026-01-01 07:40:00,SYN-01,2.471,87.59,0.875,1.102,0,0
2026-01-01 07:41:00,SYN-02,2.868,91.19,0.941,1.1,0,0
2026-01-01 07:42:00,SYN-03,11.091,258.99,3.644,1.098,1,1
2026-01-01 07:43:00,SYN-04,1.997,77.45,1.181,1.096,0,0
2026-01-01 07:44:00,SYN-01,2.157,80.23,1.311,1.094,0,0
2026-01-01 07:45:00,SYN-02,1.861,73.04,1.338,1.091,0,0
2026-01-01 07:46:00,SYN-03,1.984,64.34,1.149,1.089,0,0
2026-01-01 07:47:00,SYN-04,1.846,71.56,1.293,1.087,0,0
2026-01-01 07:48:00,SYN-01,1.973,74.12,0.852,1.085,0,0
2026-01-01 07:49:00,SYN-02,2.176,81.74,1.186,1.082,0,0
2026-01-01 07:50:00,SYN-03,6.095,168.92,3.967,1.08,1,0
2026-01-01 07:51:00,SYN-04,2.704,74.05,1.072,1.077,0,0
2026-01-01 07:52:00,SYN-01,2.486,85.76,0.979,1.075,0,0
2026-01-01 07:53:00,SYN-02,2.775,68.59,1.032,1.073,0,0
2026-01-01 07:54:00,SYN-03,2.175,80.5,1.134,1.07,0,0
2026-01-01 07:55:00,SYN-04,2.746,65.27,1.067,1.067,0,0
2026-01-01 07:56:00,SYN-01,2.221,86.54,1.108,1.065,0,0
2026-01-01 07:57:00,SYN-02,2.305,79.79,1.124,1.062,0,0
2026-01-01 07:58:00,SYN-03,2.38,78.0,1.234,1.06,0,0
2026-01-01 07:59:00,SYN-04,2.899,81.55,1.011,1.057,0,0
2026-01-01 08:00:00,SYN-01,2.555,89.59,1.005,1.055,0,0
2026-01-01 08:01:00,SYN-02,2.755,82.27,1.206,1.052,0,0
2026-01-01 08:02:00,SYN-03,2.005,89.27,1.101,1.049,0,0
2026-01-01 08:03:00,SYN-04,2.763,86.74,1.107,1.047,0,0
2026-01-01 08:04:00,SYN-01,2.372,80.92,1.03,1.044,0,0
2026-01-01 08:05:00,SYN-02,2.229,83.81,1.243,1.041,0,0
2026-01-01 08:06:00,SYN-03,2.849,85.38,1.155,1.038,0,0
2026-01-01 08:07:00,SYN-04,2.401,84.25,1.193,1.036,0,0
2026-01-01 08:08:00,SYN-01,2.444,71.81,0.888,1.033,0,0
2026-01-01 08:09:00,SYN-02,1.986,84.65,1.143,1.03,0,0
2026-01-01 08:10:00,SYN-03,2.393,83.09,1.488,1.027,0,0
2026-01-01 08:11:00,SYN-04,2.719,79.08,0.937,1.025,0,0
2026-01-01 08:12:00,SYN-01,2.842,73.73,1.171,1.022,0,0
2026-01-01 08:13:00,SYN-02,2.332,77.04,1.179,1.019,0,0
2026-01-01 08:14:00,SYN-03,3.094,81.53,1.198,1.016,0,0
2026-01-01 08:15:00,SYN-04,2.599,96.74,1.141,1.013,0,0
2026-01-01 08:16:00,SYN-01,2.564,88.65,1.174,1.011,0,0
2026-01-01 08:17:00,SYN-02,2.159,77.08,1.175,1.008,0,0
2026-01-01 08:18:00,SYN-03,1.672,84.74,1.147,1.005,0,0
2026-01-01 08:19:00,SYN-04,2.611,98.49,1.311,1.002,0,0
2026-01-01 08:20:00,SYN-01,2.683,74.55,1.193,0.999,0,0
2026-01-01 08:21:00,SYN-02,1.312,81.93,1.14,0.996,0,0
2026-01-01 08:22:00,SYN-03,2.62,78.18,1.327,0.994,0,0
2026-01-01 08:23:00,SYN-04,1.948,82.01,1.171,0.991,0,0
2026-01-01 08:24:00,SYN-01,3.137,71.52,1.223,0.988,0,0
2026-01-01 08:25:00,SYN-02,2.038,77.78,1.16,0.985,0,0
2026-01-01 08:26:00,SYN-03,2.267,97.04,1.152,0.982,0,0
2026-01-01 08:27:00,SYN-04,2.227,69.8,1.116,0.98,0,0
2026-01-01 08:28:00,SYN-01,2.443,99.07,1.061,0.977,0,0
2026-01-01 08:29:00,SYN-02,2.242,86.44,1.206,0.974,0,0
2026-01-01 08:30:00,SYN-03,2.429,83.25,1.067,0.971,0,0
2026-01-01 08:31:00,SYN-04,2.515,91.32,1.294,0.968,0,0
2026-01-01 08:32:00,SYN-01,3.005,88.32,1.263,0.966,0,0
2026-01-01 08:33:00,SYN-02,2.72,89.93,1.377,0.963,0,0
2026-01-01 08:34:00,SYN-03,2.788,99.39,1.45,0.96,0,0
2026-01-01 08:35:00,SYN-04,2.323,72.33,1.411,0.957,0,0
2026-01-01 08:36:00,SYN-01,2.846,81.74,1.274,0.955,0,0
2026-01-01 08:37:00,SYN-02,2.654,77.45,1.232,0.952,0,0
2026-01-01 08:38:00,SYN-03,2.737,74.93,1.291,0.949,0,0
2026-01-01 08:39:00,SYN-04,2.738,87.81,1.383,0.947,0,0
2026-01-01 08:40:00,SYN-01,2.291,95.95,1.347,0.944,0,0
2026-01-01 08:41:00,SYN-02,3.092,80.29,1.32,0.941,0,0
2026-01-01 08:42:00,SYN-03,2.729,109.6,1.386,0.939,0,0
2026-01-01 08:43:00,SYN-04,2.609,99.23,1.188,0.936,0,0
2026-01-01 08:44:00,SYN-01,2.33,102.6,1.155,0.934,0,0
2026-01-01 08:45:00,SYN-02,2.653,95.18,1.417,0.931,0,0
2026-01-01 08:46:00,SYN-03,2.535,86.15,1.478,0.929,0,0
2026-01-01 08:47:00,SYN-04,3.201,104.71,1.256,0.926,0,0
2026-01-01 08:48:00,SYN-01,2.221,103.6,1.271,0.924,0,0
2026-01-01 08:49:00,SYN-02,2.471,103.42,1.217,0.921,0,0
2026-01-01 08:50:00,SYN-03,3.025,95.91,1.313,0.919,0,0
2026-01-01 08:51:00,SYN-04,2.858,103.0,1.213,0.917,0,0
2026-01-01 08:52:00,SYN-01,3.072,84.9,1.421,0.914,0,0
2026-01-01 08:53:00,SYN-02,2.318,92.2,1.233,0.912,0,0
2026-01-01 08:54:00,SYN-03,2.803,93.3,1.191,0.91,0,0
2026-01-01 08:55:00,SYN-04,2.846,89.61,1.378,0.907,0,0
2026-01-01 08:56:00,SYN-01,2.284,107.4,1.534,0.905,0,0
2026-01-01 08:57:00,SYN-02,8.015,294.24,3.879,0.903,1,1
2026-01-01 08:58:00,SYN-03,3.453,75.47,1.242,0.901,0,0
2026-01-01 08:59:00,SYN-04,2.7,89.17,1.349,0.899,0,0
2026-01-01 09:00:00,SYN-01,2.915,99.73,1.186,0.897,0,0
2026-01-01 09:01:00,SYN-02,2.93,101.41,1.527,0.895,0,0
2026-01-01 09:02:00,SYN-03,2.532,88.09,1.404,0.893,0,0
2026-01-01 09:03:00,SYN-04,2.999,78.11,1.315,0.891,0,0
2026-01-01 09:04:00,SYN-01,2.846,96.63,1.022,0.889,0,0
2026-01-01 09:05:00,SYN-02,2.403,104.82,1.415,0.887,0,0
2026-01-01 09:06:00,SYN-03,3.28,86.59,1.394,0.885,0,0
2026-01-01 09:07:00,SYN-04,2.565,96.26,1.21,0.883,0,0
2026-01-01 09:08:00,SYN-01,3.194,102.61,1.426,0.882,0,0
2026-01-01 09:09:00,SYN-02,11.706,251.47,2.936,0.88,1,1
2026-01-01 09:10:00,SYN-03,2.569,113.19,1.312,0.878,0,0
2026-01-01 09:11:00,SYN-04,3.192,96.65,1.488,0.877,0,0
2026-01-01 09:12:00,SYN-01,2.792,101.84,1.289,0.875,0,0
2026-01-01 09:13:00,SYN-02,3.113,96.65,1.272,0.873,0,0
2026-01-01 09:14:00,SYN-03,2.779,96.35,1.287,0.872,0,0
2026-01-01 09:15:00,SYN-04,3.108,89.43,1.345,0.87,0,0
2026-01-01 09:16:00,SYN-01,2.888,101.9,1.423,0.869,0,0
2026-01-01 09:17:00,SYN-02,3.088,95.53,1.473,0.868,0,0
2026-01-01 09:18:00,SYN-03,3.295,121.67,1.457,0.866,0,0
2026-01-01 09:19:00,SYN-04,2.707,93.91,1.281,0.865,0,0
2026-01-01 09:20:00,SYN-01,2.734,92.05,1.413,0.864,0,0
2026-01-01 09:21:00,SYN-02,10.414,186.31,3.793,0.863,1,0
2026-01-01 09:22:00,SYN-03,3.224,93.84,1.273,0.862,0,0
2026-01-01 09:23:00,SYN-04,3.043,106.18,1.343,0.861,0,0
2026-01-01 09:24:00,SYN-01,3.317,104.74,1.407,0.86,0,0
2026-01-01 09:25:00,SYN-02,3.546,98.28,1.194,0.859,0,0
2026-01-01 09:26:00,SYN-03,3.029,88.38,1.447,0.858,0,0
2026-01-01 09:27:00,SYN-04,3.508,109.75,1.448,0.857,0,0
2026-01-01 09:28:00,SYN-01,3.232,98.45,1.433,0.856,0,0
2026-01-01 09:29:00,SYN-02,2.589,93.28,1.338,0.855,0,0
2026-01-01 09:30:00,SYN-03,2.984,104.36,1.556,0.855,0,0
2026-01-01 09:31:00,SYN-04,2.533,110.97,1.473,0.854,0,0
2026-01-01 09:32:00,SYN-01,2.482,105.7,1.368,0.853,0,0
2026-01-01 09:33:00,SYN-02,3.381,86.75,1.296,0.853,0,0
2026-01-01 09:34:00,SYN-03,2.763,102.07,1.327,0.852,0,0
2026-01-01 09:35:00,SYN-04,2.466,91.51,1.543,0.852,0,0
2026-01-01 09:36:00,SYN-01,2.559,95.3,1.376,0.851,0,0
2026-01-01 09:37:00,SYN-02,10.734,329.43,3.493,0.851,1,1
2026-01-01 09:38:00,SYN-03,3.458,95.8,1.456,0.851,0,0
2026-01-01 09:39:00,SYN-04,3.052,112.16,1.315,0.85,0,0
2026-01-01 09:40:00,SYN-01,3.061,98.23,1.446,0.85,0,0
2026-01-01 09:41:00,SYN-02,2.39,107.17,1.455,0.85,0,0
2026-01-01 09:42:00,SYN-03,3.43,110.29,1.464,0.85,0,0
2026-01-01 09:43:00,SYN-04,9.721,289.82,4.108,0.85,1,1
2026-01-01 09:44:00,SYN-01,3.104,90.46,1.44,0.85,0,0
2026-01-01 09:45:00,SYN-02,3.254,97.69,1.472,0.85,0,0
2026-01-01 09:46:00,SYN-03,1.979,102.54,1.384,0.85,0,0
2026-01-01 09:47:00,SYN-04,2.897,109.73,1.431,0.85,0,0
2026-01-01 09:48:00,SYN-01,2.824,94.63,1.431,0.851,0,0
2026-01-01 09:49:00,SYN-02,2.379,108.27,1.362,0.851,0,0
2026-01-01 09:50:00,SYN-03,11.738,203.93,3.585,0.851,1,0
2026-01-01 09:51:00,SYN-04,3.476,99.33,1.48,0.852,0,0
2026-01-01 09:52:00,SYN-01,2.977,89.06,1.267,0.852,0,0
2026-01-01 09:53:00,SYN-02,3.183,97.48,1.371,0.853,0,0
2026-01-01 09:54:00,SYN-03,2.996,107.95,1.522,0.853,0,0
2026-01-01 09:55:00,SYN-04,2.648,109.85,1.313,0.854,0,0
2026-01-01 09:56:00,SYN-01,2.599,97.14,1.417,0.854,0,0
2026-01-01 09:57:00,SYN-02,3.18,100.57,1.327,0.855,0,0
2026-01-01 09:58:00,SYN-03,3.172,108.24,1.463,0.856,0,0
2026-01-01 09:59:00,SYN-04,3.08,83.18,1.482,0.857,0,0
2026-01-01 10:00:00,SYN-01,2.488,102.23,1.479,0.858,0,0
2026-01-01 10:01:00,SYN-02,2.599,94.1,1.398,0.859,0,0
2026-01-01 10:02:00,SYN-03,2.695,102.44,1.449,0.859,0,0
2026-01-01 10:03:00,SYN-04,3.263,96.4,1.413,0.861,0,0
2026-01-01 10:04:00,SYN-01,3.141,86.58,1.372,0.862,0,0
2026-01-01 10:05:00,SYN-02,3.064,90.28,1.262,0.863,0,0
2026-01-01 10:06:00,SYN-03,2.574,87.06,1.372,0.864,0,0
2026-01-01 10:07:00,SYN-04,2.489,96.74,1.18,0.865,0,0
2026-01-01 10:08:00,SYN-01,2.342,95.53,1.264,0.866,0,0
2026-01-01 10:09:00,SYN-02,3.519,101.9,1.529,0.868,0,0
2026-01-01 10:10:00,SYN-03,2.372,97.5,1.478,0.869,0,0
2026-01-01 10:11:00,SYN-04,2.339,115.15,1.343,0.87,0,0
2026-01-01 10:12:00,SYN-01,3.169,99.74,1.264,0.872,0,0
2026-01-01 10:13:00,SYN-02,2.325,82.91,1.267,0.873,0,0
2026-01-01 10:14:00,SYN-03,3.269,99.45,1.481,0.875,0,0
2026-01-01 10:15:00,SYN-04,2.797,98.55,1.269,0.876,0,0
2026-01-01 10:16:00,SYN-01,2.787,96.15,1.247,0.878,0,0
2026-01-01 10:17:00,SYN-02,3.281,88.86,1.257,0.88,0,0
2026-01-01 10:18:00,SYN-03,3.116,91.65,1.298,0.881,0,0
2026-01-01 10:19:00,SYN-04,2.426,101.6,1.16,0.883,0,0
2026-01-01 10:20:00,SYN-01,2.614,83.36,1.335,0.885,0,0
2026-01-01 10:21:00,SYN-02,2.968,104.38,1.346,0.887,0,0
2026-01-01 10:22:00,SYN-03,2.786,96.86,1.201,0.889,0,0
2026-01-01 10:23:00,SYN-04,2.975,92.37,1.371,0.891,0,0
2026-01-01 10:24:00,SYN-01,2.648,93.41,1.352,0.893,0,0
2026-01-01 10:25:00,SYN-02,3.3,93.88,1.3,0.895,0,0
2026-01-01 10:26:00,SYN-03,3.361,99.61,1.25,0.897,0,0
2026-01-01 10:27:00,SYN-04,2.868,95.34,1.316,0.899,0,0
2026-01-01 10:28:00,SYN-01,2.785,106.15,0.956,0.901,0,0
2026-01-01 10:29:00,SYN-02,2.24,105.67,1.275,0.903,0,0
2026-01-01 10:30:00,SYN-03,2.742,87.11,1.206,0.905,0,0
2026-01-01 10:31:00,SYN-04,2.635,65.44,1.316,0.907,0,0
2026-01-01 10:32:00,SYN-01,2.752,103.28,1.262,0.91,0,0
2026-01-01 10:33:00,SYN-02,2.406,98.33,1.228,0.912,0,0
2026-01-01 10:34:00,SYN-03,2.127,86.47,1.454,0.914,0,0
2026-01-01 10:35:00,SYN-04,2.012,102.29,1.363,0.916,0,0
2026-01-01 10:36:00,SYN-01,2.556,91.62,1.321,0.919,0,0
2026-01-01 10:37:00,SYN-02,2.357,81.24,1.077,0.921,0,0
2026-01-01 10:38:00,SYN-03,1.801,90.88,1.47,0.924,0,0
2026-01-01 10:39:00,SYN-04,2.763,92.32,1.284,0.926,0,0
2026-01-01 10:40:00,SYN-01,2.902,92.88,1.259,0.929,0,0
2026-01-01 10:41:00,SYN-02,2.844,87.0,1.342,0.931,0,0
2026-01-01 10:42:00,SYN-03,2.684,90.6,1.221,0.934,0,0
2026-01-01 10:43:00,SYN-04,2.694,87.59,1.301,0.936,0,0
2026-01-01 10:44:00,SYN-01,2.395,88.71,1.337,0.939,0,0
2026-01-01 10:45:00,SYN-02,2.116,93.58,1.067,0.941,0,0
2026-01-01 10:46:00,SYN-03,2.758,84.1,1.42,0.944,0,0
2026-01-01 10:47:00,SYN-04,1.97,91.85,1.148,0.947,0,0
2026-01-01 10:48:00,SYN-01,2.553,93.53,1.131,0.949,0,0
2026-01-01 10:49:00,SYN-02,7.705,198.97,3.814,0.952,1,0
2026-01-01 10:50:00,SYN-03,2.701,91.42,1.152,0.955,0,0
2026-01-01 10:51:00,SYN-04,2.558,91.19,1.315,0.957,0,0
2026-01-01 10:52:00,SYN-01,2.239,80.71,1.083,0.96,0,0
2026-01-01 10:53:00,SYN-02,2.617,89.89,1.252,0.963,0,0
2026-01-01 10:54:00,SYN-03,1.905,87.03,1.29,0.965,0,0
2026-01-01 10:55:00,SYN-04,2.831,95.68,1.253,0.968,0,0
2026-01-01 10:56:00,SYN-01,2.3,95.66,1.033,0.971,0,0
2026-01-01 10:57:00,SYN-02,2.728,81.69,0.947,0.974,0,0
2026-01-01 10:58:00,SYN-03,2.831,82.54,1.201,0.977,0,0
2026-01-01 10:59:00,SYN-04,2.605,102.95,1.133,0.979,0,0
2026-01-01 11:00:00,SYN-01,2.456,84.31,1.043,0.982,0,0
2026-01-01 11:01:00,SYN-02,2.922,96.07,1.14,0.985,0,0
2026-01-01 11:02:00,SYN-03,2.24,85.85,1.218,0.988,0,0
2026-01-01 11:03:00,SYN-04,2.296,84.41,1.119,0.991,0,0
2026-01-01 11:04:00,SYN-01,2.835,91.98,1.3,0.993,0,0
2026-01-01 11:05:00,SYN-02,2.173,81.97,1.236,0.996,0,0
2026-01-01 11:06:00,SYN-03,2.558,88.85,1.176,0.999,0,0
2026-01-01 11:07:00,SYN-04,2.835,81.67,1.228,1.002,0,0
2026-01-01 11:08:00,SYN-01,2.153,83.36,1.217,1.005,0,0
2026-01-01 11:09:00,SYN-02,2.678,90.65,1.126,1.008,0,0
2026-01-01 11:10:00,SYN-03,2.594,87.4,1.245,1.01,0,0
2026-01-01 11:11:00,SYN-04,2.141,84.79,1.294,1.013,0,0
2026-01-01 11:12:00,SYN-01,2.372,97.68,1.28,1.016,0,0
2026-01-01 11:13:00,SYN-02,2.87,85.12,1.297,1.019,0,0
2026-01-01 11:14:00,SYN-03,2.873,82.05,1.113,1.022,0,0
2026-01-01 11:15:00,SYN-04,2.884,80.35,1.07,1.024,0,0
2026-01-01 11:16:00,SYN-01,2.429,77.98,1.066,1.027,0,0
2026-01-01 11:17:00,SYN-02,3.12,84.84,1.093,1.03,0,0
2026-01-01 11:18:00,SYN-03,2.574,90.89,0.908,1.033,0,0
2026-01-01 11:19:00,SYN-04,2.384,85.67,1.356,1.035,0,0
2026-01-01 11:20:00,SYN-01,1.623,94.7,1.116,1.038,0,0
2026-01-01 11:21:00,SYN-02,2.418,87.62,0.905,1.041,0,0
2026-01-01 11:22:00,SYN-03,2.431,71.26,1.095,1.044,0,0
2026-01-01 11:23:00,SYN-04,2.379,63.62,1.207,1.046,0,0
2026-01-01 11:24:00,SYN-01,2.458,83.45,1.145,1.049,0,0
2026-01-01 11:25:00,SYN-02,2.856,87.33,1.23,1.052,0,0
2026-01-01 11:26:00,SYN-03,2.234,85.07,0.908,1.054,0,0
2026-01-01 11:27:00,SYN-04,2.357,80.78,1.042,1.057,0,0
2026-01-01 11:28:00,SYN-01,3.06,96.07,1.135,1.06,0,0
2026-01-01 11:29:00,SYN-02,2.652,90.04,1.128,1.062,0,0
2026-01-01 11:30:00,SYN-03,3.152,76.42,1.099,1.065,0,0
2026-01-01 11:31:00,SYN-04,2.125,83.2,1.017,1.067,0,0
2026-01-01 11:32:00,SYN-01,2.277,61.16,1.259,1.07,0,0
2026-01-01 11:33:00,SYN-02,2.218,89.4,1.12,1.072,0,0
2026-01-01 11:34:00,SYN-03,2.644,71.25,1.263,1.075,0,0
2026-01-01 11:35:00,SYN-04,2.334,70.69,1.06,1.077,0,0
2026-01-01 11:36:00,SYN-01,2.624,75.51,1.212,1.08,0,0
2026-01-01 11:37:00,SYN-02,2.475,77.68,0.91,1.082,0,0
2026-01-01 11:38:00,SYN-03,2.836,91.8,1.14,1.084,0,0
2026-01-01 11:39:00,SYN-04,2.25,75.53,0.965,1.087,0,0
2026-01-01 11:40:00,SYN-01,2.013,84.76,0.894,1.089,0,0
2026-01-01 11:41:00,SYN-02,1.818,75.69,1.046,1.091,0,0
2026-01-01 11:42:00,SYN-03,2.463,79.91,0.916,1.093,0,0
2026-01-01 11:43:00,SYN-04,2.352,65.5,1.07,1.096,0,0
2026-01-01 11:44:00,SYN-01,2.154,79.14,1.13,1.098,0,0
2026-01-01 11:45:00,SYN-02,11.236,239.28,2.623,1.1,1,1
2026-01-01 11:46:00,SYN-03,2.413,88.33,1.063,1.102,0,0
2026-01-01 11:47:00,SYN-04,2.057,71.12,0.869,1.104,0,0
2026-01-01 11:48:00,SYN-01,2.024,86.79,0.912,1.106,0,0
2026-01-01 11:49:00,SYN-02,2.415,79.85,1.16,1.108,0,0
2026-01-01 11:50:00,SYN-03,1.925,70.27,1.288,1.11,0,0
2026-01-01 11:51:00,SYN-04,1.506,72.83,1.049,1.112,0,0
2026-01-01 11:52:00,SYN-01,2.609,66.51,1.009,1.114,0,0
2026-01-01 11:53:00,SYN-02,2.423,68.59,0.992,1.116,0,0
2026-01-01 11:54:00,SYN-03,2.911,73.36,1.1,1.117,0,0
2026-01-01 11:55:00,SYN-04,1.988,83.21,1.163,1.119,0,0
2026-01-01 11:56:00,SYN-01,2.003,77.19,0.994,1.121,0,0
2026-01-01 11:57:00,SYN-02,1.938,82.26,1.26,1.122,0,0
2026-01-01 11:58:00,SYN-03,2.308,87.55,0.95,1.124,0,0
2026-01-01 11:59:00,SYN-04,2.227,75.36,1.056,1.126,0,0
2026-01-01 12:00:00,SYN-01,2.299,83.95,1.031,1.127,0,0
2026-01-01 12:01:00,SYN-02,2.788,67.09,0.793,1.129,0,0
2026-01-01 12:02:00,SYN-03,2.76,74.3,0.878,1.13,0,0
2026-01-01 12:03:00,SYN-04,2.127,63.05,1.16,1.131,0,0
2026-01-01 12:04:00,SYN-01,2.791,50.66,1.197,1.133,0,0
2026-01-01 12:05:00,SYN-02,1.976,77.53,1.161,1.134,0,0
2026-01-01 12:06:00,SYN-03,2.244,78.96,1.025,1.135,0,0
2026-01-01 12:07:00,SYN-04,1.706,70.49,0.982,1.137,0,0
2026-01-01 12:08:00,SYN-01,3.186,64.71,1.149,1.138,0,0
2026-01-01 12:09:00,SYN-02,1.59,62.59,0.995,1.139,0,0
2026-01-01 12:10:00,SYN-03,1.732,79.75,0.991,1.14,0,0
2026-01-01 12:11:00,SYN-04,2.586,76.0,1.039,1.141,0,0
2026-01-01 12:12:00,SYN-01,2.63,72.55,1.012,1.142,0,0
2026-01-01 12:13:00,SYN-02,1.724,65.84,0.975,1.143,0,0
2026-01-01 12:14:00,SYN-03,2.474,69.4,0.913,1.144,0,0
2026-01-01 12:15:00,SYN-04,2.108,71.65,1.192,1.144,0,0
2026-01-01 12:16:00,SYN-01,2.392,73.39,1.027,1.145,0,0
2026-01-01 12:17:00,SYN-02,1.722,75.41,0.999,1.146,0,0
2026-01-01 12:18:00,SYN-03,2.475,87.99,0.984,1.146,0,0
2026-01-01 12:19:00,SYN-04,2.31,69.11,1.201,1.147,0,0
2026-01-01 12:20:00,SYN-01,1.822,80.67,0.949,1.148,0,0
2026-01-01 12:21:00,SYN-02,2.439,74.13,1.109,1.148,0,0
2026-01-01 12:22:00,SYN-03,2.282,57.14,0.965,1.148,0,0
2026-01-01 12:23:00,SYN-04,2.061,68.68,1.082,1.149,0,0
2026-01-01 12:24:00,SYN-01,2.704,68.41,1.12,1.149,0,0
2026-01-01 12:25:00,SYN-02,2.067,81.5,1.21,1.149,0,0
2026-01-01 12:26:00,SYN-03,2.324,74.46,1.122,1.15,0,0
2026-01-01 12:27:00,SYN-04,2.448,51.69,1.333,1.15,0,0
2026-01-01 12:28:00,SYN-01,2.724,87.82,1.202,1.15,0,0
2026-01-01 12:29:00,SYN-02,2.358,95.89,1.102,1.15,0,0
2026-01-01 12:30:00,SYN-03,2.217,70.83,0.999,1.15,0,0
2026-01-01 12:31:00,SYN-04,2.441,83.51,0.848,1.15,0,0
2026-01-01 12:32:00,SYN-01,2.139,80.58,1.029,1.15,0,0
2026-01-01 12:33:00,SYN-02,1.977,70.39,0.828,1.15,0,0
2026-01-01 12:34:00,SYN-03,2.325,81.38,0.985,1.149,0,0
2026-01-01 12:35:00,SYN-04,2.965,71.77,1.157,1.149,0,0
2026-01-01 12:36:00,SYN-01,1.915,67.5,1.006,1.149,0,0
2026-01-01 12:37:00,SYN-02,2.058,76.82,1.15,1.149,0,0
2026-01-01 12:38:00,SYN-03,1.489,54.37,0.972,1.148,0,0
2026-01-01 12:39:00,SYN-04,2.466,77.07,1.168,1.148,0,0
2026-01-01 12:40:00,SYN-01,1.976,76.29,0.929,1.147,0,0
2026-01-01 12:41:00,SYN-02,2.597,75.18,0.907,1.147,0,0
2026-01-01 12:42:00,SYN-03,2.372,91.02,1.086,1.146,0,0
2026-01-01 12:43:00,SYN-04,1.959,82.95,1.08,1.145,0,0
2026-01-01 12:44:00,SYN-01,2.303,75.57,1.304,1.145,0,0
2026-01-01 12:45:00,SYN-02,2.248,68.5,1.155,1.144,0,0
2026-01-01 12:46:00,SYN-03,1.671,69.84,0.97,1.143,0,0
2026-01-01 12:47:00,SYN-04,1.901,69.23,0.876,1.142,0,0
2026-01-01 12:48:00,SYN-01,2.278,89.33,1.118,1.141,0,0
2026-01-01 12:49:00,SYN-02,2.257,69.53,1.113,1.14,0,0
2026-01-01 12:50:00,SYN-03,1.501,78.51,1.014,1.139,0,0
2026-01-01 12:51:00,SYN-04,6.593,301.0,3.278,1.138,1,1
2026-01-01 12:52:00,SYN-01,2.051,73.84,1.266,1.137,0,0
2026-01-01 12:53:00,SYN-02,2.186,73.99,1.28,1.136,0,0
2026-01-01 12:54:00,SYN-03,1.901,68.42,0.933,1.134,0,0
2026-01-01 12:55:00,SYN-04,2.363,70.65,1.213,1.133,0,0
2026-01-01 12:56:00,SYN-01,2.224,47.38,0.955,1.132,0,0
2026-01-01 12:57:00,SYN-02,1.953,73.98,0.997,1.13,0,0
2026-01-01 12:58:00,SYN-03,1.748,82.13,1.179,1.129,0,0
2026-01-01 12:59:00,SYN-04,2.727,68.81,1.117,1.128,0,0
2026-01-01 13:00:00,SYN-01,2.437,83.77,1.009,1.126,0,0
2026-01-01 13:01:00,SYN-02,2.69,77.85,0.986,1.124,0,0
2026-01-01 13:02:00,SYN-03,2.224,84.7,1.007,1.123,0,0
2026-01-01 13:03:00,SYN-04,2.813,79.89,0.992,1.121,0,0
2026-01-01 13:04:00,SYN-01,2.372,92.02,1.13,1.12,0,0
2026-01-01 13:05:00,SYN-02,2.245,82.41,0.982,1.118,0,0
2026-01-01 13:06:00,SYN-03,1.976,81.64,1.164,1.116,0,0
2026-01-01 13:07:00,SYN-04,2.641,76.03,1.179,1.114,0,0
2026-01-01 13:08:00,SYN-01,2.199,82.37,1.087,1.112,0,0
2026-01-01 13:09:00,SYN-02,2.263,77.26,0.997,1.111,0,0
2026-01-01 13:10:00,SYN-03,2.395,84.47,0.999,1.109,0,0
2026-01-01 13:11:00,SYN-04,2.382,83.57,0.946,1.107,0,0
2026-01-01 13:12:00,SYN-01,2.288,98.72,0.961,1.105,0,0
2026-01-01 13:13:00,SYN-02,1.827,68.61,0.951,1.103,0,0
2026-01-01 13:14:00,SYN-03,2.008,72.07,1.008,1.1,0,0
2026-01-01 13:15:00,SYN-04,2.375,87.9,1.363,1.098,0,0
2026-01-01 13:16:00,SYN-01,2.569,57.72,1.071,1.096,0,0
2026-01-01 13:17:00,SYN-02,1.799,77.26,1.149,1.094,0,0
2026-01-01 13:18:00,SYN-03,2.197,82.41,1.185,1.092,0,0
2026-01-01 13:19:00,SYN-04,2.493,66.78,1.362,1.09,0,0
2026-01-01 13:20:00,SYN-01,2.92,91.81,0.961,1.087,0,0
2026-01-01 13:21:00,SYN-02,2.463,78.22,0.95,1.085,0,0
2026-01-01 13:22:00,SYN-03,2.842,77.79,1.247,1.083,0,0
2026-01-01 13:23:00,SYN-04,2.798,87.14,1.091,1.08,0,0
2026-01-01 13:24:00,SYN-01,2.727,81.85,1.082,1.078,0,0
2026-01-01 13:25:00,SYN-02,2.022,82.44,1.122,1.075,0,0
2026-01-01 13:26:00,SYN-03,2.253,88.79,1.138,1.073,0,0
2026-01-01 13:27:00,SYN-04,2.763,73.41,1.038,1.07,0,0
2026-01-01 13:28:00,SYN-01,2.105,82.1,1.104,1.068,0,0
2026-01-01 13:29:00,SYN-02,5.523,275.79,2.317,1.065,1,1
2026-01-01 13:30:00,SYN-03,2.356,81.0,1.189,1.063,0,0
2026-01-01 13:31:00,SYN-04,1.974,82.16,1.094,1.06,0,0
2026-01-01 13:32:00,SYN-01,2.808,89.63,1.365,1.058,0,0
2026-01-01 13:33:00,SYN-02,2.508,77.92,0.965,1.055,0,0
2026-01-01 13:34:00,SYN-03,1.824,77.94,1.295,1.052,0,0
2026-01-01 13:35:00,SYN-04,2.346,81.15,1.2,1.05,0,0
2026-01-01 13:36:00,SYN-01,2.581,80.34,1.018,1.047,0,0
2026-01-01 13:37:00,SYN-02,2.308,76.44,1.07,1.044,0,0
2026-01-01 13:38:00,SYN-03,2.121,76.1,1.231,1.042,0,0
2026-01-01 13:39:00,SYN-04,1.971,89.06,1.153,1.039,0,0
2026-01-01 13:40:00,SYN-01,2.004,76.09,1.011,1.036,0,0
2026-01-01 13:41:00,SYN-02,2.57,85.57,1.15,1.033,0,0
2026-01-01 13:42:00,SYN-03,2.43,82.0,1.254,1.031,0,0
2026-01-01 13:43:00,SYN-04,2.228,84.54,1.067,1.028,0,0
2026-01-01 13:44:00,SYN-01,1.559,85.89,1.293,1.025,0,0
2026-01-01 13:45:00,SYN-02,2.058,92.44,1.206,1.022,0,0
2026-01-01 13:46:00,SYN-03,2.78,90.16,1.193,1.02,0,0
2026-01-01 13:47:00,SYN-04,2.541,84.33,1.102,1.017,0,0
2026-01-01 13:48:00,SYN-01,2.802,84.36,1.178,1.014,0,0
2026-01-01 13:49:00,SYN-02,2.968,77.96,0.969,1.011,0,0
2026-01-01 13:50:00,SYN-03,2.933,84.54,1.212,1.008,0,0
2026-01-01 13:51:00,SYN-04,1.924,81.38,1.148,1.005,0,0
2026-01-01 13:52:00,SYN-01,2.044,85.79,1.383,1.003,0,0
2026-01-01 13:53:00,SYN-02,1.999,83.14,1.286,1.0,0,0
2026-01-01 13:54:00,SYN-03,2.664,85.34,1.131,0.997,0,0
2026-01-01 13:55:00,SYN-04,2.454,81.94,1.062,0.994,0,0
2026-01-01 13:56:00,SYN-01,2.439,85.96,1.363,0.991,0,0
2026-01-01 13:57:00,SYN-02,2.427,94.26,1.179,0.988,0,0
2026-01-01 13:58:00,SYN-03,2.865,103.7,1.275,0.986,0,0
2026-01-01 13:59:00,SYN-04,9.232,272.3,3.937,0.983,1,1
2026-01-01 14:00:00,SYN-01,2.706,89.96,1.053,0.98,0,0
2026-01-01 14:01:00,SYN-02,2.616,78.22,1.081,0.977,0,0
2026-01-01 14:02:00,SYN-03,1.68,90.75,1.225,0.974,0,0
2026-01-01 14:03:00,SYN-04,2.528,81.73,1.232,0.972,0,0
2026-01-01 14:04:00,SYN-01,3.006,72.03,1.369,0.969,0,0
2026-01-01 14:05:00,SYN-02,3.132,99.78,1.204,0.966,0,0
2026-01-01 14:06:00,SYN-03,2.4,96.75,1.096,0.963,0,0
2026-01-01 14:07:00,SYN-04,2.775,83.68,1.373,0.961,0,0
2026-01-01 14:08:00,SYN-01,2.055,88.25,1.27,0.958,0,0
2026-01-01 14:09:00,SYN-02,2.116,78.07,1.345,0.955,0,0
2026-01-01 14:10:00,SYN-03,1.974,88.48,1.106,0.953,0,0
2026-01-01 14:11:00,SYN-04,2.346,105.57,1.279,0.95,0,0
2026-01-01 14:12:00,SYN-01,1.989,77.84,1.588,0.947,0,0
2026-01-01 14:13:00,SYN-02,3.114,102.3,1.331,0.945,0,0
2026-01-01 14:14:00,SYN-03,2.661,90.86,1.25,0.942,0,0
2026-01-01 14:15:00,SYN-04,2.823,96.36,1.27,0.939,0,0
2026-01-01 14:16:00,SYN-01,2.782,90.72,1.35,0.937,0,0
2026-01-01 14:17:00,SYN-02,2.966,86.41,1.368,0.934,0,0
2026-01-01 14:18:00,SYN-03,2.993,75.57,1.19,0.932,0,0
2026-01-01 14:19:00,SYN-04,2.961,102.34,1.523,0.929,0,0
2026-01-01 14:20:00,SYN-01,2.522,78.9,1.433,0.927,0,0
2026-01-01 14:21:00,SYN-02,2.561,93.67,1.22,0.924,0,0
2026-01-01 14:22:00,SYN-03,2.748,88.61,1.339,0.922,0,0
2026-01-01 14:23:00,SYN-04,2.553,75.14,1.179,0.919,0,0
2026-01-01 14:24:00,SYN-01,2.959,97.51,1.321,0.917,0,0
2026-01-01 14:25:00,SYN-02,2.563,100.02,1.552,0.915,0,0
2026-01-01 14:26:00,SYN-03,2.847,78.39,1.142,0.912,0,0
2026-01-01 14:27:00,SYN-04,2.373,105.86,1.508,0.91,0,0
2026-01-01 14:28:00,SYN-01,2.705,86.41,1.375,0.908,0,0
2026-01-01 14:29:00,SYN-02,2.64,89.46,1.296,0.906,0,0
2026-01-01 14:30:00,SYN-03,2.843,87.33,1.551,0.903,0,0
2026-01-01 14:31:00,SYN-04,3.081,90.0,1.283,0.901,0,0
2026-01-01 14:32:00,SYN-01,2.678,96.68,1.23,0.899,0,0
2026-01-01 14:33:00,SYN-02,3.142,85.92,1.268,0.897,0,0
2026-01-01 14:34:00,SYN-03,3.05,90.75,1.601,0.895,0,0
2026-01-01 14:35:00,SYN-04,2.579,99.05,1.226,0.893,0,0
2026-01-01 14:36:00,SYN-01,3.362,105.41,1.375,0.891,0,0
2026-01-01 14:37:00,SYN-02,2.463,94.21,1.268,0.889,0,0
2026-01-01 14:38:00,SYN-03,3.009,107.38,1.527,0.887,0,0
2026-01-01 14:39:00,SYN-04,2.758,102.94,1.312,0.885,0,0
2026-01-01 14:40:00,SYN-01,2.795,92.47,1.335,0.884,0,0
2026-01-01 14:41:00,SYN-02,2.566,79.6,1.178,0.882,0,0
2026-01-01 14:42:00,SYN-03,2.677,100.96,1.386,0.88,0,0
2026-01-01 14:43:00,SYN-04,2.918,84.18,1.368,0.878,0,0
2026-01-01 14:44:00,SYN-01,3.123,70.22,1.283,0.877,0,0
2026-01-01 14:45:00,SYN-02,2.848,99.92,1.204,0.875,0,0
2026-01-01 14:46:00,SYN-03,2.261,91.77,1.451,0.874,0,0
2026-01-01 14:47:00,SYN-04,7.87,258.63,3.655,0.872,1,1
2026-01-01 14:48:00,SYN-01,2.617,98.81,1.557,0.871,0,0
2026-01-01 14:49:00,SYN-02,2.6,107.36,1.332,0.869,0,0
2026-01-01 14:50:00,SYN-03,3.024,107.87,1.301,0.868,0,0
2026-01-01 14:51:00,SYN-04,2.871,99.55,1.468,0.867,0,0
2026-01-01 14:52:00,SYN-01,2.958,87.78,1.588,0.865,0,0
2026-01-01 14:53:00,SYN-02,3.033,81.59,1.097,0.864,0,0
2026-01-01 14:54:00,SYN-03,3.125,109.31,1.424,0.863,0,0
2026-01-01 14:55:00,SYN-04,2.603,97.47,1.55,0.862,0,0
2026-01-01 14:56:00,SYN-01,3.131,103.37,1.234,0.861,0,0
2026-01-01 14:57:00,SYN-02,2.805,89.9,1.192,0.86,0,0
2026-01-01 14:58:00,SYN-03,3.079,108.67,1.393,0.859,0,0
2026-01-01 14:59:00,SYN-04,2.183,112.58,1.228,0.858,0,0
2026-01-01 15:00:00,SYN-01,2.829,86.97,1.635,0.857,0,0
2026-01-01 15:01:00,SYN-02,2.934,97.87,1.33,0.856,0,0
2026-01-01 15:02:00,SYN-03,6.995,288.39,3.684,0.855,1,1
2026-01-01 15:03:00,SYN-04,2.715,85.47,1.421,0.855,0,0
2026-01-01 15:04:00,SYN-01,2.802,109.62,1.323,0.854,0,0
2026-01-01 15:05:00,SYN-02,2.683,100.32,1.426,0.853,0,0
2026-01-01 15:06:00,SYN-03,2.853,108.82,1.284,0.853,0,0
2026-01-01 15:07:00,SYN-04,3.38,94.65,1.535,0.852,0,0
2026-01-01 15:08:00,SYN-01,2.751,100.31,1.52,0.852,0,0
2026-01-01 15:09:00,SYN-02,2.397,107.31,1.476,0.851,0,0
2026-01-01 15:10:00,SYN-03,2.926,111.29,1.501,0.851,0,0
2026-01-01 15:11:00,SYN-04,2.125,112.26,1.573,0.851,0,0
2026-01-01 15:12:00,SYN-01,3.051,91.96,1.405,0.85,0,0
2026-01-01 15:13:00,SYN-02,2.721,91.93,1.404,0.85,0,0
2026-01-01 15:14:00,SYN-03,3.572,95.52,1.443,0.85,0,0
2026-01-01 15:15:00,SYN-04,2.819,104.49,1.575,0.85,0,0
2026-01-01 15:16:00,SYN-01,2.48,115.5,1.46,0.85,0,0
2026-01-01 15:17:00,SYN-02,2.519,104.82,1.464,0.85,0,0
2026-01-01 15:18:00,SYN-03,2.999,95.1,1.212,0.85,0,0
2026-01-01 15:19:00,SYN-04,3.301,103.1,1.209,0.85,0,0
2026-01-01 15:20:00,SYN-01,2.813,85.9,1.484,0.85,0,0
2026-01-01 15:21:00,SYN-02,2.674,110.71,1.286,0.851,0,0
2026-01-01 15:22:00,SYN-03,2.845,112.53,1.532,0.851,0,0
2026-01-01 15:23:00,SYN-04,2.928,100.79,1.401,0.851,0,0
2026-01-01 15:24:00,SYN-01,3.198,95.75,1.318,0.852,0,0
2026-01-01 15:25:00,SYN-02,2.891,90.69,1.463,0.852,0,0
2026-01-01 15:26:00,SYN-03,2.811,86.21,1.203,0.853,0,0
2026-01-01 15:27:00,SYN-04,2.846,100.39,1.375,0.853,0,0
2026-01-01 15:28:00,SYN-01,3.134,97.11,1.385,0.854,0,0
2026-01-01 15:29:00,SYN-02,3.038,110.55,1.428,0.854,0,0
2026-01-01 15:30:00,SYN-03,3.554,102.08,1.519,0.855,0,0
2026-01-01 15:31:00,SYN-04,2.716,89.86,1.291,0.856,0,0
2026-01-01 15:32:00,SYN-01,3.017,100.79,1.283,0.857,0,0
2026-01-01 15:33:00,SYN-02,11.035,184.64,2.881,0.857,1,0
2026-01-01 15:34:00,SYN-03,2.504,101.46,1.442,0.858,0,0
2026-01-01 15:35:00,SYN-04,3.435,84.13,1.365,0.859,0,0
2026-01-01 15:36:00,SYN-01,2.653,93.32,1.487,0.86,0,0
2026-01-01 15:37:00,SYN-02,2.866,108.18,1.232,0.861,0,0
2026-01-01 15:38:00,SYN-03,2.823,104.45,1.394,0.862,0,0
2026-01-01 15:39:00,SYN-04,2.628,93.93,1.344,0.864,0,0
2026-01-01 15:40:00,SYN-01,3.001,84.59,1.401,0.865,0,0
2026-01-01 15:41:00,SYN-02,2.832,101.11,1.428,0.866,0,0
2026-01-01 15:42:00,SYN-03,3.52,96.33,1.672,0.867,0,0
2026-01-01 15:43:00,SYN-04,2.912,104.27,1.49,0.869,0,0
2026-01-01 15:44:00,SYN-01,3.152,80.15,1.351,0.87,0,0
2026-01-01 15:45:00,SYN-02,3.49,84.06,1.384,0.872,0,0
2026-01-01 15:46:00,SYN-03,2.989,91.78,1.198,0.873,0,0
2026-01-01 15:47:00,SYN-04,2.779,95.57,1.454,0.875,0,0
2026-01-01 15:48:00,SYN-01,3.094,110.63,1.339,0.876,0,0
2026-01-01 15:49:00,SYN-02,3.285,103.9,1.473,0.878,0,0
2026-01-01 15:50:00,SYN-03,2.855,92.85,1.459,0.879,0,0
2026-01-01 15:51:00,SYN-04,2.822,95.67,1.355,0.881,0,0
2026-01-01 15:52:00,SYN-01,3.083,97.46,1.239,0.883,0,0
2026-01-01 15:53:00,SYN-02,2.224,84.44,1.329,0.885,0,0
2026-01-01 15:54:00,SYN-03,2.977,100.63,1.365,0.887,0,0
2026-01-01 15:55:00,SYN-04,2.846,84.96,1.227,0.888,0,0
2026-01-01 15:56:00,SYN-01,2.945,94.76,1.408,0.89,0,0
2026-01-01 15:57:00,SYN-02,2.574,91.51,1.447,0.892,0,0
2026-01-01 15:58:00,SYN-03,2.185,106.43,1.139,0.894,0,0
2026-01-01 15:59:00,SYN-04,2.645,87.84,1.337,0.896,0,0
2026-01-01 16:00:00,SYN-01,2.443,94.67,1.395,0.898,0,0
2026-01-01 16:01:00,SYN-02,3.076,104.22,1.153,0.9,0,0
2026-01-01 16:02:00,SYN-03,2.169,105.44,1.558,0.903,0,0
2026-01-01 16:03:00,SYN-04,3.225,78.28,1.548,0.905,0,0
2026-01-01 16:04:00,SYN-01,3.1,91.52,1.199,0.907,0,0
2026-01-01 16:05:00,SYN-02,10.612,188.44,3.337,0.909,1,0
2026-01-01 16:06:00,SYN-03,3.021,91.71,1.216,0.911,0,0
2026-01-01 16:07:00,SYN-04,2.605,91.04,1.195,0.914,0,0
2026-01-01 16:08:00,SYN-01,3.015,90.77,1.227,0.916,0,0
2026-01-01 16:09:00,SYN-02,2.828,106.47,1.334,0.918,0,0
2026-01-01 16:10:00,SYN-03,2.989,88.75,1.37,0.921,0,0
2026-01-01 16:11:00,SYN-04,2.561,98.78,1.089,0.923,0,0
2026-01-01 16:12:00,SYN-01,2.417,97.96,1.157,0.926,0,0
2026-01-01 16:13:00,SYN-02,2.108,93.17,1.034,0.928,0,0
2026-01-01 16:14:00,SYN-03,2.76,82.25,1.276,0.931,0,0
2026-01-01 16:15:00,SYN-04,2.504,84.59,1.146,0.933,0,0
2026-01-01 16:16:00,SYN-01,2.891,96.99,1.217,0.936,0,0
2026-01-01 16:17:00,SYN-02,2.862,94.58,1.044,0.938,0,0
2026-01-01 16:18:00,SYN-03,2.579,90.53,1.091,0.941,0,0
2026-01-01 16:19:00,SYN-04,3.242,94.42,1.192,0.943,0,0
2026-01-01 16:20:00,SYN-01,2.705,87.89,1.33,0.946,0,0
2026-01-01 16:21:00,SYN-02,2.566,84.57,1.285,0.949,0,0
2026-01-01 16:22:00,SYN-03,2.827,94.15,1.298,0.951,0,0
2026-01-01 16:23:00,SYN-04,2.498,78.4,1.253,0.954,0,0
2026-01-01 16:24:00,SYN-01,3.064,88.71,1.082,0.957,0,0
2026-01-01 16:25:00,SYN-02,2.814,89.22,1.176,0.959,0,0
2026-01-01 16:26:00,SYN-03,3.187,87.7,1.098,0.962,0,0
2026-01-01 16:27:00,SYN-04,2.394,93.7,1.317,0.965,0,0
2026-01-01 16:28:00,SYN-01,2.764,101.28,1.188,0.968,0,0
2026-01-01 16:29:00,SYN-02,2.43,86.98,1.061,0.97,0,0
2026-01-01 16:30:00,SYN-03,1.839,78.94,1.246,0.973,0,0
2026-01-01 16:31:00,SYN-04,2.605,95.84,1.441,0.976,0,0
2026-01-01 16:32:00,SYN-01,2.844,90.6,1.195,0.979,0,0
2026-01-01 16:33:00,SYN-02,2.378,71.79,1.043,0.982,0,0
2026-01-01 16:34:00,SYN-03,2.712,73.58,1.014,0.984,0,0
2026-01-01 16:35:00,SYN-04,2.706,94.59,1.567,0.987,0,0
2026-01-01 16:36:00,SYN-01,2.732,81.89,1.111,0.99,0,0
2026-01-01 16:37:00,SYN-02,2.738,82.56,1.211,0.993,0,0
2026-01-01 16:38:00,SYN-03,1.693,99.37,1.352,0.996,0,0
2026-01-01 16:39:00,SYN-04,3.012,90.22,1.297,0.999,0,0
2026-01-01 16:40:00,SYN-01,2.556,82.6,1.122,1.001,0,0
2026-01-01 16:41:00,SYN-02,2.288,91.48,1.26,1.004,0,0
2026-01-01 16:42:00,SYN-03,2.234,86.97,1.154,1.007,0,0
2026-01-01 16:43:00,SYN-04,3.182,84.28,1.299,1.01,0,0
2026-01-01 16:44:00,SYN-01,2.65,84.06,1.15,1.013,0,0
2026-01-01 16:45:00,SYN-02,1.669,85.33,1.182,1.016,0,0
2026-01-01 16:46:00,SYN-03,2.897,101.09,1.203,1.018,0,0
2026-01-01 16:47:00,SYN-04,2.544,81.05,1.242,1.021,0,0
2026-01-01 16:48:00,SYN-01,2.244,77.03,1.182,1.024,0,0
2026-01-01 16:49:00,SYN-02,2.67,100.58,1.237,1.027,0,0
2026-01-01 16:50:00,SYN-03,2.167,87.49,1.237,1.03,0,0
2026-01-01 16:51:00,SYN-04,9.129,186.15,2.374,1.032,1,0
2026-01-01 16:52:00,SYN-01,2.427,86.82,1.222,1.035,0,0
2026-01-01 16:53:00,SYN-02,7.898,183.91,2.911,1.038,1,0
2026-01-01 16:54:00,SYN-03,2.231,77.02,1.189,1.041,0,0
2026-01-01 16:55:00,SYN-04,2.636,78.63,1.186,1.043,0,0
2026-01-01 16:56:00,SYN-01,2.007,83.06,1.037,1.046,0,0
2026-01-01 16:57:00,SYN-02,2.245,77.91,0.887,1.049,0,0
2026-01-01 16:58:00,SYN-03,2.89,92.6,1.091,1.051,0,0
2026-01-01 16:59:00,SYN-04,2.658,77.76,1.104,1.054,0,0
2026-01-01 17:00:00,SYN-01,1.979,75.84,0.883,1.057,0,0
2026-01-01 17:01:00,SYN-02,2.38,83.55,0.999,1.059,0,0
2026-01-01 17:02:00,SYN-03,2.272,84.25,1.167,1.062,0,0
2026-01-01 17:03:00,SYN-04,2.377,77.04,1.04,1.064,0,0
2026-01-01 17:04:00,SYN-01,2.442,76.55,0.904,1.067,0,0
2026-01-01 17:05:00,SYN-02,2.363,68.33,1.138,1.069,0,0
2026-01-01 17:06:00,SYN-03,2.053,84.92,1.136,1.072,0,0
2026-01-01 17:07:00,SYN-04,2.625,84.42,1.229,1.074,0,0
2026-01-01 17:08:00,SYN-01,2.267,78.45,1.107,1.077,0,0
2026-01-01 17:09:00,SYN-02,2.66,86.89,1.163,1.079,0,0
2026-01-01 17:10:00,SYN-03,1.682,84.45,0.996,1.082,0,0
2026-01-01 17:11:00,SYN-04,1.959,69.92,1.203,1.084,0,0
2026-01-01 17:12:00,SYN-01,1.904,78.17,0.999,1.086,0,0
2026-01-01 17:13:00,SYN-02,2.314,88.84,0.941,1.089,0,0
2026-01-01 17:14:00,SYN-03,2.541,74.72,0.975,1.091,0,0
2026-01-01 17:15:00,SYN-04,2.444,72.34,1.189,1.093,0,0
2026-01-01 17:16:00,SYN-01,2.277,69.57,1.295,1.095,0,0
2026-01-01 17:17:00,SYN-02,12.189,286.24,3.104,1.097,1,1
2026-01-01 17:18:00,SYN-03,2.65,77.5,0.876,1.1,0,0
2026-01-01 17:19:00,SYN-04,2.441,72.26,1.222,1.102,0,0
2026-01-01 17:20:00,SYN-01,2.362,82.85,0.91,1.104,0,0
2026-01-01 17:21:00,SYN-02,2.469,69.0,1.163,1.106,0,0
2026-01-01 17:22:00,SYN-03,1.551,71.41,1.317,1.108,0,0
2026-01-01 17:23:00,SYN-04,1.975,70.76,0.958,1.11,0,0
2026-01-01 17:24:00,SYN-01,2.087,75.79,1.136,1.112,0,0
2026-01-01 17:25:00,SYN-02,2.271,81.79,1.097,1.113,0,0
2026-01-01 17:26:00,SYN-03,2.534,87.27,1.293,1.115,0,0
2026-01-01 17:27:00,SYN-04,2.251,74.44,0.875,1.117,0,0
2026-01-01 17:28:00,SYN-01,2.273,68.23,1.132,1.119,0,0
2026-01-01 17:29:00,SYN-02,2.179,73.78,1.014,1.121,0,0
2026-01-01 17:30:00,SYN-03,1.726,93.08,0.904,1.122,0,0
2026-01-01 17:31:00,SYN-04,2.649,80.21,1.115,1.124,0,0
2026-01-01 17:32:00,SYN-01,2.463,75.18,0.906,1.125,0,0
2026-01-01 17:33:00,SYN-02,2.353,70.52,1.334,1.127,0,0
2026-01-01 17:34:00,SYN-03,2.313,86.49,1.001,1.128,0,0
2026-01-01 17:35:00,SYN-04,2.275,83.77,0.954,1.13,0,0
2026-01-01 17:36:00,SYN-01,2.228,79.62,1.134,1.131,0,0
2026-01-01 17:37:00,SYN-02,2.138,82.29,1.163,1.133,0,0
2026-01-01 17:38:00,SYN-03,2.048,87.65,0.803,1.134,0,0
2026-01-01 17:39:00,SYN-04,2.943,76.78,1.321,1.135,0,0
2026-01-01 17:40:00,SYN-01,2.195,67.93,1.034,1.136,0,0
2026-01-01 17:41:00,SYN-02,2.014,65.1,1.26,1.138,0,0
2026-01-01 17:42:00,SYN-03,1.83,68.69,0.92,1.139,0,0
2026-01-01 17:43:00,SYN-04,2.105,81.76,0.92,1.14,0,0
2026-01-01 17:44:00,SYN-01,2.106,66.15,0.935,1.141,0,0
2026-01-01 17:45:00,SYN-02,1.925,76.38,1.042,1.142,0,0
2026-01-01 17:46:00,SYN-03,2.289,67.77,1.177,1.143,0,0
2026-01-01 17:47:00,SYN-04,2.281,68.51,1.22,1.143,0,0
2026-01-01 17:48:00,SYN-01,1.79,70.86,1.163,1.144,0,0
2026-01-01 17:49:00,SYN-02,2.267,70.75,1.053,1.145,0,0
2026-01-01 17:50:00,SYN-03,1.894,72.88,0.858,1.146,0,0
2026-01-01 17:51:00,SYN-04,1.853,78.41,1.099,1.146,0,0
2026-01-01 17:52:00,SYN-01,2.045,77.79,0.984,1.147,0,0
2026-01-01 17:53:00,SYN-02,1.86,82.62,1.209,1.147,0,0
2026-01-01 17:54:00,SYN-03,2.314,72.57,0.976,1.148,0,0
2026-01-01 17:55:00,SYN-04,2.7,74.49,0.86,1.148,0,0
2026-01-01 17:56:00,SYN-01,2.502,69.44,0.964,1.149,0,0
2026-01-01 17:57:00,SYN-02,2.025,66.34,0.98,1.149,0,0
2026-01-01 17:58:00,SYN-03,2.494,79.7,1.153,1.149,0,0
2026-01-01 17:59:00,SYN-04,2.269,75.14,1.153,1.15,0,0
2026-01-01 18:00:00,SYN-01,2.473,83.18,1.075,1.15,0,0
2026-01-01 18:01:00,SYN-02,2.203,72.06,1.057,1.15,0,0
2026-01-01 18:02:00,SYN-03,2.302,85.7,1.148,1.15,0,0
2026-01-01 18:03:00,SYN-04,2.513,73.72,1.034,1.15,0,0
2026-01-01 18:04:00,SYN-01,1.819,76.07,0.95,1.15,0,0
2026-01-01 18:05:00,SYN-02,2.152,85.5,0.947,1.15,0,0
2026-01-01 18:06:00,SYN-03,2.291,78.21,1.208,1.15,0,0
2026-01-01 18:07:00,SYN-04,1.904,61.9,0.949,1.15,0,0
2026-01-01 18:08:00,SYN-01,2.242,59.53,0.998,1.149,0,0
2026-01-01 18:09:00,SYN-02,1.933,73.59,1.198,1.149,0,0
2026-01-01 18:10:00,SYN-03,2.242,78.58,0.973,1.149,0,0
2026-01-01 18:11:00,SYN-04,1.921,82.0,1.269,1.148,0,0
2026-01-01 18:12:00,SYN-01,2.464,77.95,0.977,1.148,0,0
2026-01-01 18:13:00,SYN-02,2.45,69.36,1.031,1.147,0,0
2026-01-01 18:14:00,SYN-03,2.455,64.13,1.035,1.147,0,0
2026-01-01 18:15:00,SYN-04,2.572,82.06,0.985,1.146,0,0
2026-01-01 18:16:00,SYN-01,2.016,60.64,1.046,1.145,0,0
2026-01-01 18:17:00,SYN-02,2.02,75.58,0.851,1.145,0,0
2026-01-01 18:18:00,SYN-03,2.404,56.26,0.997,1.144,0,0
2026-01-01 18:19:00,SYN-04,2.004,74.61,0.992,1.143,0,0
2026-01-01 18:20:00,SYN-01,1.662,85.31,0.997,1.142,0,0
2026-01-01 18:21:00,SYN-02,1.497,79.07,1.093,1.141,0,0
2026-01-01 18:22:00,SYN-03,2.175,81.45,0.999,1.14,0,0
2026-01-01 18:23:00,SYN-04,2.611,66.68,1.117,1.139,0,0
2026-01-01 18:24:00,SYN-01,7.249,182.19,2.417,1.138,1,0
2026-01-01 18:25:00,SYN-02,1.521,69.86,1.055,1.137,0,0
2026-01-01 18:26:00,SYN-03,2.539,76.67,0.929,1.136,0,0
2026-01-01 18:27:00,SYN-04,2.413,64.83,1.232,1.135,0,0
2026-01-01 18:28:00,SYN-01,2.182,81.87,0.981,1.133,0,0
2026-01-01 18:29:00,SYN-02,2.442,67.79,0.948,1.132,0,0
2026-01-01 18:30:00,SYN-03,2.838,52.94,1.082,1.131,0,0
2026-01-01 18:31:00,SYN-04,1.981,84.5,1.091,1.129,0,0
2026-01-01 18:32:00,SYN-01,2.087,70.96,1.293,1.128,0,0
2026-01-01 18:33:00,SYN-02,1.95,68.38,1.107,1.126,0,0
2026-01-01 18:34:00,SYN-03,2.859,84.32,1.152,1.125,0,0
2026-01-01 18:35:00,SYN-04,2.513,71.55,1.008,1.123,0,0
2026-01-01 18:36:00,SYN-01,2.003,72.93,0.965,1.122,0,0
2026-01-01 18:37:00,SYN-02,2.22,78.11,1.137,1.12,0,0
2026-01-01 18:38:00,SYN-03,2.108,69.55,0.793,1.118,0,0
2026-01-01 18:39:00,SYN-04,1.465,92.97,0.961,1.116,0,0
2026-01-01 18:40:00,SYN-01,2.657,74.99,1.134,1.115,0,0
2026-01-01 18:41:00,SYN-02,2.313,67.91,0.944,1.113,0,0
2026-01-01 18:42:00,SYN-03,1.525,70.53,1.116,1.111,0,0
2026-01-01 18:43:00,SYN-04,2.202,73.38,0.91,1.109,0,0
2026-01-01 18:44:00,SYN-01,2.038,73.71,1.158,1.107,0,0
2026-01-01 18:45:00,SYN-02,2.791,94.16,1.128,1.105,0,0
2026-01-01 18:46:00,SYN-03,2.375,60.77,1.071,1.103,0,0
2026-01-01 18:47:00,SYN-04,2.531,82.45,0.885,1.101,0,0
2026-01-01 18:48:00,SYN-01,2.561,73.19,1.098,1.099,0,0
2026-01-01 18:49:00,SYN-02,3.145,80.17,1.172,1.097,0,0
2026-01-01 18:50:00,SYN-03,7.93,313.67,3.527,1.094,1,1
2026-01-01 18:51:00,SYN-04,1.653,79.21,1.202,1.092,0,0
2026-01-01 18:52:00,SYN-01,1.876,63.04,1.107,1.09,0,0
2026-01-01 18:53:00,SYN-02,2.093,68.84,0.996,1.088,0,0
2026-01-01 18:54:00,SYN-03,1.843,80.28,1.142,1.085,0,0
2026-01-01 18:55:00,SYN-04,2.68,82.36,1.014,1.083,0,0
2026-01-01 18:56:00,SYN-01,2.345,91.07,1.249,1.081,0,0
2026-01-01 18:57:00,SYN-02,2.341,78.25,1.455,1.078,0,0
2026-01-01 18:58:00,SYN-03,1.929,76.73,0.933,1.076,0,0
2026-01-01 18:59:00,SYN-04,2.469,83.25,0.973,1.073,0,0
2026-01-01 19:00:00,SYN-01,2.19,82.68,1.115,1.071,0,0
2026-01-01 19:01:00,SYN-02,6.634,319.35,2.28,1.068,1,1
2026-01-01 19:02:00,SYN-03,2.533,82.15,1.21,1.066,0,0
2026-01-01 19:03:00,SYN-04,2.003,90.98,1.114,1.063,0,0
2026-01-01 19:04:00,SYN-01,1.958,68.5,1.148,1.061,0,0
2026-01-01 19:05:00,SYN-02,1.905,79.17,1.131,1.058,0,0
2026-01-01 19:06:00,SYN-03,2.334,83.77,1.178,1.055,0,0
2026-01-01 19:07:00,SYN-04,2.33,85.28,1.039,1.053,0,0
2026-01-01 19:08:00,SYN-01,2.415,78.44,1.413,1.05,0,0
2026-01-01 19:09:00,SYN-02,2.848,65.37,1.216,1.047,0,0
2026-01-01 19:10:00,SYN-03,1.979,80.47,1.14,1.045,0,0
2026-01-01 19:11:00,SYN-04,2.5,87.18,1.074,1.042,0,0
2026-01-01 19:12:00,SYN-01,3.169,77.33,0.842,1.039,0,0
2026-01-01 19:13:00,SYN-02,2.365,74.15,1.19,1.037,0,0
2026-01-01 19:14:00,SYN-03,2.136,86.89,1.26,1.034,0,0
2026-01-01 19:15:00,SYN-04,2.093,95.8,1.112,1.031,0,0
2026-01-01 19:16:00,SYN-01,2.023,87.31,1.137,1.028,0,0
2026-01-01 19:17:00,SYN-02,8.671,197.65,3.724,1.026,1,0
2026-01-01 19:18:00,SYN-03,9.138,196.91,4.157,1.023,1,0
2026-01-01 19:19:00,SYN-04,2.084,77.13,1.039,1.02,0,0
2026-01-01 19:20:00,SYN-01,1.993,99.16,1.297,1.017,0,0
2026-01-01 19:21:00,SYN-02,2.617,80.33,1.087,1.014,0,0
2026-01-01 19:22:00,SYN-03,2.728,81.67,1.265,1.012,0,0
2026-01-01 19:23:00,SYN-04,2.502,71.36,1.075,1.009,0,0
2026-01-01 19:24:00,SYN-01,2.476,85.52,1.377,1.006,0,0
2026-01-01 19:25:00,SYN-02,2.135,88.64,1.324,1.003,0,0
2026-01-01 19:26:00,SYN-03,2.563,84.37,1.384,1.0,0,0
2026-01-01 19:27:00,SYN-04,2.498,94.49,0.965,0.997,0,0
2026-01-01 19:28:00,SYN-01,3.597,95.64,1.255,0.995,0,0
2026-01-01 19:29:00,SYN-02,2.288,87.18,1.328,0.992,0,0
2026-01-01 19:30:00,SYN-03,1.775,84.38,1.015,0.989,0,0
2026-01-01 19:31:00,SYN-04,2.287,84.98,1.225,0.986,0,0
2026-01-01 19:32:00,SYN-01,2.967,91.3,1.008,0.983,0,0
2026-01-01 19:33:00,SYN-02,2.793,76.57,1.172,0.98,0,0
2026-01-01 19:34:00,SYN-03,2.163,89.76,1.293,0.978,0,0
2026-01-01 19:35:00,SYN-04,2.363,92.42,1.048,0.975,0,0
2026-01-01 19:36:00,SYN-01,2.468,96.66,1.331,0.972,0,0
2026-01-01 19:37:00,SYN-02,2.423,77.67,1.494,0.969,0,0
2026-01-01 19:38:00,SYN-03,3.231,98.44,1.302,0.967,0,0
2026-01-01 19:39:00,SYN-04,2.817,79.68,1.322,0.964,0,0
2026-01-01 19:40:00,SYN-01,2.806,88.53,1.34,0.961,0,0
2026-01-01 19:41:00,SYN-02,2.321,88.2,1.349,0.958,0,0
2026-01-01 19:42:00,SYN-03,2.94,106.68,1.363,0.956,0,0
2026-01-01 19:43:00,SYN-04,2.376,84.5,1.293,0.953,0,0
2026-01-01 19:44:00,SYN-01,1.999,106.62,1.171,0.95,0,0
2026-01-01 19:45:00,SYN-02,2.315,78.79,1.153,0.948,0,0
2026-01-01 19:46:00,SYN-03,2.795,91.65,1.182,0.945,0,0
2026-01-01 19:47:00,SYN-04,2.417,86.27,1.237,0.942,0,0
2026-01-01 19:48:00,SYN-01,2.313,85.86,1.281,0.94,0,0
2026-01-01 19:49:00,SYN-02,2.212,88.82,1.285,0.937,0,0
2026-01-01 19:50:00,SYN-03,2.603,91.58,0.998,0.935,0,0
2026-01-01 19:51:00,SYN-04,6.474,263.16,3.43,0.932,1,1
2026-01-01 19:52:00,SYN-01,2.657,83.58,1.294,0.93,0,0
2026-01-01 19:53:00,SYN-02,2.303,96.56,1.228,0.927,0,0
2026-01-01 19:54:00,SYN-03,2.974,93.77,1.275,0.925,0,0
2026-01-01 19:55:00,SYN-04,2.184,89.0,1.208,0.922,0,0
2026-01-01 19:56:00,SYN-01,2.978,101.23,1.075,0.92,0,0
2026-01-01 19:57:00,SYN-02,2.776,87.55,1.37,0.917,0,0
2026-01-01 19:58:00,SYN-03,2.601,101.12,1.131,0.915,0,0
2026-01-01 19:59:00,SYN-04,2.764,91.66,1.207,0.913,0,0
2026-01-01 20:00:00,SYN-01,2.483,96.69,1.251,0.91,0,0
2026-01-01 20:01:00,SYN-02,2.15,100.34,1.195,0.908,0,0
2026-01-01 20:02:00,SYN-03,3.152,106.24,1.336,0.906,0,0
2026-01-01 20:03:00,SYN-04,3.04,107.54,1.071,0.904,0,0
2026-01-01 20:04:00,SYN-01,2.436,93.69,1.335,0.902,0,0
2026-01-01 20:05:00,SYN-02,3.162,82.58,1.523,0.9,0,0
2026-01-01 20:06:00,SYN-03,2.827,82.18,1.274,0.897,0,0
2026-01-01 20:07:00,SYN-04,2.665,103.19,1.136,0.895,0,0
2026-01-01 20:08:00,SYN-01,11.616,233.76,3.16,0.893,1,1
2026-01-01 20:09:00,SYN-02,2.687,102.95,1.468,0.891,0,0
2026-01-01 20:10:00,SYN-03,2.627,96.01,1.415,0.889,0,0
2026-01-01 20:11:00,SYN-04,2.303,99.63,1.342,0.888,0,0
2026-01-01 20:12:00,SYN-01,3.289,99.52,1.32,0.886,0,0
2026-01-01 20:13:00,SYN-02,2.89,110.57,1.547,0.884,0,0
2026-01-01 20:14:00,SYN-03,3.045,101.21,1.364,0.882,0,0
2026-01-01 20:15:00,SYN-04,3.009,107.98,1.47,0.88,0,0
2026-01-01 20:16:00,SYN-01,2.72,93.97,1.471,0.879,0,0
2026-01-01 20:17:00,SYN-02,3.249,91.48,1.406,0.877,0,0
2026-01-01 20:18:00,SYN-03,2.846,94.24,1.553,0.876,0,0
2026-01-01 20:19:00,SYN-04,3.264,100.13,1.375,0.874,0,0
2026-01-01 20:20:00,SYN-01,3.177,103.53,1.501,0.872,0,0
2026-01-01 20:21:00,SYN-02,2.866,102.66,1.374,0.871,0,0
2026-01-01 20:22:00,SYN-03,2.599,91.57,1.347,0.87,0,0
2026-01-01 20:23:00,SYN-04,2.84,91.96,1.357,0.868,0,0
2026-01-01 20:24:00,SYN-01,2.921,100.81,1.37,0.867,0,0
2026-01-01 20:25:00,SYN-02,2.754,96.7,1.364,0.866,0,0
2026-01-01 20:26:00,SYN-03,1.82,104.58,1.54,0.864,0,0
2026-01-01 20:27:00,SYN-04,2.523,92.46,1.642,0.863,0,0
2026-01-01 20:28:00,SYN-01,2.633,111.35,1.48,0.862,0,0
2026-01-01 20:29:00,SYN-02,2.454,87.61,1.409,0.861,0,0
2026-01-01 20:30:00,SYN-03,3.003,89.74,1.555,0.86,0,0
2026-01-01 20:31:00,SYN-04,3.262,108.15,1.562,0.859,0,0
2026-01-01 20:32:00,SYN-01,3.05,84.12,1.348,0.858,0,0
2026-01-01 20:33:00,SYN-02,3.105,97.39,1.44,0.857,0,0
2026-01-01 20:34:00,SYN-03,3.29,100.27,1.445,0.856,0,0
2026-01-01 20:35:00,SYN-04,2.981,105.24,1.407,0.855,0,0
2026-01-01 20:36:00,SYN-01,2.735,111.76,1.341,0.855,0,0
2026-01-01 20:37:00,SYN-02,2.622,100.59,1.526,0.854,0,0
2026-01-01 20:38:00,SYN-03,2.88,96.89,1.245,0.853,0,0
2026-01-01 20:39:00,SYN-04,2.963,107.59,1.397,0.853,0,0
2026-01-01 20:40:00,SYN-01,2.756,96.34,1.417,0.852,0,0
2026-01-01 20:41:00,SYN-02,3.441,99.68,1.529,0.852,0,0
2026-01-01 20:42:00,SYN-03,2.485,93.62,1.406,0.851,0,0
2026-01-01 20:43:00,SYN-04,2.396,88.24,1.238,0.851,0,0
2026-01-01 20:44:00,SYN-01,3.104,95.78,1.247,0.851,0,0
2026-01-01 20:45:00,SYN-02,2.972,99.25,1.397,0.851,0,0
2026-01-01 20:46:00,SYN-03,2.938,113.83,1.354,0.85,0,0
2026-01-01 20:47:00,SYN-04,2.506,78.96,1.536,0.85,0,0
2026-01-01 20:48:00,SYN-01,3.832,105.74,1.311,0.85,0,0
2026-01-01 20:49:00,SYN-02,2.895,93.16,1.532,0.85,0,0
2026-01-01 20:50:00,SYN-03,2.616,100.8,1.139,0.85,0,0
2026-01-01 20:51:00,SYN-04,2.634,94.94,1.542,0.85,0,0
2026-01-01 20:52:00,SYN-01,3.218,90.23,1.326,0.85,0,0
2026-01-01 20:53:00,SYN-02,3.224,103.65,1.361,0.85,0,0
2026-01-01 20:54:00,SYN-03,3.026,99.98,1.451,0.851,0,0
2026-01-01 20:55:00,SYN-04,11.121,275.07,3.749,0.851,1,1
2026-01-01 20:56:00,SYN-01,3.266,96.92,1.276,0.851,0,0
2026-01-01 20:57:00,SYN-02,2.644,89.87,1.419,0.852,0,0
2026-01-01 20:58:00,SYN-03,3.078,91.76,1.483,0.852,0,0
2026-01-01 20:59:00,SYN-04,2.73,97.55,1.53,0.852,0,0
2026-01-01 21:00:00,SYN-01,3.18,94.35,1.413,0.853,0,0
2026-01-01 21:01:00,SYN-02,3.047,93.22,1.526,0.854,0,0
2026-01-01 21:02:00,SYN-03,3.387,101.71,1.25,0.854,0,0
2026-01-01 21:03:00,SYN-04,3.395,106.73,1.446,0.855,0,0
2026-01-01 21:04:00,SYN-01,3.393,99.39,1.526,0.856,0,0
2026-01-01 21:05:00,SYN-02,2.63,106.49,1.247,0.856,0,0
2026-01-01 21:06:00,SYN-03,2.966,96.62,1.479,0.857,0,0
2026-01-01 21:07:00,SYN-04,2.743,101.97,1.525,0.858,0,0
2026-01-01 21:08:00,SYN-01,2.615,98.93,1.506,0.859,0,0
2026-01-01 21:09:00,SYN-02,2.673,93.03,1.166,0.86,0,0
2026-01-01 21:10:00,SYN-03,3.131,95.23,1.415,0.861,0,0
2026-01-01 21:11:00,SYN-04,3.126,92.3,1.476,0.862,0,0
2026-01-01 21:12:00,SYN-01,2.98,95.67,1.35,0.863,0,0
2026-01-01 21:13:00,SYN-02,3.308,100.05,1.317,0.865,0,0
2026-01-01 21:14:00,SYN-03,2.621,103.67,1.451,0.866,0,0
2026-01-01 21:15:00,SYN-04,3.048,92.48,1.266,0.867,0,0
2026-01-01 21:16:00,SYN-01,3.038,100.26,0.846,0.869,0,0
2026-01-01 21:17:00,SYN-02,3.572,99.52,1.44,0.87,0,0
2026-01-01 21:18:00,SYN-03,2.052,99.85,1.471,0.871,0,0
2026-01-01 21:19:00,SYN-04,2.831,104.78,1.411,0.873,0,0
2026-01-01 21:20:00,SYN-01,2.72,87.76,1.274,0.874,0,0
2026-01-01 21:21:00,SYN-02,3.187,98.37,1.463,0.876,0,0
2026-01-01 21:22:00,SYN-03,2.99,90.85,1.435,0.878,0,0
2026-01-01 21:23:00,SYN-04,3.095,98.39,1.199,0.879,0,0
2026-01-01 21:24:00,SYN-01,2.679,83.86,1.564,0.881,0,0
2026-01-01 21:25:00,SYN-02,2.819,95.39,1.475,0.883,0,0
2026-01-01 21:26:00,SYN-03,2.948,95.38,1.483,0.884,0,0
2026-01-01 21:27:00,SYN-04,2.525,96.26,1.504,0.886,0,0
2026-01-01 21:28:00,SYN-01,2.675,102.58,1.143,0.888,0,0
2026-01-01 21:29:00,SYN-02,2.107,99.92,1.412,0.89,0,0
2026-01-01 21:30:00,SYN-03,2.902,101.85,1.354,0.892,0,0
2026-01-01 21:31:00,SYN-04,6.801,293.28,3.48,0.894,1,1
2026-01-01 21:32:00,SYN-01,3.122,102.9,1.338,0.896,0,0
2026-01-01 21:33:00,SYN-02,2.849,103.5,1.239,0.898,0,0
2026-01-01 21:34:00,SYN-03,2.596,93.18,1.302,0.9,0,0
2026-01-01 21:35:00,SYN-04,2.201,98.6,1.324,0.902,0,0
2026-01-01 21:36:00,SYN-01,2.394,103.8,1.329,0.904,0,0
2026-01-01 21:37:00,SYN-02,2.388,90.0,1.373,0.907,0,0
2026-01-01 21:38:00,SYN-03,2.883,89.25,1.458,0.909,0,0
2026-01-01 21:39:00,SYN-04,2.573,105.58,1.124,0.911,0,0
2026-01-01 21:40:00,SYN-01,3.037,75.24,1.356,0.913,0,0
2026-01-01 21:41:00,SYN-02,2.385,87.24,1.304,0.916,0,0
2026-01-01 21:42:00,SYN-03,2.651,96.44,1.377,0.918,0,0
2026-01-01 21:43:00,SYN-04,2.576,80.22,1.409,0.92,0,0
2026-01-01 21:44:00,SYN-01,2.715,85.95,1.208,0.923,0,0
2026-01-01 21:45:00,SYN-02,3.436,96.58,1.285,0.925,0,0
2026-01-01 21:46:00,SYN-03,3.238,93.3,1.461,0.928,0,0
2026-01-01 21:47:00,SYN-04,2.521,89.86,1.316,0.93,0,0
2026-01-01 21:48:00,SYN-01,2.716,86.81,1.373,0.933,0,0
2026-01-01 21:49:00,SYN-02,2.667,96.74,1.322,0.935,0,0
2026-01-01 21:50:00,SYN-03,2.353,87.59,1.314,0.938,0,0
2026-01-01 21:51:00,SYN-04,2.422,94.41,1.516,0.94,0,0
2026-01-01 21:52:00,SYN-01,2.986,81.31,1.156,0.943,0,0
2026-01-01 21:53:00,SYN-02,3.121,80.63,1.0,0.946,0,0
2026-01-01 21:54:00,SYN-03,1.978,79.91,1.47,0.948,0,0
2026-01-01 21:55:00,SYN-04,2.356,92.18,1.371,0.951,0,0
2026-01-01 21:56:00,SYN-01,2.685,90.22,1.247,0.954,0,0
2026-01-01 21:57:00,SYN-02,2.531,95.89,1.342,0.956,0,0
2026-01-01 21:58:00,SYN-03,2.692,84.99,1.1,0.959,0,0
2026-01-01 21:59:00,SYN-04,6.719,194.38,3.408,0.962,1,0
2026-01-01 22:00:00,SYN-01,2.366,98.79,1.35,0.965,0,0
2026-01-01 22:01:00,SYN-02,2.383,78.25,1.357,0.967,0,0
2026-01-01 22:02:00,SYN-03,10.449,302.18,2.986,0.97,1,1
2026-01-01 22:03:00,SYN-04,2.742,86.15,1.106,0.973,0,0
2026-01-01 22:04:00,SYN-01,3.048,83.29,1.38,0.976,0,0
2026-01-01 22:05:00,SYN-02,2.376,90.75,1.11,0.978,0,0
2026-01-01 22:06:00,SYN-03,2.926,84.82,1.225,0.981,0,0
2026-01-01 22:07:00,SYN-04,2.077,84.11,1.227,0.984,0,0
2026-01-01 22:08:00,SYN-01,2.613,86.78,1.121,0.987,0,0
2026-01-01 22:09:00,SYN-02,2.532,97.43,1.198,0.99,0,0
2026-01-01 22:10:00,SYN-03,2.501,77.12,1.308,0.992,0,0
2026-01-01 22:11:00,SYN-04,1.926,79.19,1.269,0.995,0,0
2026-01-01 22:12:00,SYN-01,2.524,80.99,1.271,0.998,0,0
2026-01-01 22:13:00,SYN-02,2.846,84.07,1.255,1.001,0,0
2026-01-01 22:14:00,SYN-03,2.261,73.24,1.143,1.004,0,0
2026-01-01 22:15:00,SYN-04,1.973,82.48,1.193,1.007,0,0
2026-01-01 22:16:00,SYN-01,2.525,85.91,1.357,1.009,0,0
2026-01-01 22:17:00,SYN-02,2.915,95.56,1.172,1.012,0,0
2026-01-01 22:18:00,SYN-03,2.269,95.29,1.148,1.015,0,0
2026-01-01 22:19:00,SYN-04,2.428,85.84,1.217,1.018,0,0
2026-01-01 22:20:00,SYN-01,2.86,55.8,1.289,1.021,0,0
2026-01-01 22:21:00,SYN-02,2.248,72.41,1.179,1.023,0,0
2026-01-01 22:22:00,SYN-03,2.541,83.8,1.209,1.026,0,0
2026-01-01 22:23:00,SYN-04,2.54,86.18,1.192,1.029,0,0
2026-01-01 22:24:00,SYN-01,2.261,79.72,1.249,1.032,0,0
2026-01-01 22:25:00,SYN-02,2.151,73.99,1.071,1.035,0,0
2026-01-01 22:26:00,SYN-03,2.375,73.42,1.049,1.037,0,0
2026-01-01 22:27:00,SYN-04,2.175,78.42,1.048,1.04,0,0
2026-01-01 22:28:00,SYN-01,2.267,57.01,1.221,1.043,0,0
2026-01-01 22:29:00,SYN-02,2.922,97.32,0.945,1.045,0,0
2026-01-01 22:30:00,SYN-03,2.751,83.8,1.123,1.048,0,0
2026-01-01 22:31:00,SYN-04,2.785,79.18,1.284,1.051,0,0
2026-01-01 22:32:00,SYN-01,2.965,70.13,1.278,1.053,0,0
2026-01-01 22:33:00,SYN-02,2.473,66.91,1.047,1.056,0,0
2026-01-01 22:34:00,SYN-03,2.78,79.41,0.967,1.059,0,0
2026-01-01 22:35:00,SYN-04,2.356,71.13,1.052,1.061,0,0
2026-01-01 22:36:00,SYN-01,2.063,78.72,1.041,1.064,0,0
2026-01-01 22:37:00,SYN-02,2.682,73.81,1.163,1.066,0,0
2026-01-01 22:38:00,SYN-03,2.105,87.84,1.085,1.069,0,0
2026-01-01 22:39:00,SYN-04,2.548,60.7,1.306,1.071,0,0
2026-01-01 22:40:00,SYN-01,2.358,85.69,1.18,1.074,0,0
2026-01-01 22:41:00,SYN-02,2.277,85.13,0.985,1.076,0,0
2026-01-01 22:42:00,SYN-03,1.998,79.24,1.013,1.079,0,0
2026-01-01 22:43:00,SYN-04,2.447,81.21,1.083,1.081,0,0
2026-01-01 22:44:00,SYN-01,1.838,85.76,1.29,1.084,0,0
2026-01-01 22:45:00,SYN-02,2.543,82.49,1.31,1.086,0,0
2026-01-01 22:46:00,SYN-03,2.337,72.24,0.95,1.088,0,0
2026-01-01 22:47:00,SYN-04,2.631,81.42,1.021,1.09,0,0
2026-01-01 22:48:00,SYN-01,2.087,70.84,1.016,1.093,0,0
2026-01-01 22:49:00,SYN-02,2.031,90.24,1.28,1.095,0,0
2026-01-01 22:50:00,SYN-03,2.12,70.1,1.004,1.097,0,0
2026-01-01 22:51:00,SYN-04,2.188,79.3,1.073,1.099,0,0
2026-01-01 22:52:00,SYN-01,1.877,84.16,1.116,1.101,0,0
2026-01-01 22:53:00,SYN-02,2.703,78.88,1.067,1.103,0,0
2026-01-01 22:54:00,SYN-03,2.719,78.0,0.931,1.105,0,0
2026-01-01 22:55:00,SYN-04,2.368,63.25,1.096,1.107,0,0
2026-01-01 22:56:00,SYN-01,2.111,85.25,0.889,1.109,0,0
2026-01-01 22:57:00,SYN-02,2.165,69.06,1.064,1.111,0,0
2026-01-01 22:58:00,SYN-03,1.931,71.45,1.315,1.113,0,0
2026-01-01 22:59:00,SYN-04,2.132,80.09,1.15,1.115,0,0
2026-01-01 23:00:00,SYN-01,2.473,81.09,1.22,1.117,0,0
2026-01-01 23:01:00,SYN-02,1.831,65.64,1.089,1.119,0,0
2026-01-01 23:02:00,SYN-03,6.517,190.38,2.849,1.12,1,0
2026-01-01 23:03:00,SYN-04,2.349,74.35,0.959,1.122,0,0
2026-01-01 23:04:00,SYN-01,1.86,72.09,0.942,1.124,0,0
2026-01-01 23:05:00,SYN-02,2.278,88.26,1.24,1.125,0,0
2026-01-01 23:06:00,SYN-03,2.265,76.04,1.029,1.127,0,0
2026-01-01 23:07:00,SYN-04,2.368,63.48,1.037,1.128,0,0
2026-01-01 23:08:00,SYN-01,2.264,78.5,0.877,1.13,0,0
2026-01-01 23:09:00,SYN-02,1.937,81.07,1.022,1.131,0,0
2026-01-01 23:10:00,SYN-03,2.909,63.1,1.039,1.132,0,0
2026-01-01 23:11:00,SYN-04,2.35,74.09,0.892,1.134,0,0
2026-01-01 23:12:00,SYN-01,1.839,87.68,0.873,1.135,0,0
2026-01-01 23:13:00,SYN-02,2.931,73.28,1.09,1.136,0,0
2026-01-01 23:14:00,SYN-03,2.042,73.62,1.108,1.137,0,0
2026-01-01 23:15:00,SYN-04,2.505,76.56,0.953,1.138,0,0
2026-01-01 23:16:00,SYN-01,9.537,206.86,2.282,1.139,1,0
2026-01-01 23:17:00,SYN-02,1.607,66.76,1.025,1.141,0,0
2026-01-01 23:18:00,SYN-03,2.178,90.24,1.02,1.141,0,0
2026-01-01 23:19:00,SYN-04,2.388,78.26,0.92,1.142,0,0
2026-01-01 23:20:00,SYN-01,2.319,68.85,1.042,1.143,0,0
2026-01-01 23:21:00,SYN-02,2.702,78.24,1.096,1.144,0,0
2026-01-01 23:22:00,SYN-03,2.637,65.74,1.092,1.145,0,0
2026-01-01 23:23:00,SYN-04,2.991,87.87,0.868,1.146,0,0
2026-01-01 23:24:00,SYN-01,2.204,88.89,0.975,1.146,0,0
2026-01-01 23:25:00,SYN-02,1.699,85.0,0.992,1.147,0,0
2026-01-01 23:26:00,SYN-03,1.752,77.98,1.139,1.147,0,0
2026-01-01 23:27:00,SYN-04,1.909,65.7,1.135,1.148,0,0
2026-01-01 23:28:00,SYN-01,2.494,79.16,0.799,1.148,0,0
2026-01-01 23:29:00,SYN-02,4.798,180.61,3.198,1.149,1,0
2026-01-01 23:30:00,SYN-03,2.463,64.51,1.038,1.149,0,0
2026-01-01 23:31:00,SYN-04,1.889,77.74,1.002,1.149,0,0
2026-01-01 23:32:00,SYN-01,2.557,76.32,1.212,1.15,0,0
2026-01-01 23:33:00,SYN-02,2.246,72.16,1.28,1.15,0,0
2026-01-01 23:34:00,SYN-03,2.871,71.75,1.035,1.15,0,0
2026-01-01 23:35:00,SYN-04,1.611,70.48,1.141,1.15,0,0
2026-01-01 23:36:00,SYN-01,2.424,75.62,0.945,1.15,0,0
2026-01-01 23:37:00,SYN-02,2.156,78.81,0.964,1.15,0,0
2026-01-01 23:38:00,SYN-03,2.479,68.69,1.081,1.15,0,0
2026-01-01 23:39:00,SYN-04,2.238,75.19,0.984,1.15,0,0
2026-01-01 23:40:00,SYN-01,2.346,89.09,1.001,1.15,0,0
2026-01-01 23:41:00,SYN-02,2.024,81.5,0.942,1.149,0,0
2026-01-01 23:42:00,SYN-03,2.336,75.37,1.123,1.149,0,0
2026-01-01 23:43:00,SYN-04,10.841,220.69,2.796,1.149,1,1
2026-01-01 23:44:00,SYN-01,2.652,77.66,1.162,1.148,0,0
2026-01-01 23:45:00,SYN-02,2.136,80.48,0.977,1.148,0,0
2026-01-01 23:46:00,SYN-03,2.933,74.89,1.184,1.147,0,0
2026-01-01 23:47:00,SYN-04,1.785,75.61,1.01,1.147,0,0
2026-01-01 23:48:00,SYN-01,2.558,79.6,1.127,1.146,0,0
2026-01-01 23:49:00,SYN-02,2.288,64.28,1.057,1.145,0,0
2026-01-01 23:50:00,SYN-03,2.076,53.31,1.126,1.145,0,0
2026-01-01 23:51:00,SYN-04,2.155,62.22,1.043,1.144,0,0
2026-01-01 23:52:00,SYN-01,2.263,68.86,0.918,1.143,0,0
2026-01-01 23:53:00,SYN-02,2.195,59.22,0.975,1.142,0,0
2026-01-01 23:54:00,SYN-03,5.481,287.82,3.581,1.141,1,1
2026-01-01 23:55:00,SYN-04,11.033,261.59,3.696,1.14,1,1
2026-01-01 23:56:00,SYN-01,2.666,63.03,1.034,1.139,0,0
2026-01-01 23:57:00,SYN-02,2.339,74.95,0.938,1.138,0,0
2026-01-01 23:58:00,SYN-03,1.779,81.56,1.171,1.137,0,0
2026-01-01 23:59:00,SYN-04,1.753,79.49,1.088,1.136,0,0
2026-01-02 00:00:00,SYN-01,2.764,78.13,0.858,1.135,0,0
2026-01-02 00:01:00,SYN-02,11.491,254.09,1.871,1.134,1,1
2026-01-02 00:02:00,SYN-03,2.77,54.72,1.037,1.132,0,0
2026-01-02 00:03:00,SYN-04,2.259,80.27,1.214,1.131,0,0
2026-01-02 00:04:00,SYN-01,2.477,84.81,1.117,1.13,0,0
2026-01-02 00:05:00,SYN-02,2.613,73.22,1.134,1.128,0,0
2026-01-02 00:06:00,SYN-03,2.345,77.83,1.007,1.127,0,0
2026-01-02 00:07:00,SYN-04,10.921,160.49,3.099,1.125,1,0
2026-01-02 00:08:00,SYN-01,1.85,66.95,1.052,1.123,0,0
2026-01-02 00:09:00,SYN-02,2.332,67.06,1.027,1.122,0,0
2026-01-02 00:10:00,SYN-03,1.93,69.87,0.9,1.12,0,0
2026-01-02 00:11:00,SYN-04,2.303,81.53,0.953,1.118,0,0
2026-01-02 00:12:00,SYN-01,2.035,69.85,1.009,1.117,0,0
2026-01-02 00:13:00,SYN-02,2.533,77.95,0.774,1.115,0,0
2026-01-02 00:14:00,SYN-03,1.755,80.77,1.063,1.113,0,0
2026-01-02 00:15:00,SYN-04,1.992,61.65,1.068,1.111,0,0
2026-01-02 00:16:00,SYN-01,7.142,251.31,2.033,1.109,1,1
2026-01-02 00:17:00,SYN-02,2.567,77.61,0.928,1.107,0,0
2026-01-02 00:18:00,SYN-03,2.406,75.27,1.135,1.105,0,0
2026-01-02 00:19:00,SYN-04,2.092,70.79,0.969,1.103,0,0
2026-01-02 00:20:00,SYN-01,2.824,60.26,1.068,1.101,0,0
2026-01-02 00:21:00,SYN-02,1.851,84.03,0.981,1.099,0,0
2026-01-02 00:22:00,SYN-03,2.514,67.99,1.193,1.097,0,0
2026-01-02 00:23:00,SYN-04,5.583,213.35,3.918,1.095,1,0
2026-01-02 00:24:00,SYN-01,2.186,83.68,1.164,1.093,0,0
2026-01-02 00:25:00,SYN-02,2.315,93.69,1.11,1.09,0,0
2026-01-02 00:26:00,SYN-03,2.734,77.43,0.943,1.088,0,0
2026-01-02 00:27:00,SYN-04,2.168,87.21,1.183,1.086,0,0
2026-01-02 00:28:00,SYN-01,2.374,82.28,1.091,1.083,0,0
2026-01-02 00:29:00,SYN-02,1.87,67.28,1.129,1.081,0,0
2026-01-02 00:30:00,SYN-03,2.738,73.13,1.164,1.079,0,0
2026-01-02 00:31:00,SYN-04,2.417,81.45,1.337,1.076,0,0
2026-01-02 00:32:00,SYN-01,1.953,65.88,0.97,1.074,0,0
2026-01-02 00:33:00,SYN-02,2.428,76.9,1.289,1.071,0,0
2026-01-02 00:34:00,SYN-03,2.509,94.12,1.155,1.069,0,0
2026-01-02 00:35:00,SYN-04,2.707,75.9,1.021,1.066,0,0
2026-01-02 00:36:00,SYN-01,2.498,77.56,0.867,1.064,0,0
2026-01-02 00:37:00,SYN-02,2.131,91.82,1.124,1.061,0,0
2026-01-02 00:38:00,SYN-03,2.521,76.24,1.129,1.059,0,0
2026-01-02 00:39:00,SYN-04,2.602,83.2,1.187,1.056,0,0
2026-01-02 00:40:00,SYN-01,2.107,81.48,1.24,1.053,0,0
2026-01-02 00:41:00,SYN-02,2.171,91.32,1.061,1.051,0,0
2026-01-02 00:42:00,SYN-03,2.666,76.92,1.109,1.048,0,0
2026-01-02 00:43:00,SYN-04,2.226,79.59,0.98,1.045,0,0
2026-01-02 00:44:00,SYN-01,2.438,81.89,1.189,1.043,0,0
2026-01-02 00:45:00,SYN-02,2.989,101.73,1.475,1.04,0,0
2026-01-02 00:46:00,SYN-03,2.042,85.42,1.196,1.037,0,0
2026-01-02 00:47:00,SYN-04,2.404,74.98,1.183,1.034,0,0
2026-01-02 00:48:00,SYN-01,2.099,77.25,1.189,1.032,0,0
2026-01-02 00:49:00,SYN-02,2.968,87.52,1.202,1.029,0,0
2026-01-02 00:50:00,SYN-03,2.109,88.27,1.131,1.026,0,0
2026-01-02 00:51:00,SYN-04,2.521,80.9,1.338,1.023,0,0
2026-01-02 00:52:00,SYN-01,2.709,77.09,1.14,1.02,0,0
2026-01-02 00:53:00,SYN-02,6.478,260.14,2.438,1.018,1,1
2026-01-02 00:54:00,SYN-03,2.5,80.84,1.13,1.015,0,0
2026-01-02 00:55:00,SYN-04,2.609,89.17,1.262,1.012,0,0
2026-01-02 00:56:00,SYN-01,2.625,81.11,1.138,1.009,0,0
2026-01-02 00:57:00,SYN-02,2.19,84.92,1.092,1.006,0,0
2026-01-02 00:58:00,SYN-03,2.197,72.79,1.288,1.004,0,0
2026-01-02 00:59:00,SYN-04,2.99,88.04,1.4,1.001,0,0
2026-01-02 01:00:00,SYN-01,1.942,67.74,1.274,0.998,0,0
2026-01-02 01:01:00,SYN-02,2.374,90.66,1.019,0.995,0,0
2026-01-02 01:02:00,SYN-03,2.288,83.22,1.118,0.992,0,0
2026-01-02 01:03:00,SYN-04,1.952,83.58,1.323,0.989,0,0
2026-01-02 01:04:00,SYN-01,2.63,87.32,1.346,0.987,0,0
2026-01-02 01:05:00,SYN-02,2.715,73.03,1.032,0.984,0,0
2026-01-02 01:06:00,SYN-03,2.941,88.92,1.246,0.981,0,0
2026-01-02 01:07:00,SYN-04,2.182,85.69,1.136,0.978,0,0
2026-01-02 01:08:00,SYN-01,2.558,82.17,0.884,0.975,0,0
2026-01-02 01:09:00,SYN-02,2.353,74.76,1.45,0.973,0,0
2026-01-02 01:10:00,SYN-03,2.741,73.22,1.148,0.97,0,0
2026-01-02 01:11:00,SYN-04,2.482,87.76,1.427,0.967,0,0
2026-01-02 01:12:00,SYN-01,6.043,271.46,2.742,0.964,1,1
2026-01-02 01:13:00,SYN-02,2.229,85.64,1.338,0.962,0,0
2026-01-02 01:14:00,SYN-03,1.978,100.8,1.183,0.959,0,0
2026-01-02 01:15:00,SYN-04,2.259,87.33,1.353,0.956,0,0
2026-01-02 01:16:00,SYN-01,2.469,94.85,1.464,0.953,0,0
2026-01-02 01:17:00,SYN-02,2.523,84.4,1.14,0.951,0,0
2026-01-02 01:18:00,SYN-03,2.556,76.91,1.087,0.948,0,0
2026-01-02 01:19:00,SYN-04,2.647,111.49,1.263,0.945,0,0
2026-01-02 01:20:00,SYN-01,3.324,78.77,1.159,0.943,0,0
2026-01-02 01:21:00,SYN-02,3.21,89.79,1.275,0.94,0,0
2026-01-02 01:22:00,SYN-03,2.705,84.71,1.464,0.938,0,0
2026-01-02 01:23:00,SYN-04,2.447,89.65,1.267,0.935,0,0
2026-01-02 01:24:00,SYN-01,2.858,95.38,1.246,0.933,0,0
2026-01-02 01:25:00,SYN-02,2.314,80.0,0.982,0.93,0,0
2026-01-02 01:26:00,SYN-03,2.261,78.81,1.338,0.927,0,0
2026-01-02 01:27:00,SYN-04,2.417,98.18,1.274,0.925,0,0
2026-01-02 01:28:00,SYN-01,2.064,90.31,1.389,0.923,0,0
2026-01-02 01:29:00,SYN-02,2.556,93.08,1.401,0.92,0,0
2026-01-02 01:30:00,SYN-03,3.463,93.7,1.467,0.918,0,0
2026-01-02 01:31:00,SYN-04,2.351,84.4,1.112,0.915,0,0
2026-01-02 01:32:00,SYN-01,2.429,93.25,1.388,0.913,0,0
2026-01-02 01:33:00,SYN-02,2.782,80.66,1.24,0.911,0,0
2026-01-02 01:34:00,SYN-03,3.256,91.23,1.39,0.909,0,0
2026-01-02 01:35:00,SYN-04,2.163,87.55,1.362,0.906,0,0
2026-01-02 01:36:00,SYN-01,8.449,280.6,3.417,0.904,1,1
2026-01-02 01:37:00,SYN-02,2.449,90.88,1.313,0.902,0,0
2026-01-02 01:38:00,SYN-03,2.5,76.86,1.214,0.9,0,0
2026-01-02 01:39:00,SYN-04,2.473,102.47,1.452,0.898,0,0
2026-01-02 01:40:00,SYN-01,2.94,93.47,1.326,0.896,0,0
2026-01-02 01:41:00,SYN-02,13.727,267.18,4.104,0.894,1,1
2026-01-02 01:42:00,SYN-03,2.626,94.21,1.504,0.892,0,0
2026-01-02 01:43:00,SYN-04,2.659,97.93,1.285,0.89,0,0
2026-01-02 01:44:00,SYN-01,9.254,229.19,2.744,0.888,1,1
2026-01-02 01:45:00,SYN-02,3.312,106.4,1.579,0.886,0,0
2026-01-02 01:46:00,SYN-03,2.432,97.19,1.431,0.884,0,0
2026-01-02 01:47:00,SYN-04,2.849,99.32,1.309,0.882,0,0
2026-01-02 01:48:00,SYN-01,2.92,88.57,1.281,0.881,0,0
2026-01-02 01:49:00,SYN-02,3.164,83.16,1.256,0.879,0,0
2026-01-02 01:50:00,SYN-03,2.419,72.71,1.313,0.877,0,0
2026-01-02 01:51:00,SYN-04,2.672,105.54,1.244,0.876,0,0
2026-01-02 01:52:00,SYN-01,2.233,101.9,1.502,0.874,0,0
2026-01-02 01:53:00,SYN-02,3.356,101.02,1.45,0.873,0,0
2026-01-02 01:54:00,SYN-03,2.931,101.58,1.4,0.871,0,0
2026-01-02 01:55:00,SYN-04,2.725,88.22,1.275,0.87,0,0
2026-01-02 01:56:00,SYN-01,2.544,97.6,1.29,0.868,0,0
2026-01-02 01:57:00,SYN-02,2.901,102.08,1.376,0.867,0,0
2026-01-02 01:58:00,SYN-03,2.513,90.81,1.214,0.866,0,0
2026-01-02 01:59:00,SYN-04,3.236,91.95,1.314,0.865,0,0
2026-01-02 02:00:00,SYN-01,2.339,107.86,1.168,0.863,0,0
2026-01-02 02:01:00,SYN-02,2.916,92.81,1.231,0.862,0,0
2026-01-02 02:02:00,SYN-03,2.97,87.99,1.623,0.861,0,0
2026-01-02 02:03:00,SYN-04,3.264,109.66,1.336,0.86,0,0
2026-01-02 02:04:00,SYN-01,2.731,103.21,1.275,0.859,0,0
2026-01-02 02:05:00,SYN-02,2.678,95.65,1.413,0.858,0,0
2026-01-02 02:06:00,SYN-03,3.061,98.97,1.143,0.857,0,0
2026-01-02 02:07:00,SYN-04,2.971,88.99,1.348,0.856,0,0
2026-01-02 02:08:00,SYN-01,2.926,93.83,1.381,0.856,0,0
2026-01-02 02:09:00,SYN-02,2.656,96.96,1.546,0.855,0,0
2026-01-02 02:10:00,SYN-03,3.193,105.85,1.282,0.854,0,0
2026-01-02 02:11:00,SYN-04,2.714,99.31,1.352,0.854,0,0
2026-01-02 02:12:00,SYN-01,2.728,106.06,1.419,0.853,0,0
2026-01-02 02:13:00,SYN-02,2.947,105.35,1.421,0.852,0,0
2026-01-02 02:14:00,SYN-03,3.205,107.98,1.531,0.852,0,0
2026-01-02 02:15:00,SYN-04,2.46,91.18,1.275,0.852,0,0
2026-01-02 02:16:00,SYN-01,3.307,97.3,1.468,0.851,0,0
2026-01-02 02:17:00,SYN-02,2.867,93.86,1.624,0.851,0,0
2026-01-02 02:18:00,SYN-03,2.519,95.36,1.518,0.851,0,0
2026-01-02 02:19:00,SYN-04,3.09,93.51,1.618,0.85,0,0
2026-01-02 02:20:00,SYN-01,3.373,95.31,1.442,0.85,0,0
2026-01-02 02:21:00,SYN-02,3.864,89.01,1.525,0.85,0,0
2026-01-02 02:22:00,SYN-03,2.66,83.58,1.299,0.85,0,0
2026-01-02 02:23:00,SYN-04,2.564,97.64,1.352,0.85,0,0
2026-01-02 02:24:00,SYN-01,3.292,103.36,1.385,0.85,0,0
2026-01-02 02:25:00,SYN-02,2.568,84.89,1.52,0.85,0,0
2026-01-02 02:26:00,SYN-03,2.93,103.99,1.52,0.85,0,0
2026-01-02 02:27:00,SYN-04,2.81,97.93,1.494,0.851,0,0
2026-01-02 02:28:00,SYN-01,3.07,94.91,1.712,0.851,0,0
2026-01-02 02:29:00,SYN-02,3.07,107.02,1.395,0.851,0,0
2026-01-02 02:30:00,SYN-03,2.577,106.06,1.297,0.851,0,0
2026-01-02 02:31:00,SYN-04,3.369,105.42,1.592,0.852,0,0
2026-01-02 02:32:00,SYN-01,3.352,100.03,1.456,0.852,0,0
2026-01-02 02:33:00,SYN-02,3.056,100.79,1.36,0.853,0,0
2026-01-02 02:34:00,SYN-03,2.266,111.86,1.521,0.853,0,0
2026-01-02 02:35:00,SYN-04,3.538,105.03,1.552,0.854,0,0
2026-01-02 02:36:00,SYN-01,2.671,99.44,1.495,0.855,0,0
2026-01-02 02:37:00,SYN-02,2.515,87.28,1.366,0.856,0,0
2026-01-02 02:38:00,SYN-03,2.848,111.26,1.167,0.856,0,0
2026-01-02 02:39:00,SYN-04,3.499,100.21,1.146,0.857,0,0
2026-01-02 02:40:00,SYN-01,2.423,101.97,1.46,0.858,0,0
2026-01-02 02:41:00,SYN-02,2.368,98.87,1.491,0.859,0,0
2026-01-02 02:42:00,SYN-03,3.044,94.69,1.337,0.86,0,0
2026-01-02 02:43:00,SYN-04,3.179,103.72,1.414,0.861,0,0
2026-01-02 02:44:00,SYN-01,3.564,103.58,1.517,0.862,0,0
2026-01-02 02:45:00,SYN-02,2.469,104.54,1.483,0.863,0,0
2026-01-02 02:46:00,SYN-03,2.925,93.68,1.493,0.864,0,0
2026-01-02 02:47:00,SYN-04,2.57,111.14,1.228,0.866,0,0
2026-01-02 02:48:00,SYN-01,3.218,113.04,1.389,0.867,0,0
2026-01-02 02:49:00,SYN-02,2.75,99.91,1.374,0.868,0,0
2026-01-02 02:50:00,SYN-03,2.603,85.15,1.379,0.87,0,0
2026-01-02 02:51:00,SYN-04,3.037,94.02,1.315,0.871,0,0
2026-01-02 02:52:00,SYN-01,3.134,111.91,1.472,0.873,0,0
2026-01-02 02:53:00,SYN-02,2.794,87.88,1.411,0.874,0,0
2026-01-02 02:54:00,SYN-03,2.607,86.22,1.523,0.876,0,0
2026-01-02 02:55:00,SYN-04,3.106,88.2,1.468,0.877,0,0
2026-01-02 02:56:00,SYN-01,3.008,85.28,1.212,0.879,0,0
2026-01-02 02:57:00,SYN-02,2.895,99.19,1.357,0.881,0,0
2026-01-02 02:58:00,SYN-03,2.728,93.34,1.258,0.882,0,0
2026-01-02 02:59:00,SYN-04,13.267,236.17,3.78,0.884,1,1
2026-01-02 03:00:00,SYN-01,2.614,93.58,1.324,0.886,0,0
2026-01-02 03:01:00,SYN-02,3.345,104.05,1.3,0.888,0,0
2026-01-02 03:02:00,SYN-03,3.22,88.17,1.349,0.89,0,0
2026-01-02 03:03:00,SYN-04,3.189,110.14,1.385,0.892,0,0
2026-01-02 03:04:00,SYN-01,2.242,84.1,1.287,0.894,0,0
2026-01-02 03:05:00,SYN-02,3.093,99.46,1.263,0.896,0,0
2026-01-02 03:06:00,SYN-03,3.042,90.78,1.304,0.898,0,0
2026-01-02 03:07:00,SYN-04,2.428,99.67,1.403,0.9,0,0
2026-01-02 03:08:00,SYN-01,3.339,100.48,1.441,0.902,0,0
2026-01-02 03:09:00,SYN-02,3.088,99.69,1.5,0.904,0,0
2026-01-02 03:10:00,SYN-03,3.449,98.77,1.165,0.906,0,0
2026-01-02 03:11:00,SYN-04,1.778,103.76,1.548,0.908,0,0
2026-01-02 03:12:00,SYN-01,2.644,80.19,1.498,0.911,0,0
2026-01-02 03:13:00,SYN-02,3.121,96.23,1.25,0.913,0,0
2026-01-02 03:14:00,SYN-03,2.691,90.21,1.384,0.915,0,0
2026-01-02 03:15:00,SYN-04,12.595,221.44,3.547,0.918,1,1
2026-01-02 03:16:00,SYN-01,2.891,80.64,1.393,0.92,0,0
2026-01-02 03:17:00,SYN-02,2.947,86.7,1.436,0.922,0,0
2026-01-02 03:18:00,SYN-03,2.713,96.98,1.132,0.925,0,0
2026-01-02 03:19:00,SYN-04,2.495,81.67,1.326,0.927,0,0
2026-01-02 03:20:00,SYN-01,11.6,325.3,3.209,0.93,1,1
2026-01-02 03:21:00,SYN-02,2.258,71.19,1.082,0.932,0,0
2026-01-02 03:22:00,SYN-03,2.66,90.52,1.45,0.935,0,0
2026-01-02 03:23:00,SYN-04,1.91,94.35,1.189,0.937,0,0
2026-01-02 03:24:00,SYN-01,2.694,87.09,1.345,0.94,0,0
2026-01-02 03:25:00,SYN-02,3.451,87.56,1.192,0.943,0,0
2026-01-02 03:26:00,SYN-03,2.783,96.1,1.262,0.945,0,0
2026-01-02 03:27:00,SYN-04,3.024,92.15,1.349,0.948,0,0
2026-01-02 03:28:00,SYN-01,2.568,91.0,1.233,0.95,0,0
2026-01-02 03:29:00,SYN-02,3.201,85.52,1.41,0.953,0,0
2026-01-02 03:30:00,SYN-03,2.375,92.63,1.466,0.956,0,0
2026-01-02 03:31:00,SYN-04,3.022,85.08,1.365,0.959,0,0
2026-01-02 03:32:00,SYN-01,2.598,75.16,1.307,0.961,0,0
2026-01-02 03:33:00,SYN-02,1.889,97.18,1.366,0.964,0,0
2026-01-02 03:34:00,SYN-03,9.309,311.56,2.878,0.967,1,1
2026-01-02 03:35:00,SYN-04,1.996,80.01,1.025,0.97,0,0
2026-01-02 03:36:00,SYN-01,2.573,114.19,1.257,0.972,0,0
2026-01-02 03:37:00,SYN-02,2.468,89.78,1.337,0.975,0,0
2026-01-02 03:38:00,SYN-03,2.277,92.77,1.091,0.978,0,0
2026-01-02 03:39:00,SYN-04,3.011,89.83,1.378,0.981,0,0
2026-01-02 03:40:00,SYN-01,2.482,87.41,1.279,0.984,0,0
2026-01-02 03:41:00,SYN-02,2.131,82.38,1.184,0.986,0,0
2026-01-02 03:42:00,SYN-03,2.422,99.96,1.17,0.989,0,0
2026-01-02 03:43:00,SYN-04,2.886,85.07,1.111,0.992,0,0
2026-01-02 03:44:00,SYN-01,2.446,81.99,1.443,0.995,0,0
2026-01-02 03:45:00,SYN-02,2.832,93.87,1.28,0.998,0,0
2026-01-02 03:46:00,SYN-03,1.863,84.16,1.175,1.0,0,0
2026-01-02 03:47:00,SYN-04,2.341,78.47,1.207,1.003,0,0
2026-01-02 03:48:00,SYN-01,2.483,82.92,0.853,1.006,0,0
2026-01-02 03:49:00,SYN-02,2.666,84.36,1.032,1.009,0,0
2026-01-02 03:50:00,SYN-03,2.892,83.3,1.381,1.012,0,0
2026-01-02 03:51:00,SYN-04,2.147,98.38,1.328,1.015,0,0
2026-01-02 03:52:00,SYN-01,2.396,97.63,1.145,1.017,0,0
2026-01-02 03:53:00,SYN-02,2.814,90.71,1.401,1.02,0,0
2026-01-02 03:54:00,SYN-03,1.936,85.28,1.173,1.023,0,0
2026-01-02 03:55:00,SYN-04,2.56,82.83,1.144,1.026,0,0
2026-01-02 03:56:00,SYN-01,3.152,96.71,1.113,1.029,0,0
2026-01-02 03:57:00,SYN-02,2.091,86.79,1.317,1.031,0,0
2026-01-02 03:58:00,SYN-03,2.308,88.01,1.205,1.034,0,0
2026-01-02 03:59:00,SYN-04,1.953,90.74,1.069,1.037,0,0
2026-01-02 04:00:00,SYN-01,3.251,67.62,1.261,1.04,0,0
2026-01-02 04:01:00,SYN-02,2.735,81.77,1.077,1.042,0,0
2026-01-02 04:02:00,SYN-03,2.662,79.5,1.261,1.045,0,0
2026-01-02 04:03:00,SYN-04,2.412,94.85,1.115,1.048,0,0
2026-01-02 04:04:00,SYN-01,2.385,84.22,1.15,1.05,0,0
2026-01-02 04:05:00,SYN-02,2.871,71.69,1.409,1.053,0,0
2026-01-02 04:06:00,SYN-03,2.29,72.24,1.2,1.056,0,0
2026-01-02 04:07:00,SYN-04,2.16,82.36,0.942,1.058,0,0
2026-01-02 04:08:00,SYN-01,2.15,85.8,1.073,1.061,0,0
2026-01-02 04:09:00,SYN-02,2.123,68.76,1.16,1.063,0,0
2026-01-02 04:10:00,SYN-03,1.593,76.67,1.193,1.066,0,0
2026-01-02 04:11:00,SYN-04,3.015,75.9,1.003,1.069,0,0
2026-01-02 04:12:00,SYN-01,2.336,85.96,0.896,1.071,0,0
2026-01-02 04:13:00,SYN-02,2.209,77.93,1.15,1.074,0,0
2026-01-02 04:14:00,SYN-03,2.433,66.35,1.054,1.076,0,0
2026-01-02 04:15:00,SYN-04,1.718,64.16,1.197,1.078,0,0
2026-01-02 04:16:00,SYN-01,2.446,71.23,1.222,1.081,0,0
2026-01-02 04:17:00,SYN-02,2.93,72.62,1.209,1.083,0,0
2026-01-02 04:18:00,SYN-03,2.637,69.83,1.115,1.086,0,0
2026-01-02 04:19:00,SYN-04,2.178,90.54,1.056,1.088,0,0
2026-01-02 04:20:00,SYN-01,2.396,85.6,1.216,1.09,0,0
2026-01-02 04:21:00,SYN-02,2.153,85.7,1.066,1.092,0,0
2026-01-02 04:22:00,SYN-03,2.467,84.84,0.909,1.095,0,0
2026-01-02 04:23:00,SYN-04,2.391,82.29,1.233,1.097,0,0
2026-01-02 04:24:00,SYN-01,2.746,80.59,0.768,1.099,0,0
2026-01-02 04:25:00,SYN-02,2.057,86.84,1.035,1.101,0,0
2026-01-02 04:26:00,SYN-03,1.967,72.36,1.156,1.103,0,0
2026-01-02 04:27:00,SYN-04,1.662,77.25,1.193,1.105,0,0
2026-01-02 04:28:00,SYN-01,2.003,78.84,1.028,1.107,0,0
2026-01-02 04:29:00,SYN-02,2.427,71.12,0.892,1.109,0,0
2026-01-02 04:30:00,SYN-03,1.776,78.89,1.292,1.111,0,0
2026-01-02 04:31:00,SYN-04,1.912,71.9,1.187,1.113,0,0
2026-01-02 04:32:00,SYN-01,1.616,80.91,1.074,1.115,0,0
2026-01-02 04:33:00,SYN-02,2.304,72.63,1.072,1.117,0,0
2026-01-02 04:34:00,SYN-03,2.631,70.31,1.072,1.118,0,0
2026-01-02 04:35:00,SYN-04,2.042,64.91,0.925,1.12,0,0
2026-01-02 04:36:00,SYN-01,2.586,81.14,1.216,1.122,0,0
2026-01-02 04:37:00,SYN-02,2.183,67.26,0.958,1.123,0,0
2026-01-02 04:38:00,SYN-03,2.681,78.77,1.034,1.125,0,0
2026-01-02 04:39:00,SYN-04,2.368,69.56,1.131,1.126,0,0
2026-01-02 04:40:00,SYN-01,2.324,68.58,1.047,1.128,0,0
2026-01-02 04:41:00,SYN-02,2.591,77.4,0.926,1.129,0,0
2026-01-02 04:42:00,SYN-03,2.266,64.63,1.056,1.131,0,0
2026-01-02 04:43:00,SYN-04,2.082,74.17,1.168,1.132,0,0
2026-01-02 04:44:00,SYN-01,2.754,59.84,1.001,1.133,0,0
2026-01-02 04:45:00,SYN-02,2.51,69.06,1.224,1.135,0,0
2026-01-02 04:46:00,SYN-03,2.254,81.81,1.112,1.136,0,0
2026-01-02 04:47:00,SYN-04,1.663,86.55,0.978,1.137,0,0
2026-01-02 04:48:00,SYN-01,2.331,72.64,0.933,1.138,0,0
2026-01-02 04:49:00,SYN-02,2.146,71.24,1.086,1.139,0,0
2026-01-02 04:50:00,SYN-03,1.859,71.7,1.193,1.14,0,0
2026-01-02 04:51:00,SYN-04,2.224,66.87,1.08,1.141,0,0
2026-01-02 04:52:00,SYN-01,2.006,67.16,1.09,1.142,0,0
2026-01-02 04:53:00,SYN-02,1.951,62.21,1.235,1.143,0,0
2026-01-02 04:54:00,SYN-03,3.078,74.57,0.906,1.144,0,0
2026-01-02 04:55:00,SYN-04,2.522,68.07,1.012,1.145,0,0
2026-01-02 04:56:00,SYN-01,1.64,65.17,1.229,1.145,0,0
2026-01-02 04:57:00,SYN-02,2.91,79.17,1.291,1.146,0,0
2026-01-02 04:58:00,SYN-03,2.059,80.84,0.825,1.147,0,0
2026-01-02 04:59:00,SYN-04,2.625,66.68,1.24,1.147,0,0
2026-01-02 05:00:00,SYN-01,2.53,69.73,1.32,1.148,0,0
2026-01-02 05:01:00,SYN-02,2.142,81.74,1.055,1.148,0,0
2026-01-02 05:02:00,SYN-03,2.015,63.04,1.059,1.149,0,0
2026-01-02 05:03:00,SYN-04,2.107,78.14,1.307,1.149,0,0
2026-01-02 05:04:00,SYN-01,2.267,73.86,1.143,1.149,0,0
2026-01-02 05:05:00,SYN-02,2.53,73.61,1.071,1.15,0,0
2026-01-02 05:06:00,SYN-03,2.179,73.55,1.045,1.15,0,0
2026-01-02 05:07:00,SYN-04,1.905,84.93,1.188,1.15,0,0
2026-01-02 05:08:00,SYN-01,1.8,65.38,0.969,1.15,0,0
2026-01-02 05:09:00,SYN-02,2.336,71.72,1.076,1.15,0,0
2026-01-02 05:10:00,SYN-03,2.422,86.07,1.001,1.15,0,0
2026-01-02 05:11:00,SYN-04,2.226,90.53,1.29,1.15,0,0
2026-01-02 05:12:00,SYN-01,2.342,73.25,1.046,1.15,0,0
2026-01-02 05:13:00,SYN-02,2.79,71.79,0.99,1.15,0,0
2026-01-02 05:14:00,SYN-03,2.003,73.51,1.107,1.149,0,0
2026-01-02 05:15:00,SYN-04,1.942,79.94,0.971,1.149,0,0
2026-01-02 05:16:00,SYN-01,1.912,64.76,1.22,1.149,0,0
2026-01-02 05:17:00,SYN-02,1.935,89.02,1.172,1.148,0,0
2026-01-02 05:18:00,SYN-03,2.218,81.86,1.052,1.148,0,0
2026-01-02 05:19:00,SYN-04,2.207,76.18,0.948,1.147,0,0
2026-01-02 05:20:00,SYN-01,2.97,64.89,1.015,1.147,0,0
2026-01-02 05:21:00,SYN-02,1.788,82.17,1.055,1.146,0,0
2026-01-02 05:22:00,SYN-03,1.722,67.87,1.095,1.146,0,0
2026-01-02 05:23:00,SYN-04,5.006,198.11,2.812,1.145,1,0
2026-01-02 05:24:00,SYN-01,1.929,83.29,0.959,1.144,0,0
2026-01-02 05:25:00,SYN-02,1.799,75.88,1.186,1.143,0,0
2026-01-02 05:26:00,SYN-03,1.976,74.53,1.157,1.142,0,0
2026-01-02 05:27:00,SYN-04,2.673,72.44,1.082,1.142,0,0
2026-01-02 05:28:00,SYN-01,2.06,72.81,0.895,1.141,0,0
2026-01-02 05:29:00,SYN-02,1.787,66.5,0.661,1.14,0,0
2026-01-02 05:30:00,SYN-03,2.2,69.35,1.148,1.139,0,0
2026-01-02 05:31:00,SYN-04,1.804,68.22,1.07,1.137,0,0
2026-01-02 05:32:00,SYN-01,2.51,57.82,1.009,1.136,0,0
2026-01-02 05:33:00,SYN-02,1.488,70.87,0.915,1.135,0,0
2026-01-02 05:34:00,SYN-03,2.365,70.16,1.165,1.134,0,0
2026-01-02 05:35:00,SYN-04,1.802,89.5,1.068,1.132,0,0
2026-01-02 05:36:00,SYN-01,2.08,63.91,1.188,1.131,0,0
2026-01-02 05:37:00,SYN-02,1.512,91.86,1.229,1.13,0,0
2026-01-02 05:38:00,SYN-03,2.627,81.6,0.989,1.128,0,0
2026-01-02 05:39:00,SYN-04,1.828,81.47,1.09,1.127,0,0
2026-01-02 05:40:00,SYN-01,1.763,63.73,1.012,1.125,0,0
2026-01-02 05:41:00,SYN-02,2.361,55.95,1.148,1.124,0,0
2026-01-02 05:42:00,SYN-03,2.397,74.96,1.212,1.122,0,0
2026-01-02 05:43:00,SYN-04,1.61,76.91,1.027,1.12,0,0
2026-01-02 05:44:00,SYN-01,1.863,79.38,0.996,1.119,0,0
2026-01-02 05:45:00,SYN-02,2.151,71.77,0.966,1.117,0,0
2026-01-02 05:46:00,SYN-03,2.562,75.44,0.982,1.115,0,0
2026-01-02 05:47:00,SYN-04,2.216,86.81,1.23,1.113,0,0
2026-01-02 05:48:00,SYN-01,2.261,63.93,1.064,1.111,0,0
2026-01-02 05:49:00,SYN-02,2.128,71.91,1.025,1.11,0,0
2026-01-02 05:50:00,SYN-03,2.503,71.14,0.968,1.108,0,0
2026-01-02 05:51:00,SYN-04,10.754,150.6,3.767,1.106,1,0
2026-01-02 05:52:00,SYN-01,2.21,83.19,1.01,1.104,0,0
2026-01-02 05:53:00,SYN-02,2.96,78.62,0.94,1.102,0,0
2026-01-02 05:54:00,SYN-03,2.183,76.45,1.232,1.099,0,0
2026-01-02 05:55:00,SYN-04,2.866,81.3,1.515,1.097,0,0
2026-01-02 05:56:00,SYN-01,1.957,66.18,1.11,1.095,0,0
2026-01-02 05:57:00,SYN-02,1.866,59.37,1.142,1.093,0,0
2026-01-02 05:58:00,SYN-03,1.854,88.09,0.945,1.091,0,0
2026-01-02 05:59:00,SYN-04,3.075,86.19,1.257,1.088,0,0
2026-01-02 06:00:00,SYN-01,2.312,81.7,1.062,1.086,0,0
2026-01-02 06:01:00,SYN-02,2.546,82.68,0.979,1.084,0,0
2026-01-02 06:02:00,SYN-03,2.515,78.82,1.308,1.081,0,0
2026-01-02 06:03:00,SYN-04,2.581,83.66,1.055,1.079,0,0
2026-01-02 06:04:00,SYN-01,6.793,306.05,2.882,1.077,1,1
2026-01-02 06:05:00,SYN-02,2.362,64.53,1.193,1.074,0,0
2026-01-02 06:06:00,SYN-03,2.66,78.56,1.172,1.072,0,0
2026-01-02 06:07:00,SYN-04,2.224,79.67,1.368,1.069,0,0
2026-01-02 06:08:00,SYN-01,2.267,86.84,1.112,1.067,0,0
2026-01-02 06:09:00,SYN-02,2.167,68.36,1.274,1.064,0,0
2026-01-02 06:10:00,SYN-03,2.185,91.03,1.246,1.062,0,0
2026-01-02 06:11:00,SYN-04,2.157,85.34,1.345,1.059,0,0
2026-01-02 06:12:00,SYN-01,1.928,79.52,0.956,1.056,0,0
2026-01-02 06:13:00,SYN-02,2.402,92.92,1.17,1.054,0,0
2026-01-02 06:14:00,SYN-03,2.591,77.68,1.054,1.051,0,0
2026-01-02 06:15:00,SYN-04,2.934,77.64,1.074,1.048,0,0
2026-01-02 06:16:00,SYN-01,2.371,76.87,1.067,1.046,0,0
2026-01-02 06:17:00,SYN-02,1.658,67.14,1.168,1.043,0,0
2026-01-02 06:18:00,SYN-03,2.8,93.09,1.186,1.04,0,0
2026-01-02 06:19:00,SYN-04,2.084,72.17,0.949,1.038,0,0
2026-01-02 06:20:00,SYN-01,2.189,85.79,0.873,1.035,0,0
2026-01-02 06:21:00,SYN-02,3.433,76.86,1.231,1.032,0,0
2026-01-02 06:22:00,SYN-03,2.618,86.97,1.389,1.029,0,0
2026-01-02 06:23:00,SYN-04,2.552,71.16,1.213,1.026,0,0
2026-01-02 06:24:00,SYN-01,2.732,82.85,1.148,1.024,0,0
2026-01-02 06:25:00,SYN-02,2.345,83.91,1.097,1.021,0,0
2026-01-02 06:26:00,SYN-03,2.481,83.1,1.24,1.018,0,0
2026-01-02 06:27:00,SYN-04,3.173,84.32,1.306,1.015,0,0
2026-01-02 06:28:00,SYN-01,2.423,78.99,1.117,1.012,0,0
2026-01-02 06:29:00,SYN-02,7.903,249.07,2.75,1.01,1,1
2026-01-02 06:30:00,SYN-03,2.161,95.86,1.378,1.007,0,0
2026-01-02 06:31:00,SYN-04,2.155,84.11,1.062,1.004,0,0
2026-01-02 06:32:00,SYN-01,2.054,70.72,0.82,1.001,0,0
2026-01-02 06:33:00,SYN-02,2.805,84.06,1.121,0.998,0,0
2026-01-02 06:34:00,SYN-03,2.484,85.26,0.967,0.996,0,0
2026-01-02 06:35:00,SYN-04,2.77,63.86,1.099,0.993,0,0
2026-01-02 06:36:00,SYN-01,2.335,81.66,1.246,0.99,0,0
2026-01-02 06:37:00,SYN-02,2.853,74.19,1.18,0.987,0,0
2026-01-02 06:38:00,SYN-03,3.132,96.43,1.291,0.984,0,0
2026-01-02 06:39:00,SYN-04,2.811,77.35,1.106,0.981,0,0
2026-01-02 06:40:00,SYN-01,2.325,87.68,1.237,0.979,0,0
2026-01-02 06:41:00,SYN-02,3.038,95.17,1.029,0.976,0,0
2026-01-02 06:42:00,SYN-03,2.517,99.36,1.122,0.973,0,0
2026-01-02 06:43:00,SYN-04,1.892,91.19,1.321,0.97,0,0
2026-01-02 06:44:00,SYN-01,2.559,93.98,1.278,0.967,0,0
2026-01-02 06:45:00,SYN-02,2.497,91.34,1.319,0.965,0,0
2026-01-02 06:46:00,SYN-03,2.735,76.61,1.369,0.962,0,0
2026-01-02 06:47:00,SYN-04,2.062,90.59,1.395,0.959,0,0
2026-01-02 06:48:00,SYN-01,2.36,90.8,1.033,0.957,0,0
2026-01-02 06:49:00,SYN-02,2.142,92.44,1.259,0.954,0,0
2026-01-02 06:50:00,SYN-03,3.19,73.15,1.299,0.951,0,0
2026-01-02 06:51:00,SYN-04,2.675,76.78,1.161,0.949,0,0
2026-01-02 06:52:00,SYN-01,2.958,103.82,1.32,0.946,0,0
2026-01-02 06:53:00,SYN-02,2.547,98.83,1.189,0.943,0,0
2026-01-02 06:54:00,SYN-03,2.584,100.22,1.231,0.941,0,0
2026-01-02 06:55:00,SYN-04,2.737,101.61,1.294,0.938,0,0
2026-01-02 06:56:00,SYN-01,2.59,90.44,1.198,0.935,0,0
2026-01-02 06:57:00,SYN-02,3.515,91.87,1.4,0.933,0,0
2026-01-02 06:58:00,SYN-03,2.933,86.01,1.261,0.93,0,0
2026-01-02 06:59:00,SYN-04,2.977,91.18,1.126,0.928,0,0
2026-01-02 07:00:00,SYN-01,2.436,98.04,1.208,0.925,0,0
2026-01-02 07:01:00,SYN-02,2.964,103.88,1.457,0.923,0,0
2026-01-02 07:02:00,SYN-03,2.653,94.98,1.285,0.921,0,0
2026-01-02 07:03:00,SYN-04,1.972,93.4,1.206,0.918,0,0
2026-01-02 07:04:00,SYN-01,2.989,100.39,1.454,0.916,0,0
2026-01-02 07:05:00,SYN-02,2.829,99.26,1.422,0.914,0,0
2026-01-02 07:06:00,SYN-03,2.923,92.16,1.279,0.911,0,0
2026-01-02 07:07:00,SYN-04,2.718,103.73,1.133,0.909,0,0
2026-01-02 07:08:00,SYN-01,2.71,91.9,1.552,0.907,0,0
2026-01-02 07:09:00,SYN-02,3.197,101.1,1.214,0.905,0,0
2026-01-02 07:10:00,SYN-03,7.961,260.4,2.516,0.902,1,1
2026-01-02 07:11:00,SYN-04,3.034,95.1,1.263,0.9,0,0
2026-01-02 07:12:00,SYN-01,2.805,88.96,1.308,0.898,0,0
2026-01-02 07:13:00,SYN-02,2.671,95.52,1.307,0.896,0,0
2026-01-02 07:14:00,SYN-03,2.638,99.67,1.217,0.894,0,0
2026-01-02 07:15:00,SYN-04,2.955,94.61,1.203,0.892,0,0
2026-01-02 07:16:00,SYN-01,2.816,94.47,1.338,0.89,0,0
2026-01-02 07:17:00,SYN-02,2.745,92.05,1.229,0.888,0,0
2026-01-02 07:18:00,SYN-03,2.578,105.69,1.533,0.886,0,0
2026-01-02 07:19:00,SYN-04,2.677,97.84,1.264,0.885,0,0
2026-01-02 07:20:00,SYN-01,2.787,93.12,1.408,0.883,0,0
2026-01-02 07:21:00,SYN-02,2.469,86.79,1.305,0.881,0,0
2026-01-02 07:22:00,SYN-03,3.092,104.79,1.299,0.879,0,0
2026-01-02 07:23:00,SYN-04,3.469,93.73,1.33,0.878,0,0
2026-01-02 07:24:00,SYN-01,3.212,97.07,1.407,0.876,0,0
2026-01-02 07:25:00,SYN-02,6.438,194.35,4.173,0.874,1,0
2026-01-02 07:26:00,SYN-03,2.723,99.69,1.678,0.873,0,0
2026-01-02 07:27:00,SYN-04,2.57,104.52,1.305,0.871,0,0
2026-01-02 07:28:00,SYN-01,8.497,208.47,2.428,0.87,1,0
2026-01-02 07:29:00,SYN-02,2.333,91.22,1.23,0.869,0,0
2026-01-02 07:30:00,SYN-03,2.868,91.76,1.405,0.867,0,0
2026-01-02 07:31:00,SYN-04,3.07,103.03,1.621,0.866,0,0
2026-01-02 07:32:00,SYN-01,2.811,106.14,1.432,0.865,0,0
2026-01-02 07:33:00,SYN-02,3.157,104.31,1.217,0.864,0,0
2026-01-02 07:34:00,SYN-03,2.778,87.54,1.13,0.862,0,0
2026-01-02 07:35:00,SYN-04,2.684,88.98,1.437,0.861,0,0
2026-01-02 07:36:00,SYN-01,2.356,98.32,1.38,0.86,0,0
2026-01-02 07:37:00,SYN-02,2.848,98.08,1.238,0.859,0,0
2026-01-02 07:38:00,SYN-03,3.576,97.1,1.267,0.858,0,0
2026-01-02 07:39:00,SYN-04,2.481,100.86,1.436,0.857,0,0
2026-01-02 07:40:00,SYN-01,2.559,100.77,1.465,0.857,0,0
2026-01-02 07:41:00,SYN-02,3.343,105.53,1.405,0.856,0,0
2026-01-02 07:42:00,SYN-03,3.172,105.18,1.348,0.855,0,0
2026-01-02 07:43:00,SYN-04,2.41,102.6,1.389,0.854,0,0
2026-01-02 07:44:00,SYN-01,3.109,109.08,1.437,0.854,0,0
2026-01-02 07:45:00,SYN-02,2.555,103.19,1.477,0.853,0,0
2026-01-02 07:46:00,SYN-03,3.231,101.5,1.53,0.853,0,0
2026-01-02 07:47:00,SYN-04,2.669,92.43,1.425,0.852,0,0
2026-01-02 07:48:00,SYN-01,3.77,90.49,1.493,0.852,0,0
2026-01-02 07:49:00,SYN-02,3.25,112.95,1.307,0.851,0,0
2026-01-02 07:50:00,SYN-03,2.647,114.86,1.38,0.851,0,0
2026-01-02 07:51:00,SYN-04,2.831,87.47,1.418,0.851,0,0
2026-01-02 07:52:00,SYN-01,2.932,89.57,1.486,0.85,0,0
2026-01-02 07:53:00,SYN-02,3.202,105.08,1.389,0.85,0,0
2026-01-02 07:54:00,SYN-03,2.287,92.91,1.373,0.85,0,0
2026-01-02 07:55:00,SYN-04,3.2,98.25,1.333,0.85,0,0
2026-01-02 07:56:00,SYN-01,3.283,109.57,1.347,0.85,0,0
2026-01-02 07:57:00,SYN-02,3.044,96.34,1.428,0.85,0,0
2026-01-02 07:58:00,SYN-03,2.867,106.51,1.298,0.85,0,0
2026-01-02 07:59:00,SYN-04,3.154,97.64,1.517,0.85,0,0
2026-01-02 08:00:00,SYN-01,8.32,240.8,4.128,0.85,1,1
2026-01-02 08:01:00,SYN-02,2.663,108.14,1.514,0.851,0,0
2026-01-02 08:02:00,SYN-03,3.19,92.39,1.514,0.851,0,0
2026-01-02 08:03:00,SYN-04,2.977,97.08,1.32,0.851,0,0
2026-01-02 08:04:00,SYN-01,2.746,101.5,1.439,0.852,0,0
2026-01-02 08:05:00,SYN-02,3.085,103.61,1.414,0.852,0,0
2026-01-02 08:06:00,SYN-03,3.097,96.92,1.59,0.853,0,0
2026-01-02 08:07:00,SYN-04,2.331,101.35,1.286,0.853,0,0
2026-01-02 08:08:00,SYN-01,3.265,108.01,1.444,0.854,0,0
2026-01-02 08:09:00,SYN-02,2.764,97.3,1.153,0.855,0,0
2026-01-02 08:10:00,SYN-03,3.46,95.61,1.355,0.855,0,0
2026-01-02 08:11:00,SYN-04,2.766,83.14,1.364,0.856,0,0
2026-01-02 08:12:00,SYN-01,2.72,94.41,1.287,0.857,0,0
2026-01-02 08:13:00,SYN-02,3.29,87.91,1.404,0.858,0,0
2026-01-02 08:14:00,SYN-03,3.044,89.38,1.469,0.859,0,0
2026-01-02 08:15:00,SYN-04,3.074,114.82,1.477,0.86,0,0
2026-01-02 08:16:00,SYN-01,2.519,98.03,1.289,0.861,0,0
2026-01-02 08:17:00,SYN-02,2.943,90.68,1.596,0.862,0,0
2026-01-02 08:18:00,SYN-03,2.887,96.34,1.408,0.863,0,0
2026-01-02 08:19:00,SYN-04,2.554,97.22,1.187,0.864,0,0
2026-01-02 08:20:00,SYN-01,3.087,100.82,1.416,0.865,0,0
2026-01-02 08:21:00,SYN-02,2.879,79.42,1.482,0.867,0,0
2026-01-02 08:22:00,SYN-03,3.215,87.39,1.388,0.868,0,0
2026-01-02 08:23:00,SYN-04,3.407,112.81,1.329,0.869,0,0
2026-01-02 08:24:00,SYN-01,12.948,255.19,2.73,0.871,1,1
2026-01-02 08:25:00,SYN-02,2.448,95.35,1.317,0.872,0,0
2026-01-02 08:26:00,SYN-03,9.727,229.35,2.94,0.874,1,1
2026-01-02 08:27:00,SYN-04,9.686,298.7,2.313,0.875,1,1
2026-01-02 08:28:00,SYN-01,2.671,93.98,1.422,0.877,0,0
2026-01-02 08:29:00,SYN-02,8.936,220.75,2.538,0.879,1,1
2026-01-02 08:30:00,SYN-03,2.711,102.69,1.322,0.88,0,0
2026-01-02 08:31:00,SYN-04,3.035,108.42,1.556,0.882,0,0
2026-01-02 08:32:00,SYN-01,2.848,95.45,1.388,0.884,0,0
2026-01-02 08:33:00,SYN-02,2.622,102.93,1.366,0.886,0,0
2026-01-02 08:34:00,SYN-03,2.023,86.03,1.309,0.887,0,0
2026-01-02 08:35:00,SYN-04,2.836,89.8,1.375,0.889,0,0
2026-01-02 08:36:00,SYN-01,2.623,100.3,1.342,0.891,0,0
2026-01-02 08:37:00,SYN-02,2.988,92.68,1.489,0.893,0,0
2026-01-02 08:38:00,SYN-03,2.797,94.49,1.45,0.895,0,0
2026-01-02 08:39:00,SYN-04,3.49,88.32,1.28,0.897,0,0
2026-01-02 08:40:00,SYN-01,2.893,102.96,1.27,0.899,0,0
2026-01-02 08:41:00,SYN-02,2.764,87.46,1.444,0.901,0,0
2026-01-02 08:42:00,SYN-03,7.406,300.57,3.537,0.904,1,1
2026-01-02 08:43:00,SYN-04,1.973,99.1,1.229,0.906,0,0
2026-01-02 08:44:00,SYN-01,2.557,93.05,1.323,0.908,0,0
2026-01-02 08:45:00,SYN-02,1.982,96.31,1.466,0.91,0,0
2026-01-02 08:46:00,SYN-03,2.932,79.73,1.253,0.913,0,0
2026-01-02 08:47:00,SYN-04,3.053,95.13,1.514,0.915,0,0
2026-01-02 08:48:00,SYN-01,3.101,88.29,1.304,0.917,0,0
2026-01-02 08:49:00,SYN-02,9.115,270.22,2.447,0.92,1,1
2026-01-02 08:50:00,SYN-03,2.56,92.56,1.161,0.922,0,0
2026-01-02 08:51:00,SYN-04,2.287,85.72,1.418,0.924,0,0
2026-01-02 08:52:00,SYN-01,2.624,84.23,1.14,0.927,0,0
2026-01-02 08:53:00,SYN-02,3.219,92.34,1.309,0.929,0,0
2026-01-02 08:54:00,SYN-03,2.278,79.0,1.385,0.932,0,0
2026-01-02 08:55:00,SYN-04,2.07,84.98,1.03,0.934,0,0
2026-01-02 08:56:00,SYN-01,3.007,93.36,1.384,0.937,0,0
2026-01-02 08:57:00,SYN-02,3.178,89.1,1.273,0.94,0,0
2026-01-02 08:58:00,SYN-03,2.461,94.53,1.542,0.942,0,0
2026-01-02 08:59:00,SYN-04,2.232,81.45,1.309,0.945,0,0
2026-01-02 09:00:00,SYN-01,2.331,92.92,1.068,0.947,0,0
2026-01-02 09:01:00,SYN-02,2.921,91.35,1.498,0.95,0,0
2026-01-02 09:02:00,SYN-03,2.715,94.69,1.188,0.953,0,0
2026-01-02 09:03:00,SYN-04,2.878,73.95,1.028,0.955,0,0
2026-01-02 09:04:00,SYN-01,2.309,87.95,1.327,0.958,0,0
2026-01-02 09:05:00,SYN-02,3.003,96.99,1.163,0.961,0,0
2026-01-02 09:06:00,SYN-03,2.824,93.45,1.425,0.964,0,0
2026-01-02 09:07:00,SYN-04,2.63,87.41,1.155,0.966,0,0
2026-01-02 09:08:00,SYN-01,2.783,88.0,1.255,0.969,0,0
2026-01-02 09:09:00,SYN-02,2.45,90.43,1.19,0.972,0,0
2026-01-02 09:10:00,SYN-03,2.363,84.97,1.231,0.975,0,0
2026-01-02 09:11:00,SYN-04,3.064,85.4,1.23,0.977,0,0
2026-01-02 09:12:00,SYN-01,2.564,77.41,1.386,0.98,0,0
2026-01-02 09:13:00,SYN-02,2.846,76.6,1.337,0.983,0,0
2026-01-02 09:14:00,SYN-03,2.642,79.02,1.397,0.986,0,0
2026-01-02 09:15:00,SYN-04,2.658,79.63,1.273,0.989,0,0
2026-01-02 09:16:00,SYN-01,2.484,73.11,1.182,0.992,0,0
2026-01-02 09:17:00,SYN-02,2.326,81.86,1.421,0.994,0,0
2026-01-02 09:18:00,SYN-03,2.447,77.22,1.191,0.997,0,0
2026-01-02 09:19:00,SYN-04,2.356,71.29,1.307,1.0,0,0
