timestamp,machine_id,pressure_bar,flow_lpm,sound_db,door_open,sensor_anomaly,failure
2026-01-01 00:00:00,SYN-01,4.066,65.19,61.64,0,0,0
2026-01-01 00:01:00,SYN-02,4.158,63.66,60.51,0,0,0
2026-01-01 00:02:00,SYN-03,4.228,63.49,62.59,0,0,0
2026-01-01 00:03:00,SYN-04,3.87,64.51,62.14,0,0,0
2026-01-01 00:04:00,SYN-01,4.254,65.1,60.69,0,0,0
2026-01-01 00:05:00,SYN-02,4.107,59.94,62.35,0,0,0
2026-01-01 00:06:00,SYN-03,4.297,67.11,61.46,0,0,0
2026-01-01 00:07:00,SYN-04,4.345,59.69,61.42,0,0,0
2026-01-01 00:08:00,SYN-01,4.205,60.93,60.41,0,0,0
2026-01-01 00:09:00,SYN-02,4.213,63.76,61.57,0,0,0
2026-01-01 00:10:00,SYN-03,4.149,65.35,58.81,0,0,0
2026-01-01 00:11:00,SYN-04,4.196,61.61,62.62,0,0,0
2026-01-01 00:12:00,SYN-01,4.102,61.93,63.95,0,0,0
2026-01-01 00:13:00,SYN-02,4.237,65.67,62.61,0,0,0
2026-01-01 00:14:00,SYN-03,4.339,58.99,60.23,0,0,0
2026-01-01 00:15:00,SYN-04,3.982,62.5,61.56,0,0,0
2026-01-01 00:16:00,SYN-01,4.374,63.25,60.37,0,0,0
2026-01-01 00:17:00,SYN-02,4.144,61.01,61.3,0,0,0
2026-01-01 00:18:00,SYN-03,4.175,61.07,60.6,0,0,0
2026-01-01 00:19:00,SYN-04,4.033,64.97,62.56,0,0,0
2026-01-01 00:20:00,SYN-01,4.138,64.57,62.03,0,0,0
2026-01-01 00:21:00,SYN-02,4.38,62.69,61.26,0,0,0
2026-01-01 00:22:00,SYN-03,4.373,64.6,62.23,0,0,0
2026-01-01 00:23:00,SYN-04,4.278,61.75,62.9,0,0,0
2026-01-01 00:24:00,SYN-01,4.256,59.3,63.4,0,0,0
2026-01-01 00:25:00,SYN-02,4.311,65.02,60.67,0,0,0
2026-01-01 00:26:00,SYN-03,4.25,61.97,59.0,0,0,0
2026-01-01 00:27:00,SYN-04,4.168,65.65,58.09,0,0,0
2026-01-01 00:28:00,SYN-01,3.935,63.1,62.79,0,0,0
2026-01-01 00:29:00,SYN-02,4.213,62.23,60.64,0,0,0
2026-01-01 00:30:00,SYN-03,4.115,57.62,60.26,0,0,0
2026-01-01 00:31:00,SYN-04,3.283,80.64,71.73,1,1,0
2026-01-01 00:32:00,SYN-01,4.21,64.72,61.56,0,0,0
2026-01-01 00:33:00,SYN-02,4.247,66.01,62.76,0,0,0
2026-01-01 00:34:00,SYN-03,4.203,65.36,62.06,0,0,0
2026-01-01 00:35:00,SYN-04,4.109,61.42,60.96,0,0,0
2026-01-01 00:36:00,SYN-01,4.268,59.17,59.24,0,0,0
2026-01-01 00:37:00,SYN-02,3.923,63.1,58.34,0,0,0
2026-01-01 00:38:00,SYN-03,4.207,58.66,62.08,0,0,0
2026-01-01 00:39:00,SYN-04,4.2,63.47,58.78,0,0,0
2026-01-01 00:40:00,SYN-01,4.302,58.48,59.76,0,0,0
2026-01-01 00:41:00,SYN-02,4.4,66.75,59.18,0,0,0
2026-01-01 00:42:00,SYN-03,4.137,62.76,62.29,0,0,0
2026-01-01 00:43:00,SYN-04,4.218,63.18,59.98,0,0,0
2026-01-01 00:44:00,SYN-01,4.326,65.34,63.54,0,0,0
2026-01-01 00:45:00,SYN-02,3.932,61.89,60.83,0,0,0
2026-01-01 00:46:00,SYN-03,4.284,59.31,60.48,0,0,0
2026-01-01 00:47:00,SYN-04,4.222,61.61,58.88,0,0,0
2026-01-01 00:48:00,SYN-01,4.128,60.13,59.06,0,0,0
2026-01-01 00:49:00,SYN-02,4.165,58.63,61.67,0,0,0
2026-01-01 00:50:00,SYN-03,4.1,60.24,59.92,0,0,0
2026-01-01 00:51:00,SYN-04,4.103,65.01,62.37,0,0,0
2026-01-01 00:52:00,SYN-01,4.391,63.62,61.03,0,0,0
2026-01-01 00:53:00,SYN-02,4.179,62.56,58.77,0,0,0
2026-01-01 00:54:00,SYN-03,3.991,60.17,62.23,0,0,0
2026-01-01 00:55:00,SYN-04,4.183,61.1,62.97,0,0,0
2026-01-01 00:56:00,SYN-01,3.969,59.31,59.41,0,0,0
2026-01-01 00:57:00,SYN-02,4.181,66.29,61.14,0,0,0
2026-01-01 00:58:00,SYN-03,4.27,60.54,62.51,0,0,0
2026-01-01 00:59:00,SYN-04,4.333,61.55,60.4,0,0,0
2026-01-01 01:00:00,SYN-01,4.378,62.34,63.59,0,0,0
2026-01-01 01:01:00,SYN-02,4.172,62.48,59.81,0,0,0
2026-01-01 01:02:00,SYN-03,4.192,65.64,59.79,0,0,0
2026-01-01 01:03:00,SYN-04,4.158,63.43,62.45,0,0,0
2026-01-01 01:04:00,SYN-01,4.204,64.12,60.0,0,0,0
2026-01-01 01:05:00,SYN-02,4.364,60.49,59.64,0,0,0
2026-01-01 01:06:00,SYN-03,4.106,62.88,60.06,0,0,0
2026-01-01 01:07:00,SYN-04,4.299,59.42,61.25,0,0,0
2026-01-01 01:08:00,SYN-01,4.224,63.17,59.11,0,0,0
2026-01-01 01:09:00,SYN-02,4.231,66.21,61.27,0,0,0
2026-01-01 01:10:00,SYN-03,4.16,59.9,60.96,0,0,0
2026-01-01 01:11:00,SYN-04,4.143,59.83,60.11,0,0,0
2026-01-01 01:12:00,SYN-01,4.212,63.38,63.06,0,0,0
2026-01-01 01:13:00,SYN-02,4.191,63.23,64.15,0,0,0
2026-01-01 01:14:00,SYN-03,4.163,61.08,61.29,0,0,0
2026-01-01 01:15:00,SYN-04,4.18,58.51,59.38,0,0,0
2026-01-01 01:16:00,SYN-01,4.164,61.32,61.66,0,0,0
2026-01-01 01:17:00,SYN-02,4.462,61.39,63.11,0,0,0
2026-01-01 01:18:00,SYN-03,4.347,63.03,61.57,0,0,0
2026-01-01 01:19:00,SYN-04,4.212,60.53,63.66,0,0,0
2026-01-01 01:20:00,SYN-01,4.058,62.76,61.42,0,0,0
2026-01-01 01:21:00,SYN-02,4.031,56.67,59.58,0,0,0
2026-01-01 01:22:00,SYN-03,4.192,61.0,60.04,0,0,0
2026-01-01 01:23:00,SYN-04,4.161,62.01,61.98,0,0,0
2026-01-01 01:24:00,SYN-01,4.372,61.92,60.49,0,0,0
2026-01-01 01:25:00,SYN-02,4.304,63.56,62.15,0,0,0
2026-01-01 01:26:00,SYN-03,4.252,64.78,60.36,0,0,0
2026-01-01 01:27:00,SYN-04,4.323,59.5,62.73,0,0,0
2026-01-01 01:28:00,SYN-01,4.174,62.25,60.19,0,0,0
2026-01-01 01:29:00,SYN-02,4.336,58.73,62.6,0,0,0
2026-01-01 01:30:00,SYN-03,4.165,64.38,60.27,0,0,0
2026-01-01 01:31:00,SYN-04,4.286,60.37,57.84,0,0,0
2026-01-01 01:32:00,SYN-01,4.001,63.17,61.72,0,0,0
2026-01-01 01:33:00,SYN-02,4.431,63.55,60.15,0,0,0
2026-01-01 01:34:00,SYN-03,4.259,65.75,59.73,0,0,0
2026-01-01 01:35:00,SYN-04,4.359,58.43,56.63,0,0,0
2026-01-01 01:36:00,SYN-01,4.229,61.3,59.72,0,0,0
2026-01-01 01:37:00,SYN-02,4.406,64.45,60.65,0,0,0
2026-01-01 01:38:00,SYN-03,2.517,74.85,68.77,1,1,1
2026-01-01 01:39:00,SYN-04,4.216,57.3,61.68,0,0,0
2026-01-01 01:40:00,SYN-01,4.505,62.96,62.84,0,0,0
2026-01-01 01:41:00,SYN-02,4.027,58.85,61.17,0,0,0
2026-01-01 01:42:00,SYN-03,4.194,63.03,61.27,0,0,0
2026-01-01 01:43:00,SYN-04,4.323,58.67,61.13,0,0,0
2026-01-01 01:44:00,SYN-01,4.159,61.41,59.09,0,0,0
2026-01-01 01:45:00,SYN-02,4.052,64.48,58.61,0,0,0
2026-01-01 01:46:00,SYN-03,4.253,61.07,59.03,0,0,0
2026-01-01 01:47:00,SYN-04,4.19,57.42,59.92,0,0,0
2026-01-01 01:48:00,SYN-01,4.155,59.76,60.23,0,0,0
2026-01-01 01:49:00,SYN-02,4.136,64.0,62.34,0,0,0
2026-01-01 01:50:00,SYN-03,4.25,62.75,61.09,0,0,0
2026-01-01 01:51:00,SYN-04,4.253,63.98,58.8,0,0,0
2026-01-01 01:52:00,SYN-01,4.115,64.38,58.93,0,0,0
2026-01-01 01:53:00,SYN-02,4.418,61.36,59.78,0,0,0
2026-01-01 01:54:00,SYN-03,4.189,64.4,65.48,0,0,0
2026-01-01 01:55:00,SYN-04,4.389,60.18,65.59,0,0,0
2026-01-01 01:56:00,SYN-01,4.148,66.21,60.84,0,0,0
2026-01-01 01:57:00,SYN-02,3.963,60.33,63.52,0,0,0
2026-01-01 01:58:00,SYN-03,4.156,65.59,62.43,0,0,0
2026-01-01 01:59:00,SYN-04,4.249,65.27,57.74,0,0,0
2026-01-01 02:00:00,SYN-01,4.187,61.76,56.46,0,0,0
2026-01-01 02:01:00,SYN-02,4.18,65.22,60.66,0,0,0
2026-01-01 02:02:00,SYN-03,4.17,60.78,58.58,0,0,0
2026-01-01 02:03:00,SYN-04,4.131,61.38,63.54,0,0,0
2026-01-01 02:04:00,SYN-01,4.462,63.68,60.11,0,0,0
2026-01-01 02:05:00,SYN-02,4.262,58.83,65.29,0,0,0
2026-01-01 02:06:00,SYN-03,4.117,62.72,65.06,0,0,0
2026-01-01 02:07:00,SYN-04,4.239,63.43,63.55,0,0,0
2026-01-01 02:08:00,SYN-01,4.238,65.85,63.36,0,0,0
2026-01-01 02:09:00,SYN-02,4.091,65.21,59.08,0,0,0
2026-01-01 02:10:00,SYN-03,4.207,61.71,60.07,0,0,0
2026-01-01 02:11:00,SYN-04,2.959,78.82,68.79,1,1,1
2026-01-01 02:12:00,SYN-01,4.065,63.22,56.81,0,0,0
2026-01-01 02:13:00,SYN-02,2.296,75.06,69.9,1,1,1
2026-01-01 02:14:00,SYN-03,4.206,63.8,60.15,0,0,0
2026-01-01 02:15:00,SYN-04,4.038,57.19,59.71,0,0,0
2026-01-01 02:16:00,SYN-01,4.168,57.93,59.6,0,0,0
2026-01-01 02:17:00,SYN-02,4.206,61.12,61.89,0,0,0
2026-01-01 02:18:00,SYN-03,4.269,60.33,60.53,0,0,0
2026-01-01 02:19:00,SYN-04,3.915,62.32,60.87,0,0,0
2026-01-01 02:20:00,SYN-01,4.251,58.43,60.99,0,0,0
2026-01-01 02:21:00,SYN-02,4.038,57.5,56.81,0,0,0
2026-01-01 02:22:00,SYN-03,4.202,60.43,61.37,0,0,0
2026-01-01 02:23:00,SYN-04,4.304,61.55,60.53,0,0,0
2026-01-01 02:24:00,SYN-01,4.083,62.8,59.48,0,0,0
2026-01-01 02:25:00,SYN-02,4.011,64.04,58.09,0,0,0
2026-01-01 02:26:00,SYN-03,4.203,65.63,61.28,0,0,0
2026-01-01 02:27:00,SYN-04,4.116,62.14,63.72,0,0,0
2026-01-01 02:28:00,SYN-01,4.258,61.46,59.9,0,0,0
2026-01-01 02:29:00,SYN-02,4.18,61.8,61.23,0,0,0
2026-01-01 02:30:00,SYN-03,4.174,60.93,59.36,0,0,0
2026-01-01 02:31:00,SYN-04,4.177,58.35,55.8,0,0,0
2026-01-01 02:32:00,SYN-01,4.308,57.84,58.41,0,0,0
2026-01-01 02:33:00,SYN-02,4.155,64.17,59.38,0,0,0
2026-01-01 02:34:00,SYN-03,4.166,62.33,61.7,0,0,0
2026-01-01 02:35:00,SYN-04,4.271,62.76,60.26,0,0,0
2026-01-01 02:36:00,SYN-01,4.188,60.83,57.76,0,0,0
2026-01-01 02:37:00,SYN-02,4.442,62.0,61.63,0,0,0
2026-01-01 02:38:00,SYN-03,4.451,64.59,61.95,0,0,0
2026-01-01 02:39:00,SYN-04,4.313,59.93,61.09,0,0,0
2026-01-01 02:40:00,SYN-01,3.991,66.0,62.01,0,0,0
2026-01-01 02:41:00,SYN-02,4.129,59.13,63.61,0,0,0
2026-01-01 02:42:00,SYN-03,4.191,61.18,60.41,0,0,0
2026-01-01 02:43:00,SYN-04,4.088,57.41,61.43,0,0,0
2026-01-01 02:44:00,SYN-01,4.292,62.11,60.85,0,0,0
2026-01-01 02:45:00,SYN-02,4.087,60.25,59.37,0,0,0
2026-01-01 02:46:00,SYN-03,4.173,63.31,62.83,0,0,0
2026-01-01 02:47:00,SYN-04,4.19,61.35,59.69,0,0,0
2026-01-01 02:48:00,SYN-01,4.186,59.33,64.33,0,0,0
2026-01-01 02:49:00,SYN-02,4.136,62.63,60.75,0,0,0
2026-01-01 02:50:00,SYN-03,4.242,63.11,64.54,0,0,0
2026-01-01 02:51:00,SYN-04,4.273,61.7,61.31,0,0,0
2026-01-01 02:52:00,SYN-01,4.309,64.27,62.27,0,0,0
2026-01-01 02:53:00,SYN-02,4.141,62.84,60.2,0,0,0
2026-01-01 02:54:00,SYN-03,4.185,61.29,62.53,0,0,0
2026-01-01 02:55:00,SYN-04,4.284,61.66,61.38,0,0,0
2026-01-01 02:56:00,SYN-01,4.343,62.94,63.76,0,0,0
2026-01-01 02:57:00,SYN-02,4.267,63.82,64.82,0,0,0
2026-01-01 02:58:00,SYN-03,4.207,62.12,61.08,0,0,0
2026-01-01 02:59:00,SYN-04,4.188,64.05,59.84,0,0,0
2026-01-01 03:00:00,SYN-01,4.162,58.19,57.62,0,0,0
2026-01-01 03:01:00,SYN-02,4.342,62.9,62.42,0,0,0
2026-01-01 03:02:00,SYN-03,4.426,60.37,60.89,0,0,0
2026-01-01 03:03:00,SYN-04,4.233,59.38,63.68,0,0,0
2026-01-01 03:04:00,SYN-01,4.045,63.46,62.3,0,0,0
2026-01-01 03:05:00,SYN-02,4.343,62.35,61.11,0,0,0
2026-01-01 03:06:00,SYN-03,4.254,60.66,61.71,0,0,0
2026-01-01 03:07:00,SYN-04,4.254,61.97,59.38,0,0,0
2026-01-01 03:08:00,SYN-01,4.223,62.48,59.62,0,0,0
2026-01-01 03:09:00,SYN-02,4.2,61.77,60.65,0,0,0
2026-01-01 03:10:00,SYN-03,4.286,60.7,64.79,0,0,0
2026-01-01 03:11:00,SYN-04,4.097,62.5,61.65,0,0,0
2026-01-01 03:12:00,SYN-01,4.203,64.1,59.13,0,0,0
2026-01-01 03:13:00,SYN-02,4.101,63.25,59.16,0,0,0
2026-01-01 03:14:00,SYN-03,4.191,64.78,62.45,0,0,0
2026-01-01 03:15:00,SYN-04,3.933,59.41,60.39,0,0,0
2026-01-01 03:16:00,SYN-01,4.368,60.34,63.8,0,0,0
2026-01-01 03:17:00,SYN-02,4.176,65.94,58.84,0,0,0
2026-01-01 03:18:00,SYN-03,4.126,57.61,61.38,0,0,0
2026-01-01 03:19:00,SYN-04,4.146,63.67,59.15,0,0,0
2026-01-01 03:20:00,SYN-01,4.181,59.77,58.92,0,0,0
2026-01-01 03:21:00,SYN-02,4.045,63.25,62.27,0,0,0
2026-01-01 03:22:00,SYN-03,4.169,63.5,61.26,0,0,0
2026-01-01 03:23:00,SYN-04,4.122,65.15,61.24,0,0,0
2026-01-01 03:24:00,SYN-01,4.247,58.66,60.62,0,0,0
2026-01-01 03:25:00,SYN-02,4.19,62.0,61.77,0,0,0
2026-01-01 03:26:00,SYN-03,4.309,59.46,64.04,0,0,0
2026-01-01 03:27:00,SYN-04,4.147,60.69,58.8,0,0,0
2026-01-01 03:28:00,SYN-01,4.329,63.96,59.84,0,0,0
2026-01-01 03:29:00,SYN-02,4.233,60.36,60.34,0,0,0
2026-01-01 03:30:00,SYN-03,4.48,57.99,60.7,0,0,0
2026-01-01 03:31:00,SYN-04,4.055,62.52,61.6,0,0,0
2026-01-01 03:32:00,SYN-01,4.148,61.15,62.08,0,0,0
2026-01-01 03:33:00,SYN-02,4.337,65.47,60.26,0,0,0
2026-01-01 03:34:00,SYN-03,4.125,57.32,60.39,0,0,0
2026-01-01 03:35:00,SYN-04,4.052,60.52,61.94,0,0,0
2026-01-01 03:36:00,SYN-01,4.321,63.88,62.05,0,0,0
2026-01-01 03:37:00,SYN-02,4.15,61.34,60.57,0,0,0
2026-01-01 03:38:00,SYN-03,4.233,60.89,60.9,0,0,0
2026-01-01 03:39:00,SYN-04,4.118,65.88,61.96,0,0,0
2026-01-01 03:40:00,SYN-01,4.201,62.36,59.86,0,0,0
2026-01-01 03:41:00,SYN-02,4.11,64.46,60.17,0,0,0
2026-01-01 03:42:00,SYN-03,4.097,64.13,61.05,0,0,0
2026-01-01 03:43:00,SYN-04,4.301,60.52,60.94,0,0,0
2026-01-01 03:44:00,SYN-01,4.053,64.86,61.89,0,0,0
2026-01-01 03:45:00,SYN-02,4.315,60.4,61.0,0,0,0
2026-01-01 03:46:00,SYN-03,4.325,60.55,63.39,0,0,0
2026-01-01 03:47:00,SYN-04,4.337,62.79,62.66,0,0,0
2026-01-01 03:48:00,SYN-01,4.384,61.11,63.37,0,0,0
2026-01-01 03:49:00,SYN-02,4.275,59.07,59.46,0,0,0
2026-01-01 03:50:00,SYN-03,4.296,61.83,63.22,0,0,0
2026-01-01 03:51:00,SYN-04,4.074,65.16,58.79,0,0,0
2026-01-01 03:52:00,SYN-01,4.219,54.81,60.49,0,0,0
2026-01-01 03:53:00,SYN-02,4.167,63.43,58.59,0,0,0
2026-01-01 03:54:00,SYN-03,4.215,61.22,59.92,0,0,0
2026-01-01 03:55:00,SYN-04,2.569,78.38,72.77,1,1,1
2026-01-01 03:56:00,SYN-01,4.114,63.93,58.88,0,0,0
2026-01-01 03:57:00,SYN-02,4.024,67.97,62.9,0,0,0
2026-01-01 03:58:00,SYN-03,4.267,63.31,61.99,0,0,0
2026-01-01 03:59:00,SYN-04,4.084,66.39,61.07,0,0,0
2026-01-01 04:00:00,SYN-01,4.071,57.67,63.84,0,0,0
2026-01-01 04:01:00,SYN-02,4.332,59.94,64.2,0,0,0
2026-01-01 04:02:00,SYN-03,4.297,62.73,62.08,0,0,0
2026-01-01 04:03:00,SYN-04,4.285,60.95,60.87,0,0,0
2026-01-01 04:04:00,SYN-01,4.148,59.35,61.36,0,0,0
2026-01-01 04:05:00,SYN-02,4.282,62.54,60.69,0,0,0
2026-01-01 04:06:00,SYN-03,4.363,60.69,61.07,0,0,0
2026-01-01 04:07:00,SYN-04,4.13,60.68,62.51,0,0,0
2026-01-01 04:08:00,SYN-01,4.06,60.7,60.06,0,0,0
2026-01-01 04:09:00,SYN-02,4.232,58.66,60.92,0,0,0
2026-01-01 04:10:00,SYN-03,2.944,69.19,63.59,1,1,1
2026-01-01 04:11:00,SYN-04,4.172,58.69,60.72,0,0,0
2026-01-01 04:12:00,SYN-01,4.299,60.36,62.22,0,0,0
2026-01-01 04:13:00,SYN-02,4.231,55.08,55.59,0,0,0
2026-01-01 04:14:00,SYN-03,4.148,60.77,60.09,0,0,0
2026-01-01 04:15:00,SYN-04,4.264,62.95,60.42,0,0,0
2026-01-01 04:16:00,SYN-01,4.222,65.68,62.5,0,0,0
2026-01-01 04:17:00,SYN-02,4.221,59.26,62.15,0,0,0
2026-01-01 04:18:00,SYN-03,4.325,62.17,62.67,0,0,0
2026-01-01 04:19:00,SYN-04,4.229,59.1,60.33,0,0,0
2026-01-01 04:20:00,SYN-01,4.267,59.89,60.98,0,0,0
2026-01-01 04:21:00,SYN-02,4.247,66.51,60.72,0,0,0
2026-01-01 04:22:00,SYN-03,4.081,59.61,61.5,0,0,0
2026-01-01 04:23:00,SYN-04,4.207,63.22,62.04,0,0,0
2026-01-01 04:24:00,SYN-01,4.303,60.46,60.65,0,0,0
2026-01-01 04:25:00,SYN-02,3.178,72.7,73.9,1,1,0
2026-01-01 04:26:00,SYN-03,4.013,61.92,61.37,0,0,0
2026-01-01 04:27:00,SYN-04,4.212,65.35,61.32,0,0,0
2026-01-01 04:28:00,SYN-01,4.136,62.09,56.2,0,0,0
2026-01-01 04:29:00,SYN-02,4.182,61.32,59.38,0,0,0
2026-01-01 04:30:00,SYN-03,4.263,64.69,62.56,0,0,0
2026-01-01 04:31:00,SYN-04,4.145,63.07,61.99,0,0,0
2026-01-01 04:32:00,SYN-01,4.058,63.58,59.95,0,0,0
2026-01-01 04:33:00,SYN-02,4.276,61.51,62.12,0,0,0
2026-01-01 04:34:00,SYN-03,4.05,61.92,64.28,0,0,0
2026-01-01 04:35:00,SYN-04,3.222,73.33,74.31,1,1,0
2026-01-01 04:36:00,SYN-01,4.22,62.27,61.31,0,0,0
2026-01-01 04:37:00,SYN-02,4.362,60.58,63.15,0,0,0
2026-01-01 04:38:00,SYN-03,4.287,64.12,60.04,0,0,0
2026-01-01 04:39:00,SYN-04,4.163,63.96,60.44,0,0,0
2026-01-01 04:40:00,SYN-01,4.328,63.3,63.11,0,0,0
2026-01-01 04:41:00,SYN-02,4.182,59.53,61.7,0,0,0
2026-01-01 04:42:00,SYN-03,4.217,59.54,59.46,0,0,0
2026-01-01 04:43:00,SYN-04,4.323,58.04,60.72,0,0,0
2026-01-01 04:44:00,SYN-01,3.843,60.24,63.37,0,0,0
2026-01-01 04:45:00,SYN-02,4.203,61.37,61.56,0,0,0
2026-01-01 04:46:00,SYN-03,4.223,61.26,61.94,0,0,0
2026-01-01 04:47:00,SYN-04,4.163,63.6,65.1,0,0,0
2026-01-01 04:48:00,SYN-01,4.509,59.5,61.49,0,0,0
2026-01-01 04:49:00,SYN-02,2.489,71.22,75.34,1,1,1
2026-01-01 04:50:00,SYN-03,4.145,66.69,61.59,0,0,0
2026-01-01 04:51:00,SYN-04,4.31,61.52,60.8,0,0,0
2026-01-01 04:52:00,SYN-01,4.531,64.39,61.81,0,0,0
2026-01-01 04:53:00,SYN-02,4.172,59.02,62.72,0,0,0
2026-01-01 04:54:00,SYN-03,4.037,62.11,60.19,0,0,0
2026-01-01 04:55:00,SYN-04,3.938,63.26,59.45,0,0,0
2026-01-01 04:56:00,SYN-01,4.115,58.75,59.99,0,0,0
2026-01-01 04:57:00,SYN-02,4.187,62.54,60.97,0,0,0
2026-01-01 04:58:00,SYN-03,4.208,60.74,64.28,0,0,0
2026-01-01 04:59:00,SYN-04,4.038,65.42,57.99,0,0,0
2026-01-01 05:00:00,SYN-01,4.31,61.82,59.93,0,0,0
2026-01-01 05:01:00,SYN-02,4.245,58.32,59.94,0,0,0
2026-01-01 05:02:00,SYN-03,4.207,60.87,62.71,0,0,0
2026-01-01 05:03:00,SYN-04,4.138,64.4,61.16,0,0,0
2026-01-01 05:04:00,SYN-01,4.076,60.82,61.89,0,0,0
2026-01-01 05:05:00,SYN-02,4.021,60.96,63.62,0,0,0
2026-01-01 05:06:00,SYN-03,4.093,66.03,59.2,0,0,0
2026-01-01 05:07:00,SYN-04,4.401,65.2,61.53,0,0,0
2026-01-01 05:08:00,SYN-01,4.132,61.04,60.89,0,0,0
2026-01-01 05:09:00,SYN-02,4.129,62.48,59.41,0,0,0
2026-01-01 05:10:00,SYN-03,4.183,56.84,61.45,0,0,0
2026-01-01 05:11:00,SYN-04,4.146,64.67,61.02,0,0,0
2026-01-01 05:12:00,SYN-01,3.845,58.42,60.71,0,0,0
2026-01-01 05:13:00,SYN-02,4.337,64.87,59.33,0,0,0
2026-01-01 05:14:00,SYN-03,4.255,61.8,60.45,0,0,0
2026-01-01 05:15:00,SYN-04,4.0,58.81,61.25,0,0,0
2026-01-01 05:16:00,SYN-01,4.123,62.72,59.44,0,0,0
2026-01-01 05:17:00,SYN-02,4.609,62.97,62.75,0,0,0
2026-01-01 05:18:00,SYN-03,4.268,63.04,61.72,0,0,0
2026-01-01 05:19:00,SYN-04,4.237,62.22,58.58,0,0,0
2026-01-01 05:20:00,SYN-01,4.141,62.49,60.38,0,0,0
2026-01-01 05:21:00,SYN-02,4.183,58.27,61.6,0,0,0
2026-01-01 05:22:00,SYN-03,2.392,76.17,71.37,1,1,1
2026-01-01 05:23:00,SYN-04,4.278,61.42,62.91,0,0,0
2026-01-01 05:24:00,SYN-01,4.252,63.69,60.03,0,0,0
2026-01-01 05:25:00,SYN-02,3.943,61.37,62.17,0,0,0
2026-01-01 05:26:00,SYN-03,4.148,63.83,60.63,0,0,0
2026-01-01 05:27:00,SYN-04,4.275,66.15,59.61,0,0,0
2026-01-01 05:28:00,SYN-01,4.238,58.77,59.0,0,0,0
2026-01-01 05:29:00,SYN-02,4.324,61.17,60.45,0,0,0
2026-01-01 05:30:00,SYN-03,4.22,56.16,60.74,0,0,0
2026-01-01 05:31:00,SYN-04,4.34,62.68,57.55,0,0,0
2026-01-01 05:32:00,SYN-01,4.065,61.6,61.33,0,0,0
2026-01-01 05:33:00,SYN-02,4.284,59.73,61.48,0,0,0
2026-01-01 05:34:00,SYN-03,4.235,63.07,60.95,0,0,0
2026-01-01 05:35:00,SYN-04,4.325,59.82,61.14,0,0,0
2026-01-01 05:36:00,SYN-01,4.206,61.22,60.64,0,0,0
2026-01-01 05:37:00,SYN-02,4.397,61.37,61.52,0,0,0
2026-01-01 05:38:00,SYN-03,4.277,61.27,61.81,0,0,0
2026-01-01 05:39:00,SYN-04,4.396,60.21,62.56,0,0,0
2026-01-01 05:40:00,SYN-01,4.073,66.2,57.41,0,0,0
2026-01-01 05:41:00,SYN-02,4.333,61.69,62.06,0,0,0
2026-01-01 05:42:00,SYN-03,4.25,59.98,61.6,0,0,0
2026-01-01 05:43:00,SYN-04,4.208,63.93,61.98,0,0,0
2026-01-01 05:44:00,SYN-01,4.186,63.05,61.21,0,0,0
2026-01-01 05:45:00,SYN-02,4.377,58.15,61.15,0,0,0
2026-01-01 05:46:00,SYN-03,4.313,62.4,59.32,0,0,0
2026-01-01 05:47:00,SYN-04,4.291,65.32,62.9,0,0,0
2026-01-01 05:48:00,SYN-01,4.255,63.7,58.74,0,0,0
2026-01-01 05:49:00,SYN-02,4.11,64.61,64.8,0,0,0
2026-01-01 05:50:00,SYN-03,4.284,55.99,61.79,0,0,0
2026-01-01 05:51:00,SYN-04,4.098,63.08,62.56,0,0,0
2026-01-01 05:52:00,SYN-01,4.12,64.76,61.63,0,0,0
2026-01-01 05:53:00,SYN-02,4.225,65.03,59.02,0,0,0
2026-01-01 05:54:00,SYN-03,4.122,61.7,60.12,0,0,0
2026-01-01 05:55:00,SYN-04,4.194,58.9,60.55,0,0,0
2026-01-01 05:56:00,SYN-01,4.129,59.52,61.1,0,0,0
2026-01-01 05:57:00,SYN-02,4.209,61.46,60.09,0,0,0
2026-01-01 05:58:00,SYN-03,4.002,59.98,61.57,0,0,0
2026-01-01 05:59:00,SYN-04,4.182,60.34,64.99,0,0,0
2026-01-01 06:00:00,SYN-01,4.169,64.64,57.78,0,0,0
2026-01-01 06:01:00,SYN-02,4.065,61.63,60.34,0,0,0
2026-01-01 06:02:00,SYN-03,4.195,61.36,61.82,0,0,0
2026-01-01 06:03:00,SYN-04,4.362,58.67,59.47,0,0,0
2026-01-01 06:04:00,SYN-01,4.105,59.47,59.05,0,0,0
2026-01-01 06:05:00,SYN-02,4.173,62.31,64.64,0,0,0
2026-01-01 06:06:00,SYN-03,4.002,64.36,59.71,0,0,0
2026-01-01 06:07:00,SYN-04,4.206,65.13,60.26,0,0,0
2026-01-01 06:08:00,SYN-01,4.324,62.31,62.11,0,0,0
2026-01-01 06:09:00,SYN-02,4.199,65.72,61.45,0,0,0
2026-01-01 06:10:00,SYN-03,4.382,63.28,62.94,0,0,0
2026-01-01 06:11:00,SYN-04,4.231,64.16,61.51,0,0,0
2026-01-01 06:12:00,SYN-01,4.198,60.5,56.89,0,0,0
2026-01-01 06:13:00,SYN-02,4.127,62.66,64.08,0,0,0
2026-01-01 06:14:00,SYN-03,4.284,66.22,60.53,0,0,0
2026-01-01 06:15:00,SYN-04,4.174,64.57,60.66,0,0,0
2026-01-01 06:16:00,SYN-01,4.065,62.86,60.04,0,0,0
2026-01-01 06:17:00,SYN-02,4.12,60.15,58.39,0,0,0
2026-01-01 06:18:00,SYN-03,4.12,60.0,60.56,0,0,0
2026-01-01 06:19:00,SYN-04,4.075,63.58,61.9,0,0,0
2026-01-01 06:20:00,SYN-01,4.199,62.34,59.11,0,0,0
2026-01-01 06:21:00,SYN-02,4.307,61.73,61.04,0,0,0
2026-01-01 06:22:00,SYN-03,4.212,61.31,60.16,0,0,0
2026-01-01 06:23:00,SYN-04,4.184,61.81,64.16,0,0,0
2026-01-01 06:24:00,SYN-01,4.241,60.5,60.74,0,0,0
2026-01-01 06:25:00,SYN-02,4.102,61.9,59.4,0,0,0
2026-01-01 06:26:00,SYN-03,4.352,63.23,62.49,0,0,0
2026-01-01 06:27:00,SYN-04,4.367,64.42,59.95,0,0,0
2026-01-01 06:28:00,SYN-01,4.201,64.84,60.04,0,0,0
2026-01-01 06:29:00,SYN-02,4.265,65.88,60.97,0,0,0
2026-01-01 06:30:00,SYN-03,4.096,63.3,58.82,0,0,0
2026-01-01 06:31:00,SYN-04,4.211,59.41,60.77,0,0,0
2026-01-01 06:32:00,SYN-01,4.074,65.21,59.82,0,0,0
2026-01-01 06:33:00,SYN-02,4.286,58.19,60.9,0,0,0
2026-01-01 06:34:00,SYN-03,4.175,60.44,61.28,0,0,0
2026-01-01 06:35:00,SYN-04,4.35,58.87,60.71,0,0,0
2026-01-01 06:36:00,SYN-01,4.341,63.63,61.11,0,0,0
2026-01-01 06:37:00,SYN-02,4.309,59.16,62.3,0,0,0
2026-01-01 06:38:00,SYN-03,4.213,66.46,61.79,0,0,0
2026-01-01 06:39:00,SYN-04,4.266,58.57,62.58,0,0,0
2026-01-01 06:40:00,SYN-01,4.292,61.89,61.33,0,0,0
2026-01-01 06:41:00,SYN-02,4.286,60.09,62.86,0,0,0
2026-01-01 06:42:00,SYN-03,4.064,64.74,58.6,0,0,0
2026-01-01 06:43:00,SYN-04,4.238,62.58,59.66,0,0,0
2026-01-01 06:44:00,SYN-01,4.347,64.5,59.64,0,0,0
2026-01-01 06:45:00,SYN-02,4.133,65.37,59.28,0,0,0
2026-01-01 06:46:00,SYN-03,4.096,65.83,61.52,0,0,0
2026-01-01 06:47:00,SYN-04,4.28,59.59,61.46,0,0,0
2026-01-01 06:48:00,SYN-01,4.498,58.14,61.07,0,0,0
2026-01-01 06:49:00,SYN-02,4.221,60.58,59.8,0,0,0
2026-01-01 06:50:00,SYN-03,4.281,59.98,60.13,0,0,0
2026-01-01 06:51:00,SYN-04,2.263,72.96,73.04,1,1,1
2026-01-01 06:52:00,SYN-01,4.39,63.27,60.34,0,0,0
2026-01-01 06:53:00,SYN-02,4.147,63.12,63.8,0,0,0
2026-01-01 06:54:00,SYN-03,4.233,63.37,60.09,0,0,0
2026-01-01 06:55:00,SYN-04,4.296,64.4,61.23,0,0,0
2026-01-01 06:56:00,SYN-01,4.183,60.15,60.17,0,0,0
2026-01-01 06:57:00,SYN-02,4.367,59.81,61.92,0,0,0
2026-01-01 06:58:00,SYN-03,4.237,60.02,63.52,0,0,0
2026-01-01 06:59:00,SYN-04,4.382,67.55,60.94,0,0,0
2026-01-01 07:00:00,SYN-01,4.221,62.89,60.33,0,0,0
2026-01-01 07:01:00,SYN-02,4.238,61.67,63.99,0,0,0
2026-01-01 07:02:00,SYN-03,4.42,63.45,63.82,0,0,0
2026-01-01 07:03:00,SYN-04,4.264,60.46,63.48,0,0,0
2026-01-01 07:04:00,SYN-01,4.52,63.94,61.56,0,0,0
2026-01-01 07:05:00,SYN-02,4.073,61.07,60.59,0,0,0
2026-01-01 07:06:00,SYN-03,3.123,74.02,68.43,1,1,0
2026-01-01 07:07:00,SYN-04,4.2,64.62,63.72,0,0,0
2026-01-01 07:08:00,SYN-01,4.271,58.45,61.23,0,0,0
2026-01-01 07:09:00,SYN-02,4.28,65.72,61.32,0,0,0
2026-01-01 07:10:00,SYN-03,4.087,63.71,64.35,0,0,0
2026-01-01 07:11:00,SYN-04,4.217,61.11,59.07,0,0,0
2026-01-01 07:12:00,SYN-01,4.073,65.3,63.26,0,0,0
2026-01-01 07:13:00,SYN-02,4.385,56.7,63.07,0,0,0
2026-01-01 07:14:00,SYN-03,4.079,60.76,61.03,0,0,0
2026-01-01 07:15:00,SYN-04,4.244,59.88,57.86,0,0,0
2026-01-01 07:16:00,SYN-01,3.318,77.53,68.84,1,0,0
2026-01-01 07:17:00,SYN-02,4.338,58.5,59.6,0,0,0
2026-01-01 07:18:00,SYN-03,4.04,64.35,63.9,0,0,0
2026-01-01 07:19:00,SYN-04,4.174,60.51,63.6,0,0,0
2026-01-01 07:20:00,SYN-01,4.404,60.28,61.67,0,0,0
2026-01-01 07:21:00,SYN-02,4.067,62.39,63.35,0,0,0
2026-01-01 07:22:00,SYN-03,4.195,63.33,60.54,0,0,0
2026-01-01 07:23:00,SYN-04,4.266,59.26,61.33,0,0,0
2026-01-01 07:24:00,SYN-01,4.035,64.79,58.62,0,0,0
2026-01-01 07:25:00,SYN-02,4.301,59.5,60.18,0,0,0
2026-01-01 07:26:00,SYN-03,4.16,60.99,64.1,0,0,0
2026-01-01 07:27:00,SYN-04,4.346,59.94,61.2,0,0,0
2026-01-01 07:28:00,SYN-01,4.093,62.28,60.37,0,0,0
2026-01-01 07:29:00,SYN-02,3.919,63.1,64.7,0,0,0
2026-01-01 07:30:00,SYN-03,4.224,65.32,60.64,0,0,0
2026-01-01 07:31:00,SYN-04,4.151,62.99,60.34,0,0,0
2026-01-01 07:32:00,SYN-01,4.206,60.64,62.59,0,0,0
2026-01-01 07:33:00,SYN-02,4.17,62.86,63.6,0,0,0
2026-01-01 07:34:00,SYN-03,4.019,65.66,60.31,0,0,0
2026-01-01 07:35:00,SYN-04,4.19,63.26,59.6,0,0,0
2026-01-01 07:36:00,SYN-01,4.194,62.42,59.63,0,0,0
2026-01-01 07:37:00,SYN-02,4.27,63.02,61.42,0,0,0
2026-01-01 07:38:00,SYN-03,3.908,57.92,65.03,0,0,0
2026-01-01 07:39:00,SYN-04,4.053,61.03,60.49,0,0,0
2026-01-01 07:40:00,SYN-01,4.06,64.3,64.45,0,0,0
2026-01-01 07:41:00,SYN-02,4.141,58.44,58.63,0,0,0
2026-01-01 07:42:00,SYN-03,4.099,64.73,62.27,0,0,0
2026-01-01 07:43:00,SYN-04,4.234,60.71,62.51,0,0,0
2026-01-01 07:44:00,SYN-01,4.267,62.36,59.88,0,0,0
2026-01-01 07:45:00,SYN-02,4.254,64.93,63.81,0,0,0
2026-01-01 07:46:00,SYN-03,4.209,63.17,62.32,0,0,0
2026-01-01 07:47:00,SYN-04,4.128,63.32,62.13,0,0,0
2026-01-01 07:48:00,SYN-01,4.136,58.99,58.03,0,0,0
2026-01-01 07:49:00,SYN-02,4.336,63.32,61.95,0,0,0
2026-01-01 07:50:00,SYN-03,4.116,63.89,58.41,0,0,0
2026-01-01 07:51:00,SYN-04,4.134,64.38,60.22,0,0,0
2026-01-01 07:52:00,SYN-01,4.171,65.03,61.91,0,0,0
2026-01-01 07:53:00,SYN-02,4.325,62.82,57.94,0,0,0
2026-01-01 07:54:00,SYN-03,4.104,63.53,61.0,0,0,0
2026-01-01 07:55:00,SYN-04,4.198,57.46,59.11,0,0,0
2026-01-01 07:56:00,SYN-01,4.172,61.92,58.92,0,0,0
2026-01-01 07:57:00,SYN-02,4.167,63.82,64.75,0,0,0
2026-01-01 07:58:00,SYN-03,4.149,60.8,59.58,0,0,0
2026-01-01 07:59:00,SYN-04,4.36,65.15,61.41,0,0,0
2026-01-01 08:00:00,SYN-01,4.258,60.08,61.94,0,0,0
2026-01-01 08:01:00,SYN-02,4.226,59.92,60.32,0,0,0
2026-01-01 08:02:00,SYN-03,4.376,64.23,58.6,0,0,0
2026-01-01 08:03:00,SYN-04,4.346,61.66,60.74,0,0,0
2026-01-01 08:04:00,SYN-01,4.212,61.17,60.05,0,0,0
2026-01-01 08:05:00,SYN-02,4.202,64.78,62.88,0,0,0
2026-01-01 08:06:00,SYN-03,3.813,58.02,64.62,0,0,0
2026-01-01 08:07:00,SYN-04,4.148,59.11,59.52,0,0,0
2026-01-01 08:08:00,SYN-01,4.178,65.99,60.35,0,0,0
2026-01-01 08:09:00,SYN-02,4.169,60.44,64.44,0,0,0
2026-01-01 08:10:00,SYN-03,4.351,66.01,60.48,0,0,0
2026-01-01 08:11:00,SYN-04,4.099,62.95,62.66,0,0,0
2026-01-01 08:12:00,SYN-01,4.249,60.1,60.76,0,0,0
2026-01-01 08:13:00,SYN-02,4.258,64.11,60.14,0,0,0
2026-01-01 08:14:00,SYN-03,4.226,61.42,60.45,0,0,0
2026-01-01 08:15:00,SYN-04,4.192,62.5,59.39,0,0,0
2026-01-01 08:16:00,SYN-01,4.157,65.16,58.91,0,0,0
2026-01-01 08:17:00,SYN-02,4.169,61.05,61.5,0,0,0
2026-01-01 08:18:00,SYN-03,4.189,64.91,61.02,0,0,0
2026-01-01 08:19:00,SYN-04,4.142,61.95,61.41,0,0,0
2026-01-01 08:20:00,SYN-01,4.208,64.17,59.99,0,0,0
2026-01-01 08:21:00,SYN-02,4.35,63.79,59.6,0,0,0
2026-01-01 08:22:00,SYN-03,4.318,59.47,58.57,0,0,0
2026-01-01 08:23:00,SYN-04,4.145,59.16,59.4,0,0,0
2026-01-01 08:24:00,SYN-01,4.401,56.45,61.74,0,0,0
2026-01-01 08:25:00,SYN-02,4.241,58.79,59.22,0,0,0
2026-01-01 08:26:00,SYN-03,4.1,62.23,60.88,0,0,0
2026-01-01 08:27:00,SYN-04,4.507,61.59,60.81,0,0,0
2026-01-01 08:28:00,SYN-01,4.158,64.42,59.03,0,0,0
2026-01-01 08:29:00,SYN-02,4.142,62.07,60.78,0,0,0
2026-01-01 08:30:00,SYN-03,3.888,58.58,60.54,0,0,0
2026-01-01 08:31:00,SYN-04,4.193,60.48,61.25,0,0,0
2026-01-01 08:32:00,SYN-01,4.154,60.19,60.25,0,0,0
2026-01-01 08:33:00,SYN-02,4.061,60.6,59.48,0,0,0
2026-01-01 08:34:00,SYN-03,4.355,63.64,61.53,0,0,0
2026-01-01 08:35:00,SYN-04,4.25,63.14,62.11,0,0,0
2026-01-01 08:36:00,SYN-01,4.032,63.89,61.62,0,0,0
2026-01-01 08:37:00,SYN-02,4.381,60.48,61.01,0,0,0
2026-01-01 08:38:00,SYN-03,4.096,65.8,61.95,0,0,0
2026-01-01 08:39:00,SYN-04,4.077,62.99,61.5,0,0,0
2026-01-01 08:40:00,SYN-01,4.33,61.98,61.82,0,0,0
2026-01-01 08:41:00,SYN-02,4.092,57.04,61.74,0,0,0
2026-01-01 08:42:00,SYN-03,4.182,62.45,58.45,0,0,0
2026-01-01 08:43:00,SYN-04,4.169,58.8,57.06,0,0,0
2026-01-01 08:44:00,SYN-01,4.125,59.85,62.53,0,0,0
2026-01-01 08:45:00,SYN-02,4.326,63.61,60.18,0,0,0
2026-01-01 08:46:00,SYN-03,4.025,64.84,58.45,0,0,0
2026-01-01 08:47:00,SYN-04,4.239,62.84,61.65,0,0,0
2026-01-01 08:48:00,SYN-01,4.273,64.69,60.49,0,0,0
2026-01-01 08:49:00,SYN-02,4.28,59.64,60.13,0,0,0
2026-01-01 08:50:00,SYN-03,4.154,68.93,61.43,0,0,0
2026-01-01 08:51:00,SYN-04,4.175,59.92,61.51,0,0,0
2026-01-01 08:52:00,SYN-01,4.123,62.57,59.34,0,0,0
2026-01-01 08:53:00,SYN-02,4.283,60.91,62.0,0,0,0
2026-01-01 08:54:00,SYN-03,4.425,57.65,58.27,0,0,0
2026-01-01 08:55:00,SYN-04,4.079,65.26,59.09,0,0,0
2026-01-01 08:56:00,SYN-01,4.182,68.11,61.61,0,0,0
2026-01-01 08:57:00,SYN-02,4.222,59.25,59.39,0,0,0
2026-01-01 08:58:00,SYN-03,4.191,61.73,60.5,0,0,0
2026-01-01 08:59:00,SYN-04,4.269,67.71,59.29,0,0,0
2026-01-01 09:00:00,SYN-01,4.486,63.9,59.6,0,0,0
2026-01-01 09:01:00,SYN-02,4.07,65.45,57.34,0,0,0
2026-01-01 09:02:00,SYN-03,4.35,65.51,62.4,0,0,0
2026-01-01 09:03:00,SYN-04,4.049,61.72,63.32,0,0,0
2026-01-01 09:04:00,SYN-01,4.263,62.88,62.59,0,0,0
2026-01-01 09:05:00,SYN-02,4.067,61.36,60.61,0,0,0
2026-01-01 09:06:00,SYN-03,4.264,59.83,58.38,0,0,0
2026-01-01 09:07:00,SYN-04,4.101,63.73,61.05,0,0,0
2026-01-01 09:08:00,SYN-01,4.142,61.39,58.34,0,0,0
2026-01-01 09:09:00,SYN-02,4.2,71.61,62.06,0,0,0
2026-01-01 09:10:00,SYN-03,4.011,61.6,59.76,0,0,0
2026-01-01 09:11:00,SYN-04,4.223,62.68,63.69,0,0,0
2026-01-01 09:12:00,SYN-01,4.175,63.38,61.66,0,0,0
2026-01-01 09:13:00,SYN-02,4.123,65.64,61.26,0,0,0
2026-01-01 09:14:00,SYN-03,4.184,64.5,64.18,0,0,0
2026-01-01 09:15:00,SYN-04,4.07,62.22,65.01,0,0,0
2026-01-01 09:16:00,SYN-01,4.257,61.71,61.8,0,0,0
2026-01-01 09:17:00,SYN-02,4.219,61.45,61.3,0,0,0
2026-01-01 09:18:00,SYN-03,4.213,63.33,60.19,0,0,0
2026-01-01 09:19:00,SYN-04,4.07,61.09,59.68,0,0,0
2026-01-01 09:20:00,SYN-01,4.246,61.26,66.18,0,0,0
2026-01-01 09:21:00,SYN-02,4.27,61.33,60.9,0,0,0
2026-01-01 09:22:00,SYN-03,4.34,57.7,60.13,0,0,0
2026-01-01 09:23:00,SYN-04,4.329,56.14,59.68,0,0,0
2026-01-01 09:24:00,SYN-01,4.202,64.7,63.0,0,0,0
2026-01-01 09:25:00,SYN-02,4.316,57.44,58.76,0,0,0
2026-01-01 09:26:00,SYN-03,4.124,62.01,59.65,0,0,0
2026-01-01 09:27:00,SYN-04,4.012,63.16,59.09,0,0,0
2026-01-01 09:28:00,SYN-01,4.217,60.54,62.1,0,0,0
2026-01-01 09:29:00,SYN-02,4.192,63.68,63.03,0,0,0
2026-01-01 09:30:00,SYN-03,4.327,66.81,61.01,0,0,0
2026-01-01 09:31:00,SYN-04,4.072,63.45,62.24,0,0,0
2026-01-01 09:32:00,SYN-01,4.179,65.69,59.79,0,0,0
2026-01-01 09:33:00,SYN-02,4.194,63.71,61.51,0,0,0
2026-01-01 09:34:00,SYN-03,4.354,60.4,61.76,0,0,0
2026-01-01 09:35:00,SYN-04,4.115,58.21,61.32,0,0,0
2026-01-01 09:36:00,SYN-01,4.256,60.42,61.18,0,0,0
2026-01-01 09:37:00,SYN-02,4.178,64.66,63.47,0,0,0
2026-01-01 09:38:00,SYN-03,4.031,59.55,61.79,0,0,0
2026-01-01 09:39:00,SYN-04,4.008,64.78,62.46,0,0,0
2026-01-01 09:40:00,SYN-01,4.237,62.55,59.73,0,0,0
2026-01-01 09:41:00,SYN-02,4.264,62.27,59.55,0,0,0
2026-01-01 09:42:00,SYN-03,4.193,64.31,59.09,0,0,0
2026-01-01 09:43:00,SYN-04,4.042,65.18,61.06,0,0,0
2026-01-01 09:44:00,SYN-01,4.369,63.65,61.9,0,0,0
2026-01-01 09:45:00,SYN-02,4.162,61.21,64.41,0,0,0
2026-01-01 09:46:00,SYN-03,3.987,61.82,60.23,0,0,0
2026-01-01 09:47:00,SYN-04,4.091,62.08,63.36,0,0,0
2026-01-01 09:48:00,SYN-01,3.052,67.43,65.0,1,1,0
2026-01-01 09:49:00,SYN-02,4.091,62.22,57.51,0,0,0
2026-01-01 09:50:00,SYN-03,4.118,67.69,57.67,0,0,0
2026-01-01 09:51:00,SYN-04,4.046,62.28,58.2,0,0,0
2026-01-01 09:52:00,SYN-01,4.105,63.41,61.32,0,0,0
2026-01-01 09:53:00,SYN-02,2.944,67.85,67.07,1,1,1
2026-01-01 09:54:00,SYN-03,2.781,71.66,75.45,1,1,1
2026-01-01 09:55:00,SYN-04,4.277,58.86,63.2,0,0,0
2026-01-01 09:56:00,SYN-01,3.958,62.23,59.45,0,0,0
2026-01-01 09:57:00,SYN-02,4.054,63.62,60.84,0,0,0
2026-01-01 09:58:00,SYN-03,4.112,68.17,58.26,0,0,0
2026-01-01 09:59:00,SYN-04,4.327,63.3,61.35,0,0,0
2026-01-01 10:00:00,SYN-01,4.082,62.11,59.64,0,0,0
2026-01-01 10:01:00,SYN-02,4.214,57.71,57.1,0,0,0
2026-01-01 10:02:00,SYN-03,4.143,61.77,59.38,0,0,0
2026-01-01 10:03:00,SYN-04,4.18,65.31,59.0,0,0,0
2026-01-01 10:04:00,SYN-01,4.237,62.87,62.18,0,0,0
2026-01-01 10:05:00,SYN-02,2.871,74.39,63.41,1,1,1
2026-01-01 10:06:00,SYN-03,4.186,64.65,60.78,0,0,0
2026-01-01 10:07:00,SYN-04,4.23,60.86,63.13,0,0,0
2026-01-01 10:08:00,SYN-01,4.261,65.34,58.51,0,0,0
2026-01-01 10:09:00,SYN-02,4.358,61.86,62.18,0,0,0
2026-01-01 10:10:00,SYN-03,4.144,62.21,63.5,0,0,0
2026-01-01 10:11:00,SYN-04,4.19,66.47,57.56,0,0,0
2026-01-01 10:12:00,SYN-01,4.303,62.48,61.61,0,0,0
2026-01-01 10:13:00,SYN-02,4.09,62.11,60.01,0,0,0
2026-01-01 10:14:00,SYN-03,4.111,61.0,61.34,0,0,0
2026-01-01 10:15:00,SYN-04,4.04,64.13,62.05,0,0,0
2026-01-01 10:16:00,SYN-01,4.399,62.73,61.69,0,0,0
2026-01-01 10:17:00,SYN-02,4.099,63.42,61.21,0,0,0
2026-01-01 10:18:00,SYN-03,4.154,61.25,59.7,0,0,0
2026-01-01 10:19:00,SYN-04,4.151,62.01,63.19,0,0,0
2026-01-01 10:20:00,SYN-01,4.228,61.54,59.36,0,0,0
2026-01-01 10:21:00,SYN-02,4.163,63.11,61.23,0,0,0
2026-01-01 10:22:00,SYN-03,4.228,61.99,61.22,0,0,0
2026-01-01 10:23:00,SYN-04,4.187,65.52,61.86,0,0,0
2026-01-01 10:24:00,SYN-01,4.396,63.68,60.84,0,0,0
2026-01-01 10:25:00,SYN-02,4.238,62.8,66.01,0,0,0
2026-01-01 10:26:00,SYN-03,4.197,62.26,61.9,0,0,0
2026-01-01 10:27:00,SYN-04,4.08,62.1,61.72,0,0,0
2026-01-01 10:28:00,SYN-01,4.08,63.13,61.6,0,0,0
2026-01-01 10:29:00,SYN-02,4.26,65.36,61.12,0,0,0
2026-01-01 10:30:00,SYN-03,3.952,62.94,61.55,0,0,0
2026-01-01 10:31:00,SYN-04,4.307,61.33,60.12,0,0,0
2026-01-01 10:32:00,SYN-01,4.341,60.09,61.65,0,0,0
2026-01-01 10:33:00,SYN-02,4.057,63.72,61.31,0,0,0
2026-01-01 10:34:00,SYN-03,4.32,62.43,63.46,0,0,0
2026-01-01 10:35:00,SYN-04,4.195,64.47,62.61,0,0,0
2026-01-01 10:36:00,SYN-01,4.201,62.94,62.58,0,0,0
2026-01-01 10:37:00,SYN-02,4.327,61.03,61.83,0,0,0
2026-01-01 10:38:00,SYN-03,4.147,63.96,58.96,0,0,0
2026-01-01 10:39:00,SYN-04,4.345,61.78,61.52,0,0,0
2026-01-01 10:40:00,SYN-01,4.178,61.63,57.97,0,0,0
2026-01-01 10:41:00,SYN-02,4.013,61.61,58.42,0,0,0
2026-01-01 10:42:00,SYN-03,4.113,63.23,60.91,0,0,0
2026-01-01 10:43:00,SYN-04,2.471,77.58,73.2,1,1,1
2026-01-01 10:44:00,SYN-01,4.122,59.62,62.16,0,0,0
2026-01-01 10:45:00,SYN-02,4.21,64.27,60.56,0,0,0
2026-01-01 10:46:00,SYN-03,4.363,65.36,55.85,0,0,0
2026-01-01 10:47:00,SYN-04,4.261,63.14,61.95,0,0,0
2026-01-01 10:48:00,SYN-01,4.142,62.12,61.33,0,0,0
2026-01-01 10:49:00,SYN-02,4.254,65.77,60.99,0,0,0
2026-01-01 10:50:00,SYN-03,4.02,57.13,58.51,0,0,0
2026-01-01 10:51:00,SYN-04,4.314,64.26,60.41,0,0,0
2026-01-01 10:52:00,SYN-01,4.073,59.75,60.67,0,0,0
2026-01-01 10:53:00,SYN-02,4.162,64.16,58.21,0,0,0
2026-01-01 10:54:00,SYN-03,4.209,58.67,61.99,0,0,0
2026-01-01 10:55:00,SYN-04,4.253,62.66,59.57,0,0,0
2026-01-01 10:56:00,SYN-01,4.198,61.62,62.43,0,0,0
2026-01-01 10:57:00,SYN-02,4.122,63.81,60.84,0,0,0
2026-01-01 10:58:00,SYN-03,4.163,62.59,61.28,0,0,0
2026-01-01 10:59:00,SYN-04,4.306,61.39,61.21,0,0,0
2026-01-01 11:00:00,SYN-01,4.251,59.61,63.3,0,0,0
2026-01-01 11:01:00,SYN-02,4.289,61.59,60.42,0,0,0
2026-01-01 11:02:00,SYN-03,4.192,63.65,60.87,0,0,0
2026-01-01 11:03:00,SYN-04,3.468,73.52,75.39,1,1,0
2026-01-01 11:04:00,SYN-01,4.269,60.13,59.39,0,0,0
2026-01-01 11:05:00,SYN-02,4.152,62.51,60.58,0,0,0
2026-01-01 11:06:00,SYN-03,4.276,64.3,60.11,0,0,0
2026-01-01 11:07:00,SYN-04,4.163,64.26,62.46,0,0,0
2026-01-01 11:08:00,SYN-01,4.222,61.75,60.76,0,0,0
2026-01-01 11:09:00,SYN-02,2.465,76.33,69.84,1,1,1
2026-01-01 11:10:00,SYN-03,4.202,58.22,60.12,0,0,0
2026-01-01 11:11:00,SYN-04,4.106,63.46,62.33,0,0,0
2026-01-01 11:12:00,SYN-01,4.103,63.53,59.19,0,0,0
2026-01-01 11:13:00,SYN-02,4.331,61.12,60.47,0,0,0
2026-01-01 11:14:00,SYN-03,4.093,64.78,59.99,0,0,0
2026-01-01 11:15:00,SYN-04,4.279,56.67,62.79,0,0,0
2026-01-01 11:16:00,SYN-01,4.365,63.61,60.98,0,0,0
2026-01-01 11:17:00,SYN-02,4.216,59.13,63.54,0,0,0
2026-01-01 11:18:00,SYN-03,4.257,59.43,60.46,0,0,0
2026-01-01 11:19:00,SYN-04,4.223,64.38,62.65,0,0,0
2026-01-01 11:20:00,SYN-01,4.247,65.06,62.46,0,0,0
2026-01-01 11:21:00,SYN-02,4.161,65.97,63.78,0,0,0
2026-01-01 11:22:00,SYN-03,4.299,63.5,59.89,0,0,0
2026-01-01 11:23:00,SYN-04,4.122,63.59,58.21,0,0,0
2026-01-01 11:24:00,SYN-01,3.992,65.68,56.2,0,0,0
2026-01-01 11:25:00,SYN-02,4.146,62.47,65.03,0,0,0
2026-01-01 11:26:00,SYN-03,4.198,61.19,62.3,0,0,0
2026-01-01 11:27:00,SYN-04,4.422,57.98,61.43,0,0,0
2026-01-01 11:28:00,SYN-01,4.066,58.86,62.31,0,0,0
2026-01-01 11:29:00,SYN-02,4.362,63.23,61.56,0,0,0
2026-01-01 11:30:00,SYN-03,4.259,63.04,64.14,0,0,0
2026-01-01 11:31:00,SYN-04,4.244,62.8,61.25,0,0,0
2026-01-01 11:32:00,SYN-01,4.12,55.08,60.27,0,0,0
2026-01-01 11:33:00,SYN-02,4.043,64.29,59.64,0,0,0
2026-01-01 11:34:00,SYN-03,4.268,59.03,60.77,0,0,0
2026-01-01 11:35:00,SYN-04,4.297,64.5,59.56,0,0,0
2026-01-01 11:36:00,SYN-01,4.264,61.79,60.89,0,0,0
2026-01-01 11:37:00,SYN-02,4.281,61.52,59.18,0,0,0
2026-01-01 11:38:00,SYN-03,4.219,62.32,62.92,0,0,0
2026-01-01 11:39:00,SYN-04,3.221,70.97,71.1,1,1,0
2026-01-01 11:40:00,SYN-01,2.995,77.12,64.3,1,1,1
2026-01-01 11:41:00,SYN-02,4.222,63.73,62.3,0,0,0
2026-01-01 11:42:00,SYN-03,4.286,61.83,59.18,0,0,0
2026-01-01 11:43:00,SYN-04,4.35,62.91,57.82,0,0,0
2026-01-01 11:44:00,SYN-01,4.194,59.94,61.5,0,0,0
2026-01-01 11:45:00,SYN-02,4.39,64.57,62.59,0,0,0
2026-01-01 11:46:00,SYN-03,4.27,58.84,60.39,0,0,0
2026-01-01 11:47:00,SYN-04,4.331,60.76,63.67,0,0,0
2026-01-01 11:48:00,SYN-01,3.953,60.52,61.39,0,0,0
2026-01-01 11:49:00,SYN-02,4.347,66.64,61.98,0,0,0
2026-01-01 11:50:00,SYN-03,4.015,64.52,60.71,0,0,0
2026-01-01 11:51:00,SYN-04,4.168,59.27,61.83,0,0,0
2026-01-01 11:52:00,SYN-01,4.01,63.87,60.56,0,0,0
2026-01-01 11:53:00,SYN-02,4.16,63.98,60.02,0,0,0
2026-01-01 11:54:00,SYN-03,4.425,60.4,60.75,0,0,0
2026-01-01 11:55:00,SYN-04,4.355,64.18,60.8,0,0,0
2026-01-01 11:56:00,SYN-01,4.18,61.25,56.79,0,0,0
2026-01-01 11:57:00,SYN-02,4.176,62.74,59.76,0,0,0
2026-01-01 11:58:00,SYN-03,4.222,61.64,61.58,0,0,0
2026-01-01 11:59:00,SYN-04,4.227,59.39,64.12,0,0,0
2026-01-01 12:00:00,SYN-01,4.186,65.74,62.97,0,0,0
2026-01-01 12:01:00,SYN-02,3.997,60.93,62.22,0,0,0
2026-01-01 12:02:00,SYN-03,4.162,62.11,59.13,0,0,0
2026-01-01 12:03:00,SYN-04,4.128,57.84,59.55,0,0,0
2026-01-01 12:04:00,SYN-01,4.335,58.8,64.23,0,0,0
2026-01-01 12:05:00,SYN-02,4.298,62.11,61.14,0,0,0
2026-01-01 12:06:00,SYN-03,4.207,62.29,62.09,0,0,0
2026-01-01 12:07:00,SYN-04,4.236,59.66,59.81,0,0,0
2026-01-01 12:08:00,SYN-01,4.151,64.5,60.61,0,0,0
2026-01-01 12:09:00,SYN-02,4.06,59.96,59.89,0,0,0
2026-01-01 12:10:00,SYN-03,4.003,63.13,60.67,0,0,0
2026-01-01 12:11:00,SYN-04,4.251,63.46,61.99,0,0,0
2026-01-01 12:12:00,SYN-01,4.224,61.7,60.52,0,0,0
2026-01-01 12:13:00,SYN-02,4.156,66.61,61.7,0,0,0
2026-01-01 12:14:00,SYN-03,3.968,62.86,59.56,0,0,0
2026-01-01 12:15:00,SYN-04,4.2,61.28,59.63,0,0,0
2026-01-01 12:16:00,SYN-01,4.153,60.25,60.54,0,0,0
2026-01-01 12:17:00,SYN-02,4.191,61.54,61.19,0,0,0
2026-01-01 12:18:00,SYN-03,4.106,63.85,60.08,0,0,0
2026-01-01 12:19:00,SYN-04,4.308,64.23,58.66,0,0,0
2026-01-01 12:20:00,SYN-01,4.137,64.96,61.24,0,0,0
2026-01-01 12:21:00,SYN-02,4.321,60.94,64.03,0,0,0
2026-01-01 12:22:00,SYN-03,4.122,60.57,63.73,0,0,0
2026-01-01 12:23:00,SYN-04,4.229,63.32,61.38,0,0,0
2026-01-01 12:24:00,SYN-01,4.37,59.43,60.35,0,0,0
2026-01-01 12:25:00,SYN-02,4.337,62.39,60.95,0,0,0
2026-01-01 12:26:00,SYN-03,4.435,57.23,60.43,0,0,0
2026-01-01 12:27:00,SYN-04,4.343,62.15,61.88,0,0,0
2026-01-01 12:28:00,SYN-01,4.17,63.19,59.15,0,0,0
2026-01-01 12:29:00,SYN-02,4.162,57.79,62.23,0,0,0
2026-01-01 12:30:00,SYN-03,4.023,64.73,62.62,0,0,0
2026-01-01 12:31:00,SYN-04,4.06,63.87,61.72,0,0,0
2026-01-01 12:32:00,SYN-01,4.014,62.31,62.91,0,0,0
2026-01-01 12:33:00,SYN-02,4.186,61.69,58.26,0,0,0
2026-01-01 12:34:00,SYN-03,4.268,61.25,60.72,0,0,0
2026-01-01 12:35:00,SYN-04,4.138,59.48,61.61,0,0,0
2026-01-01 12:36:00,SYN-01,4.121,62.95,57.04,0,0,0
2026-01-01 12:37:00,SYN-02,4.388,59.82,59.19,0,0,0
2026-01-01 12:38:00,SYN-03,4.313,62.93,61.46,0,0,0
2026-01-01 12:39:00,SYN-04,4.395,65.98,61.56,0,0,0
2026-01-01 12:40:00,SYN-01,4.126,61.07,61.13,0,0,0
2026-01-01 12:41:00,SYN-02,4.229,61.23,59.72,0,0,0
2026-01-01 12:42:00,SYN-03,4.238,62.58,61.98,0,0,0
2026-01-01 12:43:00,SYN-04,4.153,58.86,60.67,0,0,0
2026-01-01 12:44:00,SYN-01,4.248,59.79,59.0,0,0,0
2026-01-01 12:45:00,SYN-02,4.34,56.89,59.54,0,0,0
2026-01-01 12:46:00,SYN-03,4.057,58.73,58.01,0,0,0
2026-01-01 12:47:00,SYN-04,4.215,59.51,63.36,0,0,0
2026-01-01 12:48:00,SYN-01,4.217,61.54,60.99,0,0,0
2026-01-01 12:49:00,SYN-02,4.173,65.71,63.54,0,0,0
2026-01-01 12:50:00,SYN-03,4.134,63.66,60.87,0,0,0
2026-01-01 12:51:00,SYN-04,4.161,59.0,63.08,0,0,0
2026-01-01 12:52:00,SYN-01,4.335,61.76,62.58,0,0,0
2026-01-01 12:53:00,SYN-02,4.245,58.79,61.48,0,0,0
2026-01-01 12:54:00,SYN-03,4.154,60.14,60.42,0,0,0
2026-01-01 12:55:00,SYN-04,4.171,63.13,61.83,0,0,0
2026-01-01 12:56:00,SYN-01,4.183,62.5,59.23,0,0,0
2026-01-01 12:57:00,SYN-02,4.099,64.61,58.08,0,0,0
2026-01-01 12:58:00,SYN-03,4.17,65.25,61.27,0,0,0
2026-01-01 12:59:00,SYN-04,4.227,60.52,59.71,0,0,0
2026-01-01 13:00:00,SYN-01,4.038,65.71,61.24,0,0,0
2026-01-01 13:01:00,SYN-02,4.322,61.84,57.73,0,0,0
2026-01-01 13:02:00,SYN-03,4.147,64.3,62.01,0,0,0
2026-01-01 13:03:00,SYN-04,3.954,59.96,59.23,0,0,0
2026-01-01 13:04:00,SYN-01,4.554,61.69,61.33,0,0,0
2026-01-01 13:05:00,SYN-02,4.194,60.01,60.08,0,0,0
2026-01-01 13:06:00,SYN-03,4.183,56.16,62.82,0,0,0
2026-01-01 13:07:00,SYN-04,4.215,64.76,59.84,0,0,0
2026-01-01 13:08:00,SYN-01,4.26,58.74,60.56,0,0,0
2026-01-01 13:09:00,SYN-02,4.268,61.47,61.02,0,0,0
2026-01-01 13:10:00,SYN-03,4.094,60.5,60.75,0,0,0
2026-01-01 13:11:00,SYN-04,4.072,60.65,60.57,0,0,0
2026-01-01 13:12:00,SYN-01,4.078,63.81,59.29,0,0,0
2026-01-01 13:13:00,SYN-02,4.169,64.99,61.54,0,0,0
2026-01-01 13:14:00,SYN-03,4.313,66.46,64.06,0,0,0
2026-01-01 13:15:00,SYN-04,4.108,60.88,58.71,0,0,0
2026-01-01 13:16:00,SYN-01,4.215,63.22,58.78,0,0,0
2026-01-01 13:17:00,SYN-02,4.304,68.75,61.25,0,0,0
2026-01-01 13:18:00,SYN-03,4.162,60.29,64.62,0,0,0
2026-01-01 13:19:00,SYN-04,4.332,62.21,59.05,0,0,0
2026-01-01 13:20:00,SYN-01,4.067,64.19,60.42,0,0,0
2026-01-01 13:21:00,SYN-02,4.27,63.05,61.32,0,0,0
2026-01-01 13:22:00,SYN-03,4.195,64.45,57.63,0,0,0
2026-01-01 13:23:00,SYN-04,4.149,63.91,60.83,0,0,0
2026-01-01 13:24:00,SYN-01,4.108,61.9,60.93,0,0,0
2026-01-01 13:25:00,SYN-02,4.274,60.05,61.4,0,0,0
2026-01-01 13:26:00,SYN-03,3.979,64.22,61.02,0,0,0
2026-01-01 13:27:00,SYN-04,4.19,63.54,64.98,0,0,0
2026-01-01 13:28:00,SYN-01,4.2,61.44,59.04,0,0,0
2026-01-01 13:29:00,SYN-02,4.16,57.15,62.2,0,0,0
2026-01-01 13:30:00,SYN-03,4.033,63.92,60.57,0,0,0
2026-01-01 13:31:00,SYN-04,4.039,58.11,62.24,0,0,0
2026-01-01 13:32:00,SYN-01,4.459,62.33,59.31,0,0,0
2026-01-01 13:33:00,SYN-02,4.232,65.09,62.11,0,0,0
2026-01-01 13:34:00,SYN-03,4.197,68.76,59.84,0,0,0
2026-01-01 13:35:00,SYN-04,4.183,60.83,59.75,0,0,0
2026-01-01 13:36:00,SYN-01,2.702,80.43,71.91,1,1,1
2026-01-01 13:37:00,SYN-02,3.991,65.78,62.55,0,0,0
2026-01-01 13:38:00,SYN-03,4.053,66.11,63.33,0,0,0
2026-01-01 13:39:00,SYN-04,4.11,63.08,64.52,0,0,0
2026-01-01 13:40:00,SYN-01,4.23,64.36,60.8,0,0,0
2026-01-01 13:41:00,SYN-02,4.236,57.53,56.7,0,0,0
2026-01-01 13:42:00,SYN-03,4.13,59.45,63.92,0,0,0
2026-01-01 13:43:00,SYN-04,4.214,63.75,60.0,0,0,0
2026-01-01 13:44:00,SYN-01,4.255,61.72,63.87,0,0,0
2026-01-01 13:45:00,SYN-02,4.096,64.58,62.72,0,0,0
2026-01-01 13:46:00,SYN-03,4.28,64.07,59.49,0,0,0
2026-01-01 13:47:00,SYN-04,4.308,64.04,64.43,0,0,0
2026-01-01 13:48:00,SYN-01,4.183,64.8,61.43,0,0,0
2026-01-01 13:49:00,SYN-02,4.094,62.53,60.15,0,0,0
2026-01-01 13:50:00,SYN-03,4.183,62.33,60.55,0,0,0
2026-01-01 13:51:00,SYN-04,4.298,63.78,62.16,0,0,0
2026-01-01 13:52:00,SYN-01,4.09,62.43,60.94,0,0,0
2026-01-01 13:53:00,SYN-02,2.712,80.51,63.72,1,1,1
2026-01-01 13:54:00,SYN-03,4.176,63.55,58.83,0,0,0
2026-01-01 13:55:00,SYN-04,3.322,79.11,67.51,1,1,0
2026-01-01 13:56:00,SYN-01,4.049,63.01,59.96,0,0,0
2026-01-01 13:57:00,SYN-02,4.155,60.01,61.36,0,0,0
2026-01-01 13:58:00,SYN-03,4.146,64.29,58.0,0,0,0
2026-01-01 13:59:00,SYN-04,4.0,61.37,57.12,0,0,0
2026-01-01 14:00:00,SYN-01,4.34,63.36,63.31,0,0,0
2026-01-01 14:01:00,SYN-02,4.273,63.66,60.85,0,0,0
2026-01-01 14:02:00,SYN-03,4.374,61.82,61.25,0,0,0
2026-01-01 14:03:00,SYN-04,4.152,58.21,57.91,0,0,0
2026-01-01 14:04:00,SYN-01,3.95,62.54,62.76,0,0,0
2026-01-01 14:05:00,SYN-02,4.228,60.2,62.3,0,0,0
2026-01-01 14:06:00,SYN-03,4.003,61.79,62.69,0,0,0
2026-01-01 14:07:00,SYN-04,4.353,58.83,62.57,0,0,0
2026-01-01 14:08:00,SYN-01,4.303,66.24,63.99,0,0,0
2026-01-01 14:09:00,SYN-02,4.358,58.84,59.11,0,0,0
2026-01-01 14:10:00,SYN-03,4.289,60.66,62.11,0,0,0
2026-01-01 14:11:00,SYN-04,4.035,64.4,61.57,0,0,0
2026-01-01 14:12:00,SYN-01,3.122,77.59,68.8,1,1,0
2026-01-01 14:13:00,SYN-02,4.247,62.77,59.61,0,0,0
2026-01-01 14:14:00,SYN-03,4.203,64.27,59.71,0,0,0
2026-01-01 14:15:00,SYN-04,4.193,60.55,60.24,0,0,0
2026-01-01 14:16:00,SYN-01,4.307,63.96,60.54,0,0,0
2026-01-01 14:17:00,SYN-02,4.266,59.23,61.8,0,0,0
2026-01-01 14:18:00,SYN-03,4.047,65.29,61.87,0,0,0
2026-01-01 14:19:00,SYN-04,4.158,59.38,58.68,0,0,0
2026-01-01 14:20:00,SYN-01,4.339,59.98,59.49,0,0,0
2026-01-01 14:21:00,SYN-02,4.081,63.34,60.87,0,0,0
2026-01-01 14:22:00,SYN-03,4.147,59.86,63.34,0,0,0
2026-01-01 14:23:00,SYN-04,4.338,62.41,61.74,0,0,0
2026-01-01 14:24:00,SYN-01,4.109,54.68,63.12,0,0,0
2026-01-01 14:25:00,SYN-02,3.969,63.61,62.42,0,0,0
2026-01-01 14:26:00,SYN-03,4.346,64.07,59.28,0,0,0
2026-01-01 14:27:00,SYN-04,4.116,60.87,60.15,0,0,0
2026-01-01 14:28:00,SYN-01,4.092,60.74,60.18,0,0,0
2026-01-01 14:29:00,SYN-02,4.188,62.81,61.36,0,0,0
2026-01-01 14:30:00,SYN-03,4.079,57.97,59.79,0,0,0
2026-01-01 14:31:00,SYN-04,4.138,61.43,57.92,0,0,0
2026-01-01 14:32:00,SYN-01,3.072,79.34,67.75,1,1,0
2026-01-01 14:33:00,SYN-02,4.148,59.59,58.47,0,0,0
2026-01-01 14:34:00,SYN-03,4.238,60.99,58.3,0,0,0
2026-01-01 14:35:00,SYN-04,4.161,59.61,63.68,0,0,0
2026-01-01 14:36:00,SYN-01,4.144,60.75,61.27,0,0,0
2026-01-01 14:37:00,SYN-02,4.257,58.87,61.41,0,0,0
2026-01-01 14:38:00,SYN-03,4.291,62.41,63.08,0,0,0
2026-01-01 14:39:00,SYN-04,4.002,61.76,60.04,0,0,0
2026-01-01 14:40:00,SYN-01,3.998,65.45,60.21,0,0,0
2026-01-01 14:41:00,SYN-02,4.32,61.05,60.03,0,0,0
2026-01-01 14:42:00,SYN-03,4.256,62.19,62.54,0,0,0
2026-01-01 14:43:00,SYN-04,4.414,60.07,61.92,0,0,0
2026-01-01 14:44:00,SYN-01,4.124,57.84,59.46,0,0,0
2026-01-01 14:45:00,SYN-02,4.095,63.41,61.49,0,0,0
2026-01-01 14:46:00,SYN-03,4.134,61.93,60.23,0,0,0
2026-01-01 14:47:00,SYN-04,4.213,63.22,60.78,0,0,0
2026-01-01 14:48:00,SYN-01,4.178,64.5,62.3,0,0,0
2026-01-01 14:49:00,SYN-02,3.978,63.26,59.99,0,0,0
2026-01-01 14:50:00,SYN-03,4.076,60.88,61.33,0,0,0
2026-01-01 14:51:00,SYN-04,4.132,62.02,64.02,0,0,0
2026-01-01 14:52:00,SYN-01,4.103,63.89,65.43,0,0,0
2026-01-01 14:53:00,SYN-02,4.362,62.17,58.88,0,0,0
2026-01-01 14:54:00,SYN-03,4.324,60.3,60.77,0,0,0
2026-01-01 14:55:00,SYN-04,4.321,60.36,60.67,0,0,0
2026-01-01 14:56:00,SYN-01,4.252,64.89,60.65,0,0,0
2026-01-01 14:57:00,SYN-02,4.186,59.45,60.57,0,0,0
2026-01-01 14:58:00,SYN-03,4.468,63.45,61.93,0,0,0
2026-01-01 14:59:00,SYN-04,4.295,58.31,60.12,0,0,0
2026-01-01 15:00:00,SYN-01,3.972,63.03,62.04,0,0,0
2026-01-01 15:01:00,SYN-02,4.323,63.65,55.02,0,0,0
2026-01-01 15:02:00,SYN-03,4.237,66.55,59.49,0,0,0
2026-01-01 15:03:00,SYN-04,4.118,57.53,61.72,0,0,0
2026-01-01 15:04:00,SYN-01,4.019,63.09,62.05,0,0,0
2026-01-01 15:05:00,SYN-02,4.168,64.98,63.44,0,0,0
2026-01-01 15:06:00,SYN-03,4.238,65.52,57.75,0,0,0
2026-01-01 15:07:00,SYN-04,4.196,64.76,63.16,0,0,0
2026-01-01 15:08:00,SYN-01,3.977,61.6,59.83,0,0,0
2026-01-01 15:09:00,SYN-02,4.077,63.23,62.39,0,0,0
2026-01-01 15:10:00,SYN-03,2.661,78.28,72.06,1,1,1
2026-01-01 15:11:00,SYN-04,4.131,60.57,62.23,0,0,0
2026-01-01 15:12:00,SYN-01,4.278,58.88,60.78,0,0,0
2026-01-01 15:13:00,SYN-02,4.036,65.39,61.55,0,0,0
2026-01-01 15:14:00,SYN-03,4.338,58.09,62.68,0,0,0
2026-01-01 15:15:00,SYN-04,4.217,60.91,63.82,0,0,0
2026-01-01 15:16:00,SYN-01,4.138,58.91,61.26,0,0,0
2026-01-01 15:17:00,SYN-02,4.063,60.72,59.64,0,0,0
2026-01-01 15:18:00,SYN-03,4.239,61.49,64.74,0,0,0
2026-01-01 15:19:00,SYN-04,4.24,60.68,63.4,0,0,0
2026-01-01 15:20:00,SYN-01,4.13,60.63,61.61,0,0,0
2026-01-01 15:21:00,SYN-02,4.044,63.1,62.32,0,0,0
2026-01-01 15:22:00,SYN-03,4.171,60.03,61.8,0,0,0
2026-01-01 15:23:00,SYN-04,4.257,65.13,62.79,0,0,0
2026-01-01 15:24:00,SYN-01,3.268,73.01,71.22,1,1,0
2026-01-01 15:25:00,SYN-02,4.369,61.93,58.05,0,0,0
2026-01-01 15:26:00,SYN-03,4.288,59.22,62.37,0,0,0
2026-01-01 15:27:00,SYN-04,4.141,59.31,65.17,0,0,0
2026-01-01 15:28:00,SYN-01,4.389,59.18,62.24,0,0,0
2026-01-01 15:29:00,SYN-02,4.002,59.52,62.07,0,0,0
2026-01-01 15:30:00,SYN-03,4.235,57.21,63.13,0,0,0
2026-01-01 15:31:00,SYN-04,4.221,61.65,60.46,0,0,0
2026-01-01 15:32:00,SYN-01,4.122,62.15,62.9,0,0,0
2026-01-01 15:33:00,SYN-02,4.485,63.54,58.24,0,0,0
2026-01-01 15:34:00,SYN-03,4.219,62.23,62.9,0,0,0
2026-01-01 15:35:00,SYN-04,2.856,71.64,71.9,1,1,1
2026-01-01 15:36:00,SYN-01,2.76,68.85,64.95,1,1,1
2026-01-01 15:37:00,SYN-02,4.311,65.81,61.23,0,0,0
2026-01-01 15:38:00,SYN-03,4.412,63.07,61.09,0,0,0
2026-01-01 15:39:00,SYN-04,4.438,66.48,60.73,0,0,0
2026-01-01 15:40:00,SYN-01,4.221,62.78,62.7,0,0,0
2026-01-01 15:41:00,SYN-02,4.19,65.07,60.47,0,0,0
2026-01-01 15:42:00,SYN-03,3.954,60.63,64.94,0,0,0
2026-01-01 15:43:00,SYN-04,4.326,64.99,61.55,0,0,0
2026-01-01 15:44:00,SYN-01,4.304,62.35,59.85,0,0,0
2026-01-01 15:45:00,SYN-02,4.142,61.74,59.0,0,0,0
2026-01-01 15:46:00,SYN-03,4.169,61.59,62.08,0,0,0
2026-01-01 15:47:00,SYN-04,4.241,58.71,63.37,0,0,0
2026-01-01 15:48:00,SYN-01,4.25,61.99,59.89,0,0,0
2026-01-01 15:49:00,SYN-02,4.106,61.55,60.65,0,0,0
2026-01-01 15:50:00,SYN-03,4.263,62.65,62.05,0,0,0
2026-01-01 15:51:00,SYN-04,4.078,61.2,59.89,0,0,0
2026-01-01 15:52:00,SYN-01,4.29,62.5,62.38,0,0,0
2026-01-01 15:53:00,SYN-02,4.12,60.34,61.42,0,0,0
2026-01-01 15:54:00,SYN-03,4.234,61.8,61.07,0,0,0
2026-01-01 15:55:00,SYN-04,4.145,56.65,61.83,0,0,0
2026-01-01 15:56:00,SYN-01,4.165,62.03,62.15,0,0,0
2026-01-01 15:57:00,SYN-02,4.136,60.7,60.98,0,0,0
2026-01-01 15:58:00,SYN-03,4.013,65.19,58.29,0,0,0
2026-01-01 15:59:00,SYN-04,4.245,61.16,62.14,0,0,0
2026-01-01 16:00:00,SYN-01,4.096,67.08,60.57,0,0,0
2026-01-01 16:01:00,SYN-02,4.242,64.02,61.16,0,0,0
2026-01-01 16:02:00,SYN-03,4.209,64.07,63.65,0,0,0
2026-01-01 16:03:00,SYN-04,4.131,60.65,59.95,0,0,0
2026-01-01 16:04:00,SYN-01,4.301,62.59,60.27,0,0,0
2026-01-01 16:05:00,SYN-02,4.288,58.47,61.99,0,0,0
2026-01-01 16:06:00,SYN-03,4.109,61.04,62.46,0,0,0
2026-01-01 16:07:00,SYN-04,4.18,61.09,61.72,0,0,0
2026-01-01 16:08:00,SYN-01,2.804,72.09,68.29,1,1,1
2026-01-01 16:09:00,SYN-02,4.104,63.22,60.06,0,0,0
2026-01-01 16:10:00,SYN-03,3.997,58.58,61.64,0,0,0
2026-01-01 16:11:00,SYN-04,4.211,58.95,58.99,0,0,0
2026-01-01 16:12:00,SYN-01,4.301,63.0,62.43,0,0,0
2026-01-01 16:13:00,SYN-02,4.268,63.52,60.88,0,0,0
2026-01-01 16:14:00,SYN-03,4.069,62.96,61.75,0,0,0
2026-01-01 16:15:00,SYN-04,4.213,65.97,61.2,0,0,0
2026-01-01 16:16:00,SYN-01,4.194,60.94,60.89,0,0,0
2026-01-01 16:17:00,SYN-02,4.2,61.15,60.41,0,0,0
2026-01-01 16:18:00,SYN-03,4.133,60.72,61.58,0,0,0
2026-01-01 16:19:00,SYN-04,4.271,64.33,62.12,0,0,0
2026-01-01 16:20:00,SYN-01,4.046,66.06,62.44,0,0,0
2026-01-01 16:21:00,SYN-02,4.122,58.02,58.44,0,0,0
2026-01-01 16:22:00,SYN-03,4.184,58.82,61.14,0,0,0
2026-01-01 16:23:00,SYN-04,4.07,60.75,62.48,0,0,0
2026-01-01 16:24:00,SYN-01,4.453,60.75,57.53,0,0,0
2026-01-01 16:25:00,SYN-02,4.245,61.53,60.36,0,0,0
2026-01-01 16:26:00,SYN-03,4.061,64.05,61.92,0,0,0
2026-01-01 16:27:00,SYN-04,4.111,57.0,59.81,0,0,0
2026-01-01 16:28:00,SYN-01,4.306,59.1,63.82,0,0,0
2026-01-01 16:29:00,SYN-02,4.085,59.77,63.1,0,0,0
2026-01-01 16:30:00,SYN-03,4.236,62.02,63.34,0,0,0
2026-01-01 16:31:00,SYN-04,4.143,66.78,61.55,0,0,0
2026-01-01 16:32:00,SYN-01,4.334,61.01,62.39,0,0,0
2026-01-01 16:33:00,SYN-02,4.104,64.3,64.85,0,0,0
2026-01-01 16:34:00,SYN-03,4.177,59.17,61.41,0,0,0
2026-01-01 16:35:00,SYN-04,4.32,64.35,62.82,0,0,0
2026-01-01 16:36:00,SYN-01,4.141,62.46,58.85,0,0,0
2026-01-01 16:37:00,SYN-02,4.247,61.72,60.27,0,0,0
2026-01-01 16:38:00,SYN-03,4.287,57.8,61.32,0,0,0
2026-01-01 16:39:00,SYN-04,4.136,60.09,64.69,0,0,0
2026-01-01 16:40:00,SYN-01,4.229,61.81,61.22,0,0,0
2026-01-01 16:41:00,SYN-02,4.172,61.97,60.77,0,0,0
2026-01-01 16:42:00,SYN-03,4.18,62.54,59.81,0,0,0
2026-01-01 16:43:00,SYN-04,4.264,60.48,60.71,0,0,0
2026-01-01 16:44:00,SYN-01,4.194,61.2,62.65,0,0,0
2026-01-01 16:45:00,SYN-02,4.134,62.09,61.38,0,0,0
2026-01-01 16:46:00,SYN-03,4.353,59.85,61.66,0,0,0
2026-01-01 16:47:00,SYN-04,4.234,57.01,59.44,0,0,0
2026-01-01 16:48:00,SYN-01,4.099,66.46,63.35,0,0,0
2026-01-01 16:49:00,SYN-02,4.179,60.99,62.2,0,0,0
2026-01-01 16:50:00,SYN-03,4.295,63.87,62.0,0,0,0
2026-01-01 16:51:00,SYN-04,4.134,62.75,63.95,0,0,0
2026-01-01 16:52:00,SYN-01,4.221,65.99,59.48,0,0,0
2026-01-01 16:53:00,SYN-02,4.19,66.78,62.81,0,0,0
2026-01-01 16:54:00,SYN-03,4.032,62.19,60.79,0,0,0
2026-01-01 16:55:00,SYN-04,4.123,62.68,60.1,0,0,0
2026-01-01 16:56:00,SYN-01,4.214,60.81,61.22,0,0,0
2026-01-01 16:57:00,SYN-02,4.197,62.86,60.86,0,0,0
2026-01-01 16:58:00,SYN-03,4.325,56.15,63.33,0,0,0
2026-01-01 16:59:00,SYN-04,4.345,57.54,59.76,0,0,0
2026-01-01 17:00:00,SYN-01,4.179,59.96,61.8,0,0,0
2026-01-01 17:01:00,SYN-02,4.054,57.42,64.69,0,0,0
2026-01-01 17:02:00,SYN-03,4.339,63.4,60.76,0,0,0
2026-01-01 17:03:00,SYN-04,4.025,62.58,57.8,0,0,0
2026-01-01 17:04:00,SYN-01,4.29,63.79,59.21,0,0,0
2026-01-01 17:05:00,SYN-02,4.274,59.71,61.03,0,0,0
2026-01-01 17:06:00,SYN-03,4.189,64.12,59.65,0,0,0
2026-01-01 17:07:00,SYN-04,4.153,65.45,58.13,0,0,0
2026-01-01 17:08:00,SYN-01,4.161,61.18,63.67,0,0,0
2026-01-01 17:09:00,SYN-02,3.997,61.81,60.1,0,0,0
2026-01-01 17:10:00,SYN-03,4.339,67.93,62.42,0,0,0
2026-01-01 17:11:00,SYN-04,4.449,63.04,63.98,0,0,0
2026-01-01 17:12:00,SYN-01,4.019,68.32,60.77,0,0,0
2026-01-01 17:13:00,SYN-02,4.347,64.81,61.69,0,0,0
2026-01-01 17:14:00,SYN-03,4.113,63.94,63.22,0,0,0
2026-01-01 17:15:00,SYN-04,4.094,59.61,61.29,0,0,0
2026-01-01 17:16:00,SYN-01,4.359,62.17,61.86,0,0,0
2026-01-01 17:17:00,SYN-02,4.104,63.91,62.38,0,0,0
2026-01-01 17:18:00,SYN-03,4.153,58.95,58.65,0,0,0
2026-01-01 17:19:00,SYN-04,4.254,63.69,64.71,0,0,0
2026-01-01 17:20:00,SYN-01,4.225,59.4,60.48,0,0,0
2026-01-01 17:21:00,SYN-02,4.219,59.3,60.92,0,0,0
2026-01-01 17:22:00,SYN-03,4.245,62.92,58.55,0,0,0
2026-01-01 17:23:00,SYN-04,4.183,63.72,60.15,0,0,0
2026-01-01 17:24:00,SYN-01,4.266,63.1,59.28,0,0,0
2026-01-01 17:25:00,SYN-02,4.023,63.25,62.14,0,0,0
2026-01-01 17:26:00,SYN-03,4.281,64.47,58.18,0,0,0
2026-01-01 17:27:00,SYN-04,4.395,61.3,62.5,0,0,0
2026-01-01 17:28:00,SYN-01,4.128,61.18,63.1,0,0,0
2026-01-01 17:29:00,SYN-02,4.242,60.51,61.3,0,0,0
2026-01-01 17:30:00,SYN-03,4.308,61.87,62.31,0,0,0
2026-01-01 17:31:00,SYN-04,4.124,60.28,63.38,0,0,0
2026-01-01 17:32:00,SYN-01,4.259,61.19,63.28,0,0,0
2026-01-01 17:33:00,SYN-02,4.189,63.59,61.7,0,0,0
2026-01-01 17:34:00,SYN-03,4.283,60.24,59.69,0,0,0
2026-01-01 17:35:00,SYN-04,4.069,62.8,63.27,0,0,0
2026-01-01 17:36:00,SYN-01,4.215,67.41,66.96,0,0,0
2026-01-01 17:37:00,SYN-02,3.862,65.81,58.74,0,0,0
2026-01-01 17:38:00,SYN-03,4.061,63.16,60.85,0,0,0
2026-01-01 17:39:00,SYN-04,4.304,60.6,59.54,0,0,0
2026-01-01 17:40:00,SYN-01,4.185,64.92,62.53,0,0,0
2026-01-01 17:41:00,SYN-02,4.15,66.27,58.75,0,0,0
2026-01-01 17:42:00,SYN-03,4.157,67.28,60.0,0,0,0
2026-01-01 17:43:00,SYN-04,4.211,62.49,59.55,0,0,0
2026-01-01 17:44:00,SYN-01,4.495,58.37,60.55,0,0,0
2026-01-01 17:45:00,SYN-02,4.262,65.04,60.44,0,0,0
2026-01-01 17:46:00,SYN-03,4.125,61.91,60.1,0,0,0
2026-01-01 17:47:00,SYN-04,4.166,57.42,60.98,0,0,0
2026-01-01 17:48:00,SYN-01,4.162,63.5,60.91,0,0,0
2026-01-01 17:49:00,SYN-02,4.033,62.93,57.67,0,0,0
2026-01-01 17:50:00,SYN-03,4.171,59.24,60.37,0,0,0
2026-01-01 17:51:00,SYN-04,4.087,61.96,59.11,0,0,0
2026-01-01 17:52:00,SYN-01,4.187,61.03,60.2,0,0,0
2026-01-01 17:53:00,SYN-02,4.393,61.88,64.62,0,0,0
2026-01-01 17:54:00,SYN-03,4.156,55.85,61.08,0,0,0
2026-01-01 17:55:00,SYN-04,4.071,60.28,61.95,0,0,0
2026-01-01 17:56:00,SYN-01,4.284,57.89,59.19,0,0,0
2026-01-01 17:57:00,SYN-02,4.272,58.61,63.29,0,0,0
2026-01-01 17:58:00,SYN-03,4.36,61.73,62.23,0,0,0
2026-01-01 17:59:00,SYN-04,4.312,60.79,60.78,0,0,0
2026-01-01 18:00:00,SYN-01,4.187,60.8,60.4,0,0,0
2026-01-01 18:01:00,SYN-02,4.177,61.27,59.47,0,0,0
2026-01-01 18:02:00,SYN-03,4.283,63.67,61.67,0,0,0
2026-01-01 18:03:00,SYN-04,4.328,62.36,60.39,0,0,0
2026-01-01 18:04:00,SYN-01,4.189,62.8,61.05,0,0,0
2026-01-01 18:05:00,SYN-02,4.257,63.47,62.8,0,0,0
2026-01-01 18:06:00,SYN-03,4.047,59.82,62.16,0,0,0
2026-01-01 18:07:00,SYN-04,4.27,61.5,59.91,0,0,0
2026-01-01 18:08:00,SYN-01,4.144,62.08,63.38,0,0,0
2026-01-01 18:09:00,SYN-02,4.127,59.62,60.07,0,0,0
2026-01-01 18:10:00,SYN-03,4.256,57.7,61.42,0,0,0
2026-01-01 18:11:00,SYN-04,4.196,60.97,60.84,0,0,0
2026-01-01 18:12:00,SYN-01,4.166,58.32,60.97,0,0,0
2026-01-01 18:13:00,SYN-02,3.998,64.98,57.75,0,0,0
2026-01-01 18:14:00,SYN-03,4.177,59.3,58.26,0,0,0
2026-01-01 18:15:00,SYN-04,4.144,58.72,63.37,0,0,0
2026-01-01 18:16:00,SYN-01,4.254,58.94,57.22,0,0,0
2026-01-01 18:17:00,SYN-02,4.154,65.14,61.16,0,0,0
2026-01-01 18:18:00,SYN-03,4.212,65.49,59.38,0,0,0
2026-01-01 18:19:00,SYN-04,4.345,62.19,58.53,0,0,0
2026-01-01 18:20:00,SYN-01,4.048,64.26,61.19,0,0,0
2026-01-01 18:21:00,SYN-02,4.283,63.06,61.83,0,0,0
2026-01-01 18:22:00,SYN-03,4.107,56.79,63.31,0,0,0
2026-01-01 18:23:00,SYN-04,4.074,66.83,62.8,0,0,0
2026-01-01 18:24:00,SYN-01,4.236,59.78,63.53,0,0,0
2026-01-01 18:25:00,SYN-02,4.151,59.59,61.17,0,0,0
2026-01-01 18:26:00,SYN-03,4.26,66.86,60.98,0,0,0
2026-01-01 18:27:00,SYN-04,4.197,62.93,60.72,0,0,0
2026-01-01 18:28:00,SYN-01,4.29,63.68,61.49,0,0,0
2026-01-01 18:29:00,SYN-02,3.99,62.69,63.52,0,0,0
2026-01-01 18:30:00,SYN-03,4.301,61.9,59.45,0,0,0
2026-01-01 18:31:00,SYN-04,4.165,61.74,63.37,0,0,0
2026-01-01 18:32:00,SYN-01,4.391,64.58,60.65,0,0,0
2026-01-01 18:33:00,SYN-02,4.398,62.66,59.09,0,0,0
2026-01-01 18:34:00,SYN-03,4.103,62.84,57.19,0,0,0
2026-01-01 18:35:00,SYN-04,4.175,56.13,58.73,0,0,0
2026-01-01 18:36:00,SYN-01,4.312,62.28,59.2,0,0,0
2026-01-01 18:37:00,SYN-02,4.198,59.81,62.34,0,0,0
2026-01-01 18:38:00,SYN-03,4.138,60.92,61.39,0,0,0
2026-01-01 18:39:00,SYN-04,4.252,62.77,56.96,0,0,0
2026-01-01 18:40:00,SYN-01,4.263,64.45,61.33,0,0,0
2026-01-01 18:41:00,SYN-02,4.241,62.28,61.19,0,0,0
2026-01-01 18:42:00,SYN-03,4.089,61.58,59.18,0,0,0
2026-01-01 18:43:00,SYN-04,4.317,59.32,57.8,0,0,0
2026-01-01 18:44:00,SYN-01,4.253,60.14,57.75,0,0,0
2026-01-01 18:45:00,SYN-02,4.274,59.7,60.22,0,0,0
2026-01-01 18:46:00,SYN-03,4.134,63.81,60.95,0,0,0
2026-01-01 18:47:00,SYN-04,4.221,62.9,61.07,0,0,0
2026-01-01 18:48:00,SYN-01,4.483,62.81,60.96,0,0,0
2026-01-01 18:49:00,SYN-02,4.085,61.34,59.05,0,0,0
2026-01-01 18:50:00,SYN-03,4.304,62.63,57.83,0,0,0
2026-01-01 18:51:00,SYN-04,4.443,61.22,59.72,0,0,0
2026-01-01 18:52:00,SYN-01,4.171,60.03,58.3,0,0,0
2026-01-01 18:53:00,SYN-02,4.295,57.33,60.77,0,0,0
2026-01-01 18:54:00,SYN-03,4.167,61.7,59.17,0,0,0
2026-01-01 18:55:00,SYN-04,4.417,57.38,59.32,0,0,0
2026-01-01 18:56:00,SYN-01,4.146,62.95,61.62,0,0,0
2026-01-01 18:57:00,SYN-02,4.179,61.01,62.52,0,0,0
2026-01-01 18:58:00,SYN-03,4.114,62.6,62.06,0,0,0
2026-01-01 18:59:00,SYN-04,4.347,63.45,61.02,0,0,0
2026-01-01 19:00:00,SYN-01,4.354,60.84,63.99,0,0,0
2026-01-01 19:01:00,SYN-02,4.036,60.45,64.96,0,0,0
2026-01-01 19:02:00,SYN-03,4.232,58.71,59.5,0,0,0
2026-01-01 19:03:00,SYN-04,4.295,64.02,62.02,0,0,0
2026-01-01 19:04:00,SYN-01,3.181,80.38,71.33,1,1,0
2026-01-01 19:05:00,SYN-02,4.153,61.42,62.91,0,0,0
2026-01-01 19:06:00,SYN-03,4.288,59.68,57.36,0,0,0
2026-01-01 19:07:00,SYN-04,4.191,63.55,60.78,0,0,0
2026-01-01 19:08:00,SYN-01,4.049,62.62,63.22,0,0,0
2026-01-01 19:09:00,SYN-02,4.161,61.76,60.1,0,0,0
2026-01-01 19:10:00,SYN-03,4.306,61.53,63.66,0,0,0
2026-01-01 19:11:00,SYN-04,4.194,62.14,63.16,0,0,0
2026-01-01 19:12:00,SYN-01,4.123,61.2,63.73,0,0,0
2026-01-01 19:13:00,SYN-02,4.05,63.05,60.73,0,0,0
2026-01-01 19:14:00,SYN-03,4.074,65.57,60.85,0,0,0
2026-01-01 19:15:00,SYN-04,4.434,64.04,60.08,0,0,0
2026-01-01 19:16:00,SYN-01,4.256,55.95,58.43,0,0,0
2026-01-01 19:17:00,SYN-02,4.19,69.05,61.03,0,0,0
2026-01-01 19:18:00,SYN-03,4.275,62.3,61.14,0,0,0
2026-01-01 19:19:00,SYN-04,4.293,59.29,60.06,0,0,0
2026-01-01 19:20:00,SYN-01,3.286,74.6,66.59,1,1,0
2026-01-01 19:21:00,SYN-02,4.109,65.35,58.52,0,0,0
2026-01-01 19:22:00,SYN-03,4.188,60.82,61.65,0,0,0
2026-01-01 19:23:00,SYN-04,4.219,64.82,59.2,0,0,0
2026-01-01 19:24:00,SYN-01,3.96,59.14,59.86,0,0,0
2026-01-01 19:25:00,SYN-02,4.275,62.36,65.17,0,0,0
2026-01-01 19:26:00,SYN-03,4.168,63.28,61.6,0,0,0
2026-01-01 19:27:00,SYN-04,4.255,63.98,59.82,0,0,0
2026-01-01 19:28:00,SYN-01,4.177,62.11,60.98,0,0,0
2026-01-01 19:29:00,SYN-02,4.136,56.83,63.03,0,0,0
2026-01-01 19:30:00,SYN-03,4.373,60.72,61.45,0,0,0
2026-01-01 19:31:00,SYN-04,3.99,60.91,60.5,0,0,0
2026-01-01 19:32:00,SYN-01,4.131,60.34,62.55,0,0,0
2026-01-01 19:33:00,SYN-02,4.188,59.68,60.99,0,0,0
2026-01-01 19:34:00,SYN-03,4.01,60.07,57.18,0,0,0
2026-01-01 19:35:00,SYN-04,4.085,60.99,59.67,0,0,0
2026-01-01 19:36:00,SYN-01,4.166,59.47,62.66,0,0,0
2026-01-01 19:37:00,SYN-02,4.19,61.71,60.97,0,0,0
2026-01-01 19:38:00,SYN-03,4.192,61.5,60.58,0,0,0
2026-01-01 19:39:00,SYN-04,4.29,64.2,60.91,0,0,0
2026-01-01 19:40:00,SYN-01,4.24,63.38,61.3,0,0,0
2026-01-01 19:41:00,SYN-02,4.193,64.14,61.59,0,0,0
2026-01-01 19:42:00,SYN-03,4.083,56.69,61.05,0,0,0
2026-01-01 19:43:00,SYN-04,4.014,63.59,56.84,0,0,0
2026-01-01 19:44:00,SYN-01,4.278,63.78,61.54,0,0,0
2026-01-01 19:45:00,SYN-02,4.339,64.07,60.85,0,0,0
2026-01-01 19:46:00,SYN-03,4.02,59.48,58.32,0,0,0
2026-01-01 19:47:00,SYN-04,4.281,62.79,58.27,0,0,0
2026-01-01 19:48:00,SYN-01,4.086,59.65,59.2,0,0,0
2026-01-01 19:49:00,SYN-02,4.46,62.37,63.3,0,0,0
2026-01-01 19:50:00,SYN-03,4.022,59.15,59.68,0,0,0
2026-01-01 19:51:00,SYN-04,4.117,62.1,62.07,0,0,0
2026-01-01 19:52:00,SYN-01,4.201,61.97,61.55,0,0,0
2026-01-01 19:53:00,SYN-02,4.419,62.13,57.58,0,0,0
2026-01-01 19:54:00,SYN-03,4.239,66.04,60.34,0,0,0
2026-01-01 19:55:00,SYN-04,4.1,61.76,59.85,0,0,0
2026-01-01 19:56:00,SYN-01,4.401,61.04,59.79,0,0,0
2026-01-01 19:57:00,SYN-02,4.548,60.72,59.48,0,0,0
2026-01-01 19:58:00,SYN-03,4.073,65.81,60.58,0,0,0
2026-01-01 19:59:00,SYN-04,4.112,65.28,62.26,0,0,0
2026-01-01 20:00:00,SYN-01,4.217,63.5,60.68,0,0,0
2026-01-01 20:01:00,SYN-02,4.268,56.75,60.44,0,0,0
2026-01-01 20:02:00,SYN-03,2.355,76.19,72.5,1,1,1
2026-01-01 20:03:00,SYN-04,4.339,59.08,58.8,0,0,0
2026-01-01 20:04:00,SYN-01,4.204,56.13,59.37,0,0,0
2026-01-01 20:05:00,SYN-02,4.091,62.37,57.23,0,0,0
2026-01-01 20:06:00,SYN-03,4.252,60.58,59.39,0,0,0
2026-01-01 20:07:00,SYN-04,2.736,79.71,67.49,1,1,1
2026-01-01 20:08:00,SYN-01,4.376,60.46,63.19,0,0,0
2026-01-01 20:09:00,SYN-02,4.052,65.29,62.14,0,0,0
2026-01-01 20:10:00,SYN-03,4.295,64.53,61.07,0,0,0
2026-01-01 20:11:00,SYN-04,4.215,62.1,67.44,0,0,0
2026-01-01 20:12:00,SYN-01,4.351,60.19,63.65,0,0,0
2026-01-01 20:13:00,SYN-02,4.224,62.46,59.85,0,0,0
2026-01-01 20:14:00,SYN-03,3.97,60.69,60.44,0,0,0
2026-01-01 20:15:00,SYN-04,4.33,63.91,60.24,0,0,0
2026-01-01 20:16:00,SYN-01,4.367,59.71,61.01,0,0,0
2026-01-01 20:17:00,SYN-02,4.472,62.3,58.04,0,0,0
2026-01-01 20:18:00,SYN-03,4.107,64.93,58.74,0,0,0
2026-01-01 20:19:00,SYN-04,4.116,61.51,63.39,0,0,0
2026-01-01 20:20:00,SYN-01,4.33,65.28,62.17,0,0,0
2026-01-01 20:21:00,SYN-02,4.044,61.28,59.7,0,0,0
2026-01-01 20:22:00,SYN-03,4.054,61.37,58.87,0,0,0
2026-01-01 20:23:00,SYN-04,4.096,57.05,58.68,0,0,0
2026-01-01 20:24:00,SYN-01,4.361,61.92,62.5,0,0,0
2026-01-01 20:25:00,SYN-02,4.386,62.42,62.35,0,0,0
2026-01-01 20:26:00,SYN-03,4.348,59.81,61.16,0,0,0
2026-01-01 20:27:00,SYN-04,4.12,59.19,63.07,0,0,0
2026-01-01 20:28:00,SYN-01,4.384,61.72,61.95,0,0,0
2026-01-01 20:29:00,SYN-02,4.163,62.93,58.5,0,0,0
2026-01-01 20:30:00,SYN-03,4.185,60.28,61.26,0,0,0
2026-01-01 20:31:00,SYN-04,4.25,62.97,61.35,0,0,0
2026-01-01 20:32:00,SYN-01,4.275,62.22,62.75,0,0,0
2026-01-01 20:33:00,SYN-02,4.183,62.29,60.43,0,0,0
2026-01-01 20:34:00,SYN-03,4.316,61.9,60.11,0,0,0
2026-01-01 20:35:00,SYN-04,4.207,60.58,60.03,0,0,0
2026-01-01 20:36:00,SYN-01,3.999,57.67,62.11,0,0,0
2026-01-01 20:37:00,SYN-02,4.428,63.67,62.07,0,0,0
2026-01-01 20:38:00,SYN-03,4.492,63.07,60.04,0,0,0
2026-01-01 20:39:00,SYN-04,4.173,63.46,61.88,0,0,0
2026-01-01 20:40:00,SYN-01,4.119,63.76,61.12,0,0,0
2026-01-01 20:41:00,SYN-02,4.12,63.04,62.01,0,0,0
2026-01-01 20:42:00,SYN-03,4.242,60.84,63.02,0,0,0
2026-01-01 20:43:00,SYN-04,4.162,63.87,57.87,0,0,0
2026-01-01 20:44:00,SYN-01,4.191,63.5,58.47,0,0,0
2026-01-01 20:45:00,SYN-02,4.181,65.43,60.57,0,0,0
2026-01-01 20:46:00,SYN-03,4.111,65.51,61.44,0,0,0
2026-01-01 20:47:00,SYN-04,4.225,63.56,61.16,0,0,0
2026-01-01 20:48:00,SYN-01,4.294,62.19,60.21,0,0,0
2026-01-01 20:49:00,SYN-02,4.16,60.65,62.37,0,0,0
2026-01-01 20:50:00,SYN-03,4.24,62.61,60.99,0,0,0
2026-01-01 20:51:00,SYN-04,4.181,61.36,62.73,0,0,0
2026-01-01 20:52:00,SYN-01,4.154,59.91,61.67,0,0,0
2026-01-01 20:53:00,SYN-02,4.083,62.25,58.95,0,0,0
2026-01-01 20:54:00,SYN-03,4.202,60.02,60.8,0,0,0
2026-01-01 20:55:00,SYN-04,4.164,61.53,61.09,0,0,0
2026-01-01 20:56:00,SYN-01,3.84,61.69,59.8,0,0,0
2026-01-01 20:57:00,SYN-02,3.869,59.47,60.53,0,0,0
2026-01-01 20:58:00,SYN-03,4.427,61.62,61.24,0,0,0
2026-01-01 20:59:00,SYN-04,4.169,60.77,61.14,0,0,0
2026-01-01 21:00:00,SYN-01,4.138,61.04,59.92,0,0,0
2026-01-01 21:01:00,SYN-02,4.01,66.89,63.68,0,0,0
2026-01-01 21:02:00,SYN-03,4.171,57.88,56.06,0,0,0
2026-01-01 21:03:00,SYN-04,4.232,60.01,62.41,0,0,0
2026-01-01 21:04:00,SYN-01,4.176,63.47,59.53,0,0,0
2026-01-01 21:05:00,SYN-02,4.219,61.39,60.64,0,0,0
2026-01-01 21:06:00,SYN-03,4.331,56.62,61.65,0,0,0
2026-01-01 21:07:00,SYN-04,3.107,75.34,75.4,1,1,0
2026-01-01 21:08:00,SYN-01,4.172,63.76,63.5,0,0,0
2026-01-01 21:09:00,SYN-02,4.281,61.84,60.31,0,0,0
2026-01-01 21:10:00,SYN-03,4.011,64.83,58.86,0,0,0
2026-01-01 21:11:00,SYN-04,4.064,60.18,58.93,0,0,0
2026-01-01 21:12:00,SYN-01,4.052,61.37,63.86,0,0,0
2026-01-01 21:13:00,SYN-02,4.1,58.43,59.86,0,0,0
2026-01-01 21:14:00,SYN-03,2.535,71.64,67.78,1,1,1
2026-01-01 21:15:00,SYN-04,4.147,60.79,62.29,0,0,0
2026-01-01 21:16:00,SYN-01,4.168,62.81,58.51,0,0,0
2026-01-01 21:17:00,SYN-02,4.371,63.55,60.13,0,0,0
2026-01-01 21:18:00,SYN-03,4.08,64.14,61.55,0,0,0
2026-01-01 21:19:00,SYN-04,4.058,64.28,62.03,0,0,0
2026-01-01 21:20:00,SYN-01,4.037,65.37,60.14,0,0,0
2026-01-01 21:21:00,SYN-02,4.322,63.33,62.05,0,0,0
2026-01-01 21:22:00,SYN-03,4.228,63.06,59.79,0,0,0
2026-01-01 21:23:00,SYN-04,4.036,62.52,61.41,0,0,0
2026-01-01 21:24:00,SYN-01,4.094,65.18,60.72,0,0,0
2026-01-01 21:25:00,SYN-02,4.169,61.99,57.6,0,0,0
2026-01-01 21:26:00,SYN-03,4.211,62.96,62.26,0,0,0
2026-01-01 21:27:00,SYN-04,4.123,59.23,60.65,0,0,0
2026-01-01 21:28:00,SYN-01,4.428,62.68,59.84,0,0,0
2026-01-01 21:29:00,SYN-02,4.123,61.38,62.35,0,0,0
2026-01-01 21:30:00,SYN-03,4.246,63.31,60.03,0,0,0
2026-01-01 21:31:00,SYN-04,4.169,62.01,61.22,0,0,0
2026-01-01 21:32:00,SYN-01,4.18,57.08,59.22,0,0,0
2026-01-01 21:33:00,SYN-02,4.119,58.48,64.66,0,0,0
2026-01-01 21:34:00,SYN-03,4.068,59.43,60.35,0,0,0
2026-01-01 21:35:00,SYN-04,4.167,60.25,61.89,0,0,0
2026-01-01 21:36:00,SYN-01,4.323,61.14,61.2,0,0,0
2026-01-01 21:37:00,SYN-02,4.212,61.64,62.49,0,0,0
2026-01-01 21:38:00,SYN-03,4.454,61.83,63.68,0,0,0
2026-01-01 21:39:00,SYN-04,4.08,55.17,57.67,0,0,0
2026-01-01 21:40:00,SYN-01,4.12,67.99,60.81,0,0,0
2026-01-01 21:41:00,SYN-02,4.237,64.06,59.67,0,0,0
2026-01-01 21:42:00,SYN-03,4.076,61.86,60.37,0,0,0
2026-01-01 21:43:00,SYN-04,4.303,56.72,61.15,0,0,0
2026-01-01 21:44:00,SYN-01,4.32,64.27,58.76,0,0,0
2026-01-01 21:45:00,SYN-02,4.106,65.07,57.71,0,0,0
2026-01-01 21:46:00,SYN-03,4.215,61.82,59.04,0,0,0
2026-01-01 21:47:00,SYN-04,3.957,60.25,58.56,0,0,0
2026-01-01 21:48:00,SYN-01,4.239,66.11,63.7,0,0,0
2026-01-01 21:49:00,SYN-02,4.289,61.68,60.7,0,0,0
2026-01-01 21:50:00,SYN-03,4.16,58.39,60.44,0,0,0
2026-01-01 21:51:00,SYN-04,3.982,61.05,61.5,0,0,0
2026-01-01 21:52:00,SYN-01,4.228,65.44,63.15,0,0,0
2026-01-01 21:53:00,SYN-02,4.16,61.12,64.87,0,0,0
2026-01-01 21:54:00,SYN-03,4.448,61.81,60.22,0,0,0
2026-01-01 21:55:00,SYN-04,4.327,59.87,57.91,0,0,0
2026-01-01 21:56:00,SYN-01,4.118,60.07,59.56,0,0,0
2026-01-01 21:57:00,SYN-02,4.363,64.56,62.71,0,0,0
2026-01-01 21:58:00,SYN-03,4.049,63.62,59.09,0,0,0
2026-01-01 21:59:00,SYN-04,4.164,62.44,63.15,0,0,0
2026-01-01 22:00:00,SYN-01,4.45,62.06,59.14,0,0,0
2026-01-01 22:01:00,SYN-02,4.159,60.76,58.6,0,0,0
2026-01-01 22:02:00,SYN-03,4.316,65.96,63.07,0,0,0
2026-01-01 22:03:00,SYN-04,4.3,61.65,60.25,0,0,0
2026-01-01 22:04:00,SYN-01,4.221,64.42,59.57,0,0,0
2026-01-01 22:05:00,SYN-02,4.051,62.88,61.71,0,0,0
2026-01-01 22:06:00,SYN-03,4.087,59.83,63.97,0,0,0
2026-01-01 22:07:00,SYN-04,4.203,60.78,66.4,0,0,0
2026-01-01 22:08:00,SYN-01,4.164,63.81,61.6,0,0,0
2026-01-01 22:09:00,SYN-02,3.9,65.4,58.07,0,0,0
2026-01-01 22:10:00,SYN-03,4.263,63.61,60.6,0,0,0
2026-01-01 22:11:00,SYN-04,4.007,63.68,60.44,0,0,0
2026-01-01 22:12:00,SYN-01,4.236,60.81,59.14,0,0,0
2026-01-01 22:13:00,SYN-02,3.878,59.09,60.26,0,0,0
2026-01-01 22:14:00,SYN-03,4.312,63.53,58.93,0,0,0
2026-01-01 22:15:00,SYN-04,3.228,67.68,69.74,1,1,0
2026-01-01 22:16:00,SYN-01,4.18,60.78,59.96,0,0,0
2026-01-01 22:17:00,SYN-02,4.11,60.75,60.24,0,0,0
2026-01-01 22:18:00,SYN-03,4.245,59.82,61.47,0,0,0
2026-01-01 22:19:00,SYN-04,4.247,57.24,59.53,0,0,0
2026-01-01 22:20:00,SYN-01,4.267,58.82,60.12,0,0,0
2026-01-01 22:21:00,SYN-02,4.173,65.78,61.31,0,0,0
2026-01-01 22:22:00,SYN-03,4.149,57.87,61.05,0,0,0
2026-01-01 22:23:00,SYN-04,4.148,63.71,61.11,0,0,0
2026-01-01 22:24:00,SYN-01,4.109,66.63,64.33,0,0,0
2026-01-01 22:25:00,SYN-02,4.038,65.04,59.78,0,0,0
2026-01-01 22:26:00,SYN-03,4.106,62.21,63.27,0,0,0
2026-01-01 22:27:00,SYN-04,4.282,59.31,60.92,0,0,0
2026-01-01 22:28:00,SYN-01,4.296,64.2,62.23,0,0,0
2026-01-01 22:29:00,SYN-02,4.265,64.28,62.77,0,0,0
2026-01-01 22:30:00,SYN-03,3.922,57.71,59.45,0,0,0
2026-01-01 22:31:00,SYN-04,4.291,59.72,62.57,0,0,0
2026-01-01 22:32:00,SYN-01,4.101,64.22,59.27,0,0,0
2026-01-01 22:33:00,SYN-02,4.234,62.18,59.95,0,0,0
2026-01-01 22:34:00,SYN-03,4.04,60.9,58.24,0,0,0
2026-01-01 22:35:00,SYN-04,4.306,63.58,62.11,0,0,0
2026-01-01 22:36:00,SYN-01,4.417,66.85,63.3,0,0,0
2026-01-01 22:37:00,SYN-02,2.253,79.41,73.37,1,1,1
2026-01-01 22:38:00,SYN-03,4.268,63.22,61.19,0,0,0
2026-01-01 22:39:00,SYN-04,4.441,63.73,59.93,0,0,0
2026-01-01 22:40:00,SYN-01,4.154,58.32,61.43,0,0,0
2026-01-01 22:41:00,SYN-02,4.219,64.44,62.93,0,0,0
2026-01-01 22:42:00,SYN-03,4.289,62.37,58.8,0,0,0
2026-01-01 22:43:00,SYN-04,4.056,59.91,62.24,0,0,0
2026-01-01 22:44:00,SYN-01,4.307,61.4,60.1,0,0,0
2026-01-01 22:45:00,SYN-02,4.259,63.88,57.27,0,0,0
2026-01-01 22:46:00,SYN-03,4.281,62.33,63.95,0,0,0
2026-01-01 22:47:00,SYN-04,4.118,68.44,59.83,0,0,0
2026-01-01 22:48:00,SYN-01,4.093,60.21,61.54,0,0,0
2026-01-01 22:49:00,SYN-02,4.132,65.27,60.32,0,0,0
2026-01-01 22:50:00,SYN-03,4.382,58.11,59.48,0,0,0
2026-01-01 22:51:00,SYN-04,3.235,83.1,67.09,1,1,1
2026-01-01 22:52:00,SYN-01,2.699,73.22,74.44,1,1,1
2026-01-01 22:53:00,SYN-02,2.411,72.66,70.98,1,1,1
2026-01-01 22:54:00,SYN-03,4.353,61.11,63.14,0,0,0
2026-01-01 22:55:00,SYN-04,4.295,64.72,61.46,0,0,0
2026-01-01 22:56:00,SYN-01,3.381,80.41,72.22,1,1,0
2026-01-01 22:57:00,SYN-02,4.045,64.23,59.99,0,0,0
2026-01-01 22:58:00,SYN-03,4.193,59.02,60.54,0,0,0
2026-01-01 22:59:00,SYN-04,4.368,63.18,62.89,0,0,0
2026-01-01 23:00:00,SYN-01,4.018,62.87,62.75,0,0,0
2026-01-01 23:01:00,SYN-02,3.974,65.7,62.33,0,0,0
2026-01-01 23:02:00,SYN-03,4.335,60.69,58.81,0,0,0
2026-01-01 23:03:00,SYN-04,4.151,60.91,60.06,0,0,0
2026-01-01 23:04:00,SYN-01,4.25,60.54,60.58,0,0,0
2026-01-01 23:05:00,SYN-02,4.222,58.39,62.32,0,0,0
2026-01-01 23:06:00,SYN-03,4.272,60.59,61.06,0,0,0
2026-01-01 23:07:00,SYN-04,4.064,61.84,58.4,0,0,0
2026-01-01 23:08:00,SYN-01,4.064,65.23,59.0,0,0,0
2026-01-01 23:09:00,SYN-02,4.135,61.33,62.64,0,0,0
2026-01-01 23:10:00,SYN-03,4.131,62.93,58.32,0,0,0
2026-01-01 23:11:00,SYN-04,4.251,60.64,60.18,0,0,0
2026-01-01 23:12:00,SYN-01,4.423,59.21,60.53,0,0,0
2026-01-01 23:13:00,SYN-02,4.106,58.13,60.39,0,0,0
2026-01-01 23:14:00,SYN-03,4.171,60.71,63.38,0,0,0
2026-01-01 23:15:00,SYN-04,4.079,61.65,63.56,0,0,0
2026-01-01 23:16:00,SYN-01,4.075,60.44,58.92,0,0,0
2026-01-01 23:17:00,SYN-02,4.325,61.64,61.92,0,0,0
2026-01-01 23:18:00,SYN-03,4.437,61.3,60.35,0,0,0
2026-01-01 23:19:00,SYN-04,4.096,65.52,58.3,0,0,0
2026-01-01 23:20:00,SYN-01,4.151,64.62,60.91,0,0,0
2026-01-01 23:21:00,SYN-02,4.234,61.26,59.23,0,0,0
2026-01-01 23:22:00,SYN-03,4.4,62.79,60.75,0,0,0
2026-01-01 23:23:00,SYN-04,4.11,58.56,59.57,0,0,0
2026-01-01 23:24:00,SYN-01,4.012,60.18,59.51,0,0,0
2026-01-01 23:25:00,SYN-02,4.283,59.93,58.11,0,0,0
2026-01-01 23:26:00,SYN-03,4.149,67.69,59.03,0,0,0
2026-01-01 23:27:00,SYN-04,4.25,66.73,58.83,0,0,0
2026-01-01 23:28:00,SYN-01,4.199,64.53,60.58,0,0,0
2026-01-01 23:29:00,SYN-02,4.137,56.82,60.63,0,0,0
2026-01-01 23:30:00,SYN-03,4.307,65.22,60.24,0,0,0
2026-01-01 23:31:00,SYN-04,4.099,62.29,60.82,0,0,0
2026-01-01 23:32:00,SYN-01,4.077,58.36,56.88,0,0,0
2026-01-01 23:33:00,SYN-02,4.065,63.67,58.18,0,0,0
2026-01-01 23:34:00,SYN-03,4.192,61.88,59.64,0,0,0
2026-01-01 23:35:00,SYN-04,4.164,61.79,58.95,0,0,0
2026-01-01 23:36:00,SYN-01,4.107,64.04,61.63,0,0,0
2026-01-01 23:37:00,SYN-02,4.207,63.61,62.82,0,0,0
2026-01-01 23:38:00,SYN-03,4.283,63.83,61.75,0,0,0
2026-01-01 23:39:00,SYN-04,4.349,61.93,58.49,0,0,0
2026-01-01 23:40:00,SYN-01,4.428,62.19,60.88,0,0,0
2026-01-01 23:41:00,SYN-02,4.267,62.51,61.84,0,0,0
2026-01-01 23:42:00,SYN-03,4.268,61.46,61.42,0,0,0
2026-01-01 23:43:00,SYN-04,4.062,64.05,60.4,0,0,0
2026-01-01 23:44:00,SYN-01,4.276,61.5,60.64,0,0,0
2026-01-01 23:45:00,SYN-02,4.279,62.1,57.21,0,0,0
2026-01-01 23:46:00,SYN-03,4.406,59.61,58.25,0,0,0
2026-01-01 23:47:00,SYN-04,4.111,60.99,58.76,0,0,0
2026-01-01 23:48:00,SYN-01,4.163,61.9,61.7,0,0,0
2026-01-01 23:49:00,SYN-02,4.091,60.96,61.18,0,0,0
2026-01-01 23:50:00,SYN-03,4.175,62.31,57.95,0,0,0
2026-01-01 23:51:00,SYN-04,4.153,56.94,60.68,0,0,0
2026-01-01 23:52:00,SYN-01,4.071,61.41,60.02,0,0,0
2026-01-01 23:53:00,SYN-02,4.173,65.66,59.2,0,0,0
2026-01-01 23:54:00,SYN-03,4.424,56.48,59.35,0,0,0
2026-01-01 23:55:00,SYN-04,4.043,66.78,63.87,0,0,0
2026-01-01 23:56:00,SYN-01,4.245,61.58,60.83,0,0,0
2026-01-01 23:57:00,SYN-02,4.322,61.31,61.07,0,0,0
2026-01-01 23:58:00,SYN-03,4.143,59.2,61.5,0,0,0
2026-01-01 23:59:00,SYN-04,2.742,71.39,67.9,1,1,1
2026-01-02 00:00:00,SYN-01,4.221,61.83,60.01,0,0,0
2026-01-02 00:01:00,SYN-02,4.252,64.32,58.93,0,0,0
2026-01-02 00:02:00,SYN-03,3.973,64.01,59.17,0,0,0
2026-01-02 00:03:00,SYN-04,4.357,64.76,61.23,0,0,0
2026-01-02 00:04:00,SYN-01,4.272,64.9,61.83,0,0,0
2026-01-02 00:05:00,SYN-02,4.219,63.02,60.74,0,0,0
2026-01-02 00:06:00,SYN-03,4.131,63.6,62.37,0,0,0
2026-01-02 00:07:00,SYN-04,4.339,59.5,61.84,0,0,0
2026-01-02 00:08:00,SYN-01,4.391,62.69,59.9,0,0,0
2026-01-02 00:09:00,SYN-02,4.343,64.05,61.65,0,0,0
2026-01-02 00:10:00,SYN-03,4.234,63.13,60.14,0,0,0
2026-01-02 00:11:00,SYN-04,4.219,67.44,61.9,0,0,0
2026-01-02 00:12:00,SYN-01,4.104,65.14,60.82,0,0,0
2026-01-02 00:13:00,SYN-02,4.146,63.65,60.21,0,0,0
2026-01-02 00:14:00,SYN-03,4.201,61.55,60.06,0,0,0
2026-01-02 00:15:00,SYN-04,4.121,59.57,58.02,0,0,0
2026-01-02 00:16:00,SYN-01,4.03,67.17,59.46,0,0,0
2026-01-02 00:17:00,SYN-02,4.121,60.29,59.13,0,0,0
2026-01-02 00:18:00,SYN-03,4.266,58.17,62.82,0,0,0
2026-01-02 00:19:00,SYN-04,4.068,61.12,61.67,0,0,0
2026-01-02 00:20:00,SYN-01,4.291,60.58,60.69,0,0,0
2026-01-02 00:21:00,SYN-02,4.18,64.75,60.94,0,0,0
2026-01-02 00:22:00,SYN-03,4.037,63.42,61.68,0,0,0
2026-01-02 00:23:00,SYN-04,4.275,62.92,58.43,0,0,0
2026-01-02 00:24:00,SYN-01,4.118,63.37,63.42,0,0,0
2026-01-02 00:25:00,SYN-02,4.371,63.6,57.07,0,0,0
2026-01-02 00:26:00,SYN-03,4.281,59.97,59.02,0,0,0
2026-01-02 00:27:00,SYN-04,4.058,59.04,60.72,0,0,0
2026-01-02 00:28:00,SYN-01,4.183,65.79,60.98,0,0,0
2026-01-02 00:29:00,SYN-02,4.064,63.61,63.01,0,0,0
2026-01-02 00:30:00,SYN-03,4.27,58.01,61.19,0,0,0
2026-01-02 00:31:00,SYN-04,4.134,59.7,58.36,0,0,0
2026-01-02 00:32:00,SYN-01,4.284,61.88,58.49,0,0,0
2026-01-02 00:33:00,SYN-02,4.06,63.6,61.86,0,0,0
2026-01-02 00:34:00,SYN-03,4.18,60.22,63.67,0,0,0
2026-01-02 00:35:00,SYN-04,4.467,59.56,61.59,0,0,0
2026-01-02 00:36:00,SYN-01,2.417,77.65,70.4,1,1,1
2026-01-02 00:37:00,SYN-02,4.141,65.29,59.17,0,0,0
2026-01-02 00:38:00,SYN-03,4.18,60.38,61.85,0,0,0
2026-01-02 00:39:00,SYN-04,4.246,58.79,62.55,0,0,0
2026-01-02 00:40:00,SYN-01,3.944,58.52,62.49,0,0,0
2026-01-02 00:41:00,SYN-02,4.176,60.73,59.66,0,0,0
2026-01-02 00:42:00,SYN-03,4.137,67.58,60.51,0,0,0
2026-01-02 00:43:00,SYN-04,4.212,57.76,59.24,0,0,0
2026-01-02 00:44:00,SYN-01,4.242,63.14,64.14,0,0,0
2026-01-02 00:45:00,SYN-02,4.153,62.87,57.03,0,0,0
2026-01-02 00:46:00,SYN-03,4.208,63.04,62.46,0,0,0
2026-01-02 00:47:00,SYN-04,4.275,63.72,59.26,0,0,0
2026-01-02 00:48:00,SYN-01,4.336,61.0,60.31,0,0,0
2026-01-02 00:49:00,SYN-02,4.221,58.56,63.44,0,0,0
2026-01-02 00:50:00,SYN-03,4.063,61.46,60.85,0,0,0
2026-01-02 00:51:00,SYN-04,4.03,61.53,62.39,0,0,0
2026-01-02 00:52:00,SYN-01,4.104,58.99,59.31,0,0,0
2026-01-02 00:53:00,SYN-02,4.257,60.23,60.49,0,0,0
2026-01-02 00:54:00,SYN-03,4.159,66.88,60.15,0,0,0
2026-01-02 00:55:00,SYN-04,4.329,62.19,61.8,0,0,0
2026-01-02 00:56:00,SYN-01,4.122,57.7,59.65,0,0,0
2026-01-02 00:57:00,SYN-02,3.932,64.92,61.28,0,0,0
2026-01-02 00:58:00,SYN-03,4.37,64.42,64.66,0,0,0
2026-01-02 00:59:00,SYN-04,4.103,64.84,63.12,0,0,0
2026-01-02 01:00:00,SYN-01,4.149,61.77,60.28,0,0,0
2026-01-02 01:01:00,SYN-02,4.3,60.94,61.92,0,0,0
2026-01-02 01:02:00,SYN-03,4.337,63.69,61.83,0,0,0
2026-01-02 01:03:00,SYN-04,4.145,66.24,59.49,0,0,0
2026-01-02 01:04:00,SYN-01,4.213,61.91,60.75,0,0,0
2026-01-02 01:05:00,SYN-02,4.246,62.43,58.94,0,0,0
2026-01-02 01:06:00,SYN-03,4.237,59.8,60.71,0,0,0
2026-01-02 01:07:00,SYN-04,4.139,61.76,63.21,0,0,0
2026-01-02 01:08:00,SYN-01,4.358,62.31,59.58,0,0,0
2026-01-02 01:09:00,SYN-02,3.988,67.11,58.3,0,0,0
2026-01-02 01:10:00,SYN-03,4.275,64.97,62.44,0,0,0
2026-01-02 01:11:00,SYN-04,4.267,64.24,59.63,0,0,0
2026-01-02 01:12:00,SYN-01,4.015,62.5,58.6,0,0,0
2026-01-02 01:13:00,SYN-02,4.366,61.5,61.97,0,0,0
2026-01-02 01:14:00,SYN-03,3.903,62.3,60.18,0,0,0
2026-01-02 01:15:00,SYN-04,3.917,60.04,60.18,0,0,0
2026-01-02 01:16:00,SYN-01,4.028,59.97,63.83,0,0,0
2026-01-02 01:17:00,SYN-02,4.155,65.87,60.61,0,0,0
2026-01-02 01:18:00,SYN-03,4.176,64.46,61.62,0,0,0
2026-01-02 01:19:00,SYN-04,4.355,61.95,59.06,0,0,0
2026-01-02 01:20:00,SYN-01,4.306,63.53,57.47,0,0,0
2026-01-02 01:21:00,SYN-02,4.139,63.29,61.23,0,0,0
2026-01-02 01:22:00,SYN-03,4.367,67.01,59.26,0,0,0
2026-01-02 01:23:00,SYN-04,4.103,64.55,63.44,0,0,0
2026-01-02 01:24:00,SYN-01,4.323,62.08,62.11,0,0,0
2026-01-02 01:25:00,SYN-02,4.286,61.02,57.93,0,0,0
2026-01-02 01:26:00,SYN-03,4.208,59.63,62.21,0,0,0
2026-01-02 01:27:00,SYN-04,4.169,64.19,60.07,0,0,0
2026-01-02 01:28:00,SYN-01,4.3,58.89,60.37,0,0,0
2026-01-02 01:29:00,SYN-02,4.313,64.29,60.91,0,0,0
2026-01-02 01:30:00,SYN-03,4.324,57.13,62.43,0,0,0
2026-01-02 01:31:00,SYN-04,4.116,62.84,62.35,0,0,0
2026-01-02 01:32:00,SYN-01,4.21,64.23,63.44,0,0,0
2026-01-02 01:33:00,SYN-02,4.048,68.91,60.0,0,0,0
2026-01-02 01:34:00,SYN-03,3.463,74.41,73.98,1,1,0
2026-01-02 01:35:00,SYN-04,4.109,63.39,59.21,0,0,0
2026-01-02 01:36:00,SYN-01,4.105,62.27,59.75,0,0,0
2026-01-02 01:37:00,SYN-02,4.168,65.14,61.32,0,0,0
2026-01-02 01:38:00,SYN-03,4.056,56.98,60.44,0,0,0
2026-01-02 01:39:00,SYN-04,4.239,64.47,57.75,0,0,0
2026-01-02 01:40:00,SYN-01,4.254,58.87,62.14,0,0,0
2026-01-02 01:41:00,SYN-02,4.095,60.72,58.96,0,0,0
2026-01-02 01:42:00,SYN-03,3.992,62.77,58.22,0,0,0
2026-01-02 01:43:00,SYN-04,4.404,65.05,58.0,0,0,0
2026-01-02 01:44:00,SYN-01,4.244,66.63,63.43,0,0,0
2026-01-02 01:45:00,SYN-02,4.203,58.32,58.68,0,0,0
2026-01-02 01:46:00,SYN-03,4.301,62.97,61.3,0,0,0
2026-01-02 01:47:00,SYN-04,4.279,64.55,61.79,0,0,0
2026-01-02 01:48:00,SYN-01,4.287,60.21,60.87,0,0,0
2026-01-02 01:49:00,SYN-02,4.193,64.25,56.9,0,0,0
2026-01-02 01:50:00,SYN-03,4.209,60.64,63.07,0,0,0
2026-01-02 01:51:00,SYN-04,4.162,60.76,63.17,0,0,0
2026-01-02 01:52:00,SYN-01,4.237,62.9,60.16,0,0,0
2026-01-02 01:53:00,SYN-02,4.325,58.48,60.45,0,0,0
2026-01-02 01:54:00,SYN-03,4.152,57.88,61.38,0,0,0
2026-01-02 01:55:00,SYN-04,4.195,60.08,61.89,0,0,0
2026-01-02 01:56:00,SYN-01,4.063,59.77,58.91,0,0,0
2026-01-02 01:57:00,SYN-02,4.371,59.27,60.18,0,0,0
2026-01-02 01:58:00,SYN-03,4.183,60.43,61.68,0,0,0
2026-01-02 01:59:00,SYN-04,3.993,59.39,61.51,0,0,0
2026-01-02 02:00:00,SYN-01,4.243,63.27,60.6,0,0,0
2026-01-02 02:01:00,SYN-02,4.319,56.35,59.68,0,0,0
2026-01-02 02:02:00,SYN-03,4.336,61.4,62.95,0,0,0
2026-01-02 02:03:00,SYN-04,4.557,62.19,60.52,0,0,0
2026-01-02 02:04:00,SYN-01,4.065,63.06,61.02,0,0,0
2026-01-02 02:05:00,SYN-02,4.358,64.06,62.75,0,0,0
2026-01-02 02:06:00,SYN-03,4.326,61.99,61.72,0,0,0
2026-01-02 02:07:00,SYN-04,4.07,59.41,64.25,0,0,0
2026-01-02 02:08:00,SYN-01,4.221,63.06,56.95,0,0,0
2026-01-02 02:09:00,SYN-02,4.171,63.64,58.55,0,0,0
2026-01-02 02:10:00,SYN-03,4.366,59.92,61.18,0,0,0
2026-01-02 02:11:00,SYN-04,4.122,61.24,60.61,0,0,0
2026-01-02 02:12:00,SYN-01,4.074,62.45,59.29,0,0,0
2026-01-02 02:13:00,SYN-02,4.314,64.61,61.84,0,0,0
2026-01-02 02:14:00,SYN-03,4.152,55.67,59.79,0,0,0
2026-01-02 02:15:00,SYN-04,2.309,76.7,69.06,1,1,1
2026-01-02 02:16:00,SYN-01,4.221,61.06,62.04,0,0,0
2026-01-02 02:17:00,SYN-02,4.325,63.04,59.37,0,0,0
2026-01-02 02:18:00,SYN-03,4.394,66.75,60.26,0,0,0
2026-01-02 02:19:00,SYN-04,4.303,62.69,58.05,0,0,0
2026-01-02 02:20:00,SYN-01,4.033,66.49,61.72,0,0,0
2026-01-02 02:21:00,SYN-02,4.14,59.54,58.75,0,0,0
2026-01-02 02:22:00,SYN-03,4.038,61.98,60.3,0,0,0
2026-01-02 02:23:00,SYN-04,4.196,61.27,58.02,0,0,0
2026-01-02 02:24:00,SYN-01,4.251,63.25,63.14,0,0,0
2026-01-02 02:25:00,SYN-02,3.982,60.41,59.53,0,0,0
2026-01-02 02:26:00,SYN-03,4.036,60.7,59.9,0,0,0
2026-01-02 02:27:00,SYN-04,4.313,59.9,61.4,0,0,0
2026-01-02 02:28:00,SYN-01,4.166,59.98,61.51,0,0,0
2026-01-02 02:29:00,SYN-02,4.35,60.22,65.2,0,0,0
2026-01-02 02:30:00,SYN-03,4.387,61.75,59.55,0,0,0
2026-01-02 02:31:00,SYN-04,4.17,61.09,62.5,0,0,0
2026-01-02 02:32:00,SYN-01,4.271,58.97,62.59,0,0,0
2026-01-02 02:33:00,SYN-02,4.387,64.09,60.69,0,0,0
2026-01-02 02:34:00,SYN-03,2.856,71.57,70.12,1,1,1
2026-01-02 02:35:00,SYN-04,4.152,65.01,60.09,0,0,0
2026-01-02 02:36:00,SYN-01,4.141,61.36,61.79,0,0,0
2026-01-02 02:37:00,SYN-02,4.244,60.68,60.36,0,0,0
2026-01-02 02:38:00,SYN-03,3.898,60.8,64.79,0,0,0
2026-01-02 02:39:00,SYN-04,4.37,60.46,62.51,0,0,0
2026-01-02 02:40:00,SYN-01,4.153,58.36,63.91,0,0,0
2026-01-02 02:41:00,SYN-02,4.322,63.48,60.3,0,0,0
2026-01-02 02:42:00,SYN-03,4.201,60.81,61.39,0,0,0
2026-01-02 02:43:00,SYN-04,4.153,62.21,62.43,0,0,0
2026-01-02 02:44:00,SYN-01,4.315,59.52,59.11,0,0,0
2026-01-02 02:45:00,SYN-02,4.086,62.09,60.79,0,0,0
2026-01-02 02:46:00,SYN-03,4.279,65.61,59.38,0,0,0
2026-01-02 02:47:00,SYN-04,4.207,59.44,61.82,0,0,0
2026-01-02 02:48:00,SYN-01,4.095,61.38,63.68,0,0,0
2026-01-02 02:49:00,SYN-02,3.067,74.93,70.4,1,1,0
2026-01-02 02:50:00,SYN-03,4.083,63.72,59.82,0,0,0
2026-01-02 02:51:00,SYN-04,2.984,80.65,76.09,1,1,1
2026-01-02 02:52:00,SYN-01,4.281,65.34,60.86,0,0,0
2026-01-02 02:53:00,SYN-02,4.155,62.93,62.11,0,0,0
2026-01-02 02:54:00,SYN-03,4.214,59.1,59.66,0,0,0
2026-01-02 02:55:00,SYN-04,3.942,67.45,64.71,0,0,0
2026-01-02 02:56:00,SYN-01,4.164,64.18,63.45,0,0,0
2026-01-02 02:57:00,SYN-02,4.271,63.2,61.6,0,0,0
2026-01-02 02:58:00,SYN-03,2.787,79.1,70.87,1,1,1
2026-01-02 02:59:00,SYN-04,3.886,57.38,59.12,0,0,0
2026-01-02 03:00:00,SYN-01,4.233,64.19,63.24,0,0,0
2026-01-02 03:01:00,SYN-02,3.963,57.42,62.97,0,0,0
2026-01-02 03:02:00,SYN-03,4.13,57.98,62.8,0,0,0
2026-01-02 03:03:00,SYN-04,4.216,62.41,59.42,0,0,0
2026-01-02 03:04:00,SYN-01,4.067,62.73,62.51,0,0,0
2026-01-02 03:05:00,SYN-02,4.066,64.41,60.57,0,0,0
2026-01-02 03:06:00,SYN-03,4.189,56.65,64.77,0,0,0
2026-01-02 03:07:00,SYN-04,4.167,63.44,65.36,0,0,0
2026-01-02 03:08:00,SYN-01,4.284,59.51,60.68,0,0,0
2026-01-02 03:09:00,SYN-02,4.309,63.11,61.31,0,0,0
2026-01-02 03:10:00,SYN-03,4.246,59.92,59.58,0,0,0
2026-01-02 03:11:00,SYN-04,4.254,61.86,62.62,0,0,0
2026-01-02 03:12:00,SYN-01,4.262,59.08,59.97,0,0,0
2026-01-02 03:13:00,SYN-02,4.073,63.66,61.68,0,0,0
2026-01-02 03:14:00,SYN-03,4.255,61.69,62.35,0,0,0
2026-01-02 03:15:00,SYN-04,4.435,66.47,60.85,0,0,0
2026-01-02 03:16:00,SYN-01,4.122,60.16,62.44,0,0,0
2026-01-02 03:17:00,SYN-02,4.245,64.76,62.74,0,0,0
2026-01-02 03:18:00,SYN-03,4.225,67.01,62.04,0,0,0
2026-01-02 03:19:00,SYN-04,4.156,62.96,62.49,0,0,0
2026-01-02 03:20:00,SYN-01,4.163,65.08,61.22,0,0,0
2026-01-02 03:21:00,SYN-02,4.107,64.54,59.25,0,0,0
2026-01-02 03:22:00,SYN-03,4.331,59.28,60.29,0,0,0
2026-01-02 03:23:00,SYN-04,4.101,63.46,57.86,0,0,0
2026-01-02 03:24:00,SYN-01,4.008,63.36,59.22,0,0,0
2026-01-02 03:25:00,SYN-02,4.139,55.86,60.37,0,0,0
2026-01-02 03:26:00,SYN-03,4.135,63.65,56.19,0,0,0
2026-01-02 03:27:00,SYN-04,4.245,63.0,60.37,0,0,0
2026-01-02 03:28:00,SYN-01,4.323,61.33,61.64,0,0,0
2026-01-02 03:29:00,SYN-02,4.211,59.82,61.28,0,0,0
2026-01-02 03:30:00,SYN-03,4.339,64.15,60.79,0,0,0
2026-01-02 03:31:00,SYN-04,4.436,64.42,61.51,0,0,0
2026-01-02 03:32:00,SYN-01,3.948,61.33,61.1,0,0,0
2026-01-02 03:33:00,SYN-02,4.154,62.28,63.03,0,0,0
2026-01-02 03:34:00,SYN-03,3.962,59.14,61.21,0,0,0
2026-01-02 03:35:00,SYN-04,4.031,62.37,61.22,0,0,0
2026-01-02 03:36:00,SYN-01,4.363,58.05,60.83,0,0,0
2026-01-02 03:37:00,SYN-02,4.172,63.84,60.5,0,0,0
2026-01-02 03:38:00,SYN-03,4.024,61.79,62.68,0,0,0
2026-01-02 03:39:00,SYN-04,4.308,63.12,60.69,0,0,0
2026-01-02 03:40:00,SYN-01,4.425,62.27,59.53,0,0,0
2026-01-02 03:41:00,SYN-02,4.278,63.64,60.1,0,0,0
2026-01-02 03:42:00,SYN-03,4.152,60.45,60.24,0,0,0
2026-01-02 03:43:00,SYN-04,3.486,71.73,64.25,1,0,0
2026-01-02 03:44:00,SYN-01,4.246,60.84,63.41,0,0,0
2026-01-02 03:45:00,SYN-02,4.334,61.99,63.67,0,0,0
2026-01-02 03:46:00,SYN-03,4.108,63.59,62.5,0,0,0
2026-01-02 03:47:00,SYN-04,4.225,58.87,60.94,0,0,0
2026-01-02 03:48:00,SYN-01,4.197,64.86,59.39,0,0,0
2026-01-02 03:49:00,SYN-02,4.126,58.38,62.87,0,0,0
2026-01-02 03:50:00,SYN-03,4.25,60.21,63.73,0,0,0
2026-01-02 03:51:00,SYN-04,4.289,54.56,61.53,0,0,0
2026-01-02 03:52:00,SYN-01,4.252,60.71,61.78,0,0,0
2026-01-02 03:53:00,SYN-02,4.197,62.32,60.6,0,0,0
2026-01-02 03:54:00,SYN-03,4.306,56.69,61.64,0,0,0
2026-01-02 03:55:00,SYN-04,4.155,63.46,59.14,0,0,0
2026-01-02 03:56:00,SYN-01,4.092,58.89,62.47,0,0,0
2026-01-02 03:57:00,SYN-02,4.14,61.01,63.19,0,0,0
2026-01-02 03:58:00,SYN-03,4.134,59.06,62.48,0,0,0
2026-01-02 03:59:00,SYN-04,4.052,66.18,57.99,0,0,0
2026-01-02 04:00:00,SYN-01,3.07,71.63,73.06,1,1,0
2026-01-02 04:01:00,SYN-02,4.154,64.1,56.99,0,0,0
2026-01-02 04:02:00,SYN-03,4.231,59.76,59.28,0,0,0
2026-01-02 04:03:00,SYN-04,4.253,59.69,58.64,0,0,0
2026-01-02 04:04:00,SYN-01,4.234,60.83,61.01,0,0,0
2026-01-02 04:05:00,SYN-02,4.09,62.56,62.4,0,0,0
2026-01-02 04:06:00,SYN-03,4.056,57.44,60.8,0,0,0
2026-01-02 04:07:00,SYN-04,4.301,62.69,61.13,0,0,0
2026-01-02 04:08:00,SYN-01,4.265,60.43,61.56,0,0,0
2026-01-02 04:09:00,SYN-02,4.246,61.79,64.02,0,0,0
2026-01-02 04:10:00,SYN-03,4.201,65.99,59.93,0,0,0
2026-01-02 04:11:00,SYN-04,4.418,59.68,61.42,0,0,0
2026-01-02 04:12:00,SYN-01,3.986,62.46,60.99,0,0,0
2026-01-02 04:13:00,SYN-02,4.114,61.3,61.53,0,0,0
2026-01-02 04:14:00,SYN-03,4.243,61.15,61.29,0,0,0
2026-01-02 04:15:00,SYN-04,4.241,58.78,62.46,0,0,0
2026-01-02 04:16:00,SYN-01,4.236,65.73,63.28,0,0,0
2026-01-02 04:17:00,SYN-02,3.953,61.74,62.61,0,0,0
2026-01-02 04:18:00,SYN-03,4.113,61.68,58.66,0,0,0
2026-01-02 04:19:00,SYN-04,4.15,60.91,59.24,0,0,0
2026-01-02 04:20:00,SYN-01,4.066,62.59,57.42,0,0,0
2026-01-02 04:21:00,SYN-02,4.284,56.14,64.64,0,0,0
2026-01-02 04:22:00,SYN-03,4.117,61.09,61.69,0,0,0
2026-01-02 04:23:00,SYN-04,4.084,60.02,58.53,0,0,0
2026-01-02 04:24:00,SYN-01,4.157,60.44,63.0,0,0,0
2026-01-02 04:25:00,SYN-02,3.974,65.75,61.16,0,0,0
2026-01-02 04:26:00,SYN-03,4.131,60.08,62.26,0,0,0
2026-01-02 04:27:00,SYN-04,4.264,61.79,59.8,0,0,0
2026-01-02 04:28:00,SYN-01,4.283,62.25,60.4,0,0,0
2026-01-02 04:29:00,SYN-02,4.153,60.74,61.15,0,0,0
2026-01-02 04:30:00,SYN-03,4.12,65.0,60.75,0,0,0
2026-01-02 04:31:00,SYN-04,4.238,69.26,63.52,0,0,0
2026-01-02 04:32:00,SYN-01,4.303,62.85,61.32,0,0,0
2026-01-02 04:33:00,SYN-02,4.339,64.48,60.43,0,0,0
2026-01-02 04:34:00,SYN-03,4.137,62.02,61.63,0,0,0
2026-01-02 04:35:00,SYN-04,4.169,56.91,59.56,0,0,0
2026-01-02 04:36:00,SYN-01,4.098,61.89,63.26,0,0,0
2026-01-02 04:37:00,SYN-02,4.2,60.43,59.91,0,0,0
2026-01-02 04:38:00,SYN-03,3.926,58.79,60.33,0,0,0
2026-01-02 04:39:00,SYN-04,4.198,65.86,62.92,0,0,0
2026-01-02 04:40:00,SYN-01,4.235,60.34,64.69,0,0,0
2026-01-02 04:41:00,SYN-02,4.195,65.32,57.78,0,0,0
2026-01-02 04:42:00,SYN-03,4.294,59.48,61.73,0,0,0
2026-01-02 04:43:00,SYN-04,4.054,61.28,59.09,0,0,0
2026-01-02 04:44:00,SYN-01,4.136,63.11,62.39,0,0,0
2026-01-02 04:45:00,SYN-02,4.112,63.05,62.67,0,0,0
2026-01-02 04:46:00,SYN-03,4.094,59.25,62.66,0,0,0
2026-01-02 04:47:00,SYN-04,4.328,62.13,62.16,0,0,0
2026-01-02 04:48:00,SYN-01,3.99,63.23,59.67,0,0,0
2026-01-02 04:49:00,SYN-02,4.103,60.75,63.17,0,0,0
2026-01-02 04:50:00,SYN-03,4.379,61.99,61.95,0,0,0
2026-01-02 04:51:00,SYN-04,4.242,63.22,58.6,0,0,0
2026-01-02 04:52:00,SYN-01,4.211,61.63,61.29,0,0,0
2026-01-02 04:53:00,SYN-02,4.358,60.2,60.6,0,0,0
2026-01-02 04:54:00,SYN-03,4.355,61.81,60.78,0,0,0
2026-01-02 04:55:00,SYN-04,4.468,58.69,58.87,0,0,0
2026-01-02 04:56:00,SYN-01,3.961,68.75,63.63,0,0,0
2026-01-02 04:57:00,SYN-02,4.228,63.42,61.94,0,0,0
2026-01-02 04:58:00,SYN-03,4.282,62.91,60.42,0,0,0
2026-01-02 04:59:00,SYN-04,4.341,63.06,57.77,0,0,0
2026-01-02 05:00:00,SYN-01,4.016,62.65,59.86,0,0,0
2026-01-02 05:01:00,SYN-02,4.224,60.7,62.2,0,0,0
2026-01-02 05:02:00,SYN-03,4.118,62.2,62.25,0,0,0
2026-01-02 05:03:00,SYN-04,4.018,63.99,60.2,0,0,0
2026-01-02 05:04:00,SYN-01,4.032,65.2,61.52,0,0,0
2026-01-02 05:05:00,SYN-02,4.321,64.9,61.07,0,0,0
2026-01-02 05:06:00,SYN-03,4.067,59.88,60.38,0,0,0
2026-01-02 05:07:00,SYN-04,4.355,61.66,60.17,0,0,0
2026-01-02 05:08:00,SYN-01,4.149,59.93,64.57,0,0,0
2026-01-02 05:09:00,SYN-02,4.397,62.85,58.59,0,0,0
2026-01-02 05:10:00,SYN-03,4.284,60.65,65.26,0,0,0
2026-01-02 05:11:00,SYN-04,4.289,61.25,61.3,0,0,0
2026-01-02 05:12:00,SYN-01,4.19,67.28,62.53,0,0,0
2026-01-02 05:13:00,SYN-02,4.152,62.97,64.32,0,0,0
2026-01-02 05:14:00,SYN-03,4.389,60.08,60.57,0,0,0
2026-01-02 05:15:00,SYN-04,4.176,62.65,58.86,0,0,0
2026-01-02 05:16:00,SYN-01,4.405,59.61,59.46,0,0,0
2026-01-02 05:17:00,SYN-02,4.264,59.23,61.31,0,0,0
2026-01-02 05:18:00,SYN-03,3.963,61.07,60.02,0,0,0
2026-01-02 05:19:00,SYN-04,4.089,61.99,63.19,0,0,0
2026-01-02 05:20:00,SYN-01,4.086,62.31,62.87,0,0,0
2026-01-02 05:21:00,SYN-02,3.936,66.02,60.75,0,0,0
2026-01-02 05:22:00,SYN-03,4.216,61.61,63.7,0,0,0
2026-01-02 05:23:00,SYN-04,4.249,62.79,59.85,0,0,0
2026-01-02 05:24:00,SYN-01,4.121,65.83,64.56,0,0,0
2026-01-02 05:25:00,SYN-02,4.103,62.31,60.78,0,0,0
2026-01-02 05:26:00,SYN-03,4.01,61.74,62.23,0,0,0
2026-01-02 05:27:00,SYN-04,4.427,62.41,60.45,0,0,0
2026-01-02 05:28:00,SYN-01,4.088,66.0,63.67,0,0,0
2026-01-02 05:29:00,SYN-02,3.921,62.55,59.49,0,0,0
2026-01-02 05:30:00,SYN-03,4.042,62.64,59.11,0,0,0
2026-01-02 05:31:00,SYN-04,4.197,62.23,62.22,0,0,0
2026-01-02 05:32:00,SYN-01,4.194,62.7,62.26,0,0,0
2026-01-02 05:33:00,SYN-02,4.284,61.9,60.9,0,0,0
2026-01-02 05:34:00,SYN-03,4.229,59.4,61.48,0,0,0
2026-01-02 05:35:00,SYN-04,4.154,62.15,60.99,0,0,0
2026-01-02 05:36:00,SYN-01,4.257,61.64,62.17,0,0,0
2026-01-02 05:37:00,SYN-02,4.097,63.36,59.65,0,0,0
2026-01-02 05:38:00,SYN-03,4.125,64.12,59.81,0,0,0
2026-01-02 05:39:00,SYN-04,4.362,64.87,57.79,0,0,0
2026-01-02 05:40:00,SYN-01,4.266,64.88,62.19,0,0,0
2026-01-02 05:41:00,SYN-02,4.131,58.23,60.02,0,0,0
2026-01-02 05:42:00,SYN-03,4.066,60.94,59.57,0,0,0
2026-01-02 05:43:00,SYN-04,4.079,62.69,62.36,0,0,0
2026-01-02 05:44:00,SYN-01,4.175,59.99,60.71,0,0,0
2026-01-02 05:45:00,SYN-02,4.079,64.89,59.24,0,0,0
2026-01-02 05:46:00,SYN-03,4.163,62.18,60.28,0,0,0
2026-01-02 05:47:00,SYN-04,4.366,62.9,60.37,0,0,0
2026-01-02 05:48:00,SYN-01,4.113,59.18,62.99,0,0,0
2026-01-02 05:49:00,SYN-02,4.126,61.18,61.9,0,0,0
2026-01-02 05:50:00,SYN-03,4.285,66.98,60.06,0,0,0
2026-01-02 05:51:00,SYN-04,4.116,66.08,58.6,0,0,0
2026-01-02 05:52:00,SYN-01,4.126,60.16,59.63,0,0,0
2026-01-02 05:53:00,SYN-02,4.158,59.08,61.88,0,0,0
2026-01-02 05:54:00,SYN-03,3.98,62.46,58.0,0,0,0
2026-01-02 05:55:00,SYN-04,4.065,62.17,60.47,0,0,0
2026-01-02 05:56:00,SYN-01,3.928,63.08,58.36,0,0,0
2026-01-02 05:57:00,SYN-02,4.343,62.27,57.84,0,0,0
2026-01-02 05:58:00,SYN-03,4.175,63.23,60.12,0,0,0
2026-01-02 05:59:00,SYN-04,4.309,69.14,64.04,0,0,0
2026-01-02 06:00:00,SYN-01,2.842,71.31,68.04,1,1,1
2026-01-02 06:01:00,SYN-02,4.034,58.47,59.58,0,0,0
2026-01-02 06:02:00,SYN-03,4.282,58.14,62.28,0,0,0
2026-01-02 06:03:00,SYN-04,4.02,62.55,62.21,0,0,0
2026-01-02 06:04:00,SYN-01,4.085,62.34,63.91,0,0,0
2026-01-02 06:05:00,SYN-02,4.21,61.83,61.41,0,0,0
2026-01-02 06:06:00,SYN-03,4.18,62.35,59.08,0,0,0
2026-01-02 06:07:00,SYN-04,4.058,64.99,65.12,0,0,0
2026-01-02 06:08:00,SYN-01,4.271,67.39,57.47,0,0,0
2026-01-02 06:09:00,SYN-02,3.954,62.1,60.41,0,0,0
2026-01-02 06:10:00,SYN-03,4.145,61.23,60.44,0,0,0
2026-01-02 06:11:00,SYN-04,4.102,63.58,59.72,0,0,0
2026-01-02 06:12:00,SYN-01,4.273,58.61,58.01,0,0,0
2026-01-02 06:13:00,SYN-02,4.199,58.95,59.42,0,0,0
2026-01-02 06:14:00,SYN-03,3.957,61.52,61.99,0,0,0
2026-01-02 06:15:00,SYN-04,4.183,63.93,60.73,0,0,0
2026-01-02 06:16:00,SYN-01,4.331,59.65,61.09,0,0,0
2026-01-02 06:17:00,SYN-02,4.171,58.78,57.09,0,0,0
2026-01-02 06:18:00,SYN-03,4.195,63.84,62.82,0,0,0
2026-01-02 06:19:00,SYN-04,4.283,60.37,60.17,0,0,0
2026-01-02 06:20:00,SYN-01,4.099,60.88,62.09,0,0,0
2026-01-02 06:21:00,SYN-02,4.116,61.41,63.07,0,0,0
2026-01-02 06:22:00,SYN-03,4.085,60.35,58.44,0,0,0
2026-01-02 06:23:00,SYN-04,4.379,59.71,58.0,0,0,0
2026-01-02 06:24:00,SYN-01,4.332,62.27,59.49,0,0,0
2026-01-02 06:25:00,SYN-02,4.146,58.31,61.12,0,0,0
2026-01-02 06:26:00,SYN-03,4.271,60.43,60.56,0,0,0
2026-01-02 06:27:00,SYN-04,4.225,61.66,58.41,0,0,0
2026-01-02 06:28:00,SYN-01,4.091,64.17,61.4,0,0,0
2026-01-02 06:29:00,SYN-02,4.244,63.77,59.06,0,0,0
2026-01-02 06:30:00,SYN-03,4.219,65.47,60.48,0,0,0
2026-01-02 06:31:00,SYN-04,4.327,60.62,59.98,0,0,0
2026-01-02 06:32:00,SYN-01,4.201,62.39,56.68,0,0,0
2026-01-02 06:33:00,SYN-02,4.518,63.2,61.03,0,0,0
2026-01-02 06:34:00,SYN-03,4.381,60.8,63.56,0,0,0
2026-01-02 06:35:00,SYN-04,4.107,63.82,61.21,0,0,0
2026-01-02 06:36:00,SYN-01,4.169,56.04,62.82,0,0,0
2026-01-02 06:37:00,SYN-02,4.242,60.39,60.95,0,0,0
2026-01-02 06:38:00,SYN-03,4.117,59.38,58.84,0,0,0
2026-01-02 06:39:00,SYN-04,4.313,61.51,62.53,0,0,0
2026-01-02 06:40:00,SYN-01,4.12,59.71,61.39,0,0,0
2026-01-02 06:41:00,SYN-02,4.279,65.96,59.98,0,0,0
2026-01-02 06:42:00,SYN-03,3.936,63.17,61.14,0,0,0
2026-01-02 06:43:00,SYN-04,4.34,65.51,60.19,0,0,0
2026-01-02 06:44:00,SYN-01,4.153,61.97,61.97,0,0,0
2026-01-02 06:45:00,SYN-02,4.297,58.98,57.06,0,0,0
2026-01-02 06:46:00,SYN-03,4.262,58.49,62.5,0,0,0
2026-01-02 06:47:00,SYN-04,4.15,59.74,62.18,0,0,0
2026-01-02 06:48:00,SYN-01,4.28,61.92,61.99,0,0,0
2026-01-02 06:49:00,SYN-02,4.252,58.15,62.15,0,0,0
2026-01-02 06:50:00,SYN-03,4.258,65.81,58.95,0,0,0
2026-01-02 06:51:00,SYN-04,4.336,63.18,60.52,0,0,0
2026-01-02 06:52:00,SYN-01,4.153,60.12,59.61,0,0,0
2026-01-02 06:53:00,SYN-02,4.448,63.19,62.05,0,0,0
2026-01-02 06:54:00,SYN-03,4.123,63.92,59.7,0,0,0
2026-01-02 06:55:00,SYN-04,4.326,57.14,58.95,0,0,0
2026-01-02 06:56:00,SYN-01,4.104,60.02,58.13,0,0,0
2026-01-02 06:57:00,SYN-02,4.481,66.16,60.99,0,0,0
2026-01-02 06:58:00,SYN-03,4.053,59.61,63.69,0,0,0
2026-01-02 06:59:00,SYN-04,4.273,62.89,62.6,0,0,0
2026-01-02 07:00:00,SYN-01,4.376,64.13,60.66,0,0,0
2026-01-02 07:01:00,SYN-02,4.206,56.76,58.16,0,0,0
2026-01-02 07:02:00,SYN-03,4.135,63.96,61.81,0,0,0
2026-01-02 07:03:00,SYN-04,4.264,61.61,59.68,0,0,0
2026-01-02 07:04:00,SYN-01,4.137,61.37,60.7,0,0,0
2026-01-02 07:05:00,SYN-02,4.281,61.33,62.46,0,0,0
2026-01-02 07:06:00,SYN-03,4.156,64.88,60.01,0,0,0
2026-01-02 07:07:00,SYN-04,4.094,63.31,60.82,0,0,0
2026-01-02 07:08:00,SYN-01,4.115,63.25,56.83,0,0,0
2026-01-02 07:09:00,SYN-02,4.308,63.68,59.79,0,0,0
2026-01-02 07:10:00,SYN-03,4.232,62.08,60.59,0,0,0
2026-01-02 07:11:00,SYN-04,4.161,61.2,61.52,0,0,0
2026-01-02 07:12:00,SYN-01,4.326,66.22,60.05,0,0,0
2026-01-02 07:13:00,SYN-02,4.241,60.01,59.33,0,0,0
2026-01-02 07:14:00,SYN-03,4.106,63.76,64.66,0,0,0
2026-01-02 07:15:00,SYN-04,4.066,63.48,64.75,0,0,0
2026-01-02 07:16:00,SYN-01,4.248,60.36,59.92,0,0,0
2026-01-02 07:17:00,SYN-02,4.209,61.23,61.84,0,0,0
2026-01-02 07:18:00,SYN-03,4.405,59.42,64.18,0,0,0
2026-01-02 07:19:00,SYN-04,4.308,61.03,63.81,0,0,0
2026-01-02 07:20:00,SYN-01,4.105,58.78,60.22,0,0,0
2026-01-02 07:21:00,SYN-02,4.247,64.9,61.71,0,0,0
2026-01-02 07:22:00,SYN-03,4.147,59.28,59.53,0,0,0
2026-01-02 07:23:00,SYN-04,4.227,55.47,58.88,0,0,0
2026-01-02 07:24:00,SYN-01,4.368,61.6,56.27,0,0,0
2026-01-02 07:25:00,SYN-02,4.398,64.15,61.79,0,0,0
2026-01-02 07:26:00,SYN-03,4.054,61.3,61.21,0,0,0
2026-01-02 07:27:00,SYN-04,4.22,61.33,60.24,0,0,0
2026-01-02 07:28:00,SYN-01,4.202,60.65,62.75,0,0,0
2026-01-02 07:29:00,SYN-02,4.333,59.0,61.48,0,0,0
2026-01-02 07:30:00,SYN-03,4.047,65.95,59.84,0,0,0
2026-01-02 07:31:00,SYN-04,4.134,62.78,60.74,0,0,0
2026-01-02 07:32:00,SYN-01,4.269,58.94,63.85,0,0,0
2026-01-02 07:33:00,SYN-02,4.379,62.6,60.26,0,0,0
2026-01-02 07:34:00,SYN-03,4.237,62.93,59.91,0,0,0
2026-01-02 07:35:00,SYN-04,4.224,57.14,60.64,0,0,0
2026-01-02 07:36:00,SYN-01,4.117,60.78,59.38,0,0,0
2026-01-02 07:37:00,SYN-02,4.198,57.15,61.66,0,0,0
2026-01-02 07:38:00,SYN-03,4.101,58.85,60.79,0,0,0
2026-01-02 07:39:00,SYN-04,4.446,61.17,57.99,0,0,0
2026-01-02 07:40:00,SYN-01,4.357,60.42,62.72,0,0,0
2026-01-02 07:41:00,SYN-02,4.121,58.97,62.9,0,0,0
2026-01-02 07:42:00,SYN-03,4.139,63.88,59.01,0,0,0
2026-01-02 07:43:00,SYN-04,4.091,62.31,61.0,0,0,0
2026-01-02 07:44:00,SYN-01,4.13,57.86,63.82,0,0,0
2026-01-02 07:45:00,SYN-02,4.258,61.2,61.31,0,0,0
2026-01-02 07:46:00,SYN-03,4.106,66.3,62.05,0,0,0
2026-01-02 07:47:00,SYN-04,4.502,63.8,59.83,0,0,0
2026-01-02 07:48:00,SYN-01,4.22,59.06,61.71,0,0,0
2026-01-02 07:49:00,SYN-02,4.262,57.91,62.15,0,0,0
2026-01-02 07:50:00,SYN-03,4.286,58.04,61.01,0,0,0
2026-01-02 07:51:00,SYN-04,4.353,57.6,63.48,0,0,0
2026-01-02 07:52:00,SYN-01,4.146,62.39,56.97,0,0,0
2026-01-02 07:53:00,SYN-02,4.098,62.36,57.33,0,0,0
2026-01-02 07:54:00,SYN-03,4.109,62.88,63.93,0,0,0
2026-01-02 07:55:00,SYN-04,4.351,61.45,61.51,0,0,0
2026-01-02 07:56:00,SYN-01,4.307,60.24,63.41,0,0,0
2026-01-02 07:57:00,SYN-02,4.496,63.04,61.58,0,0,0
2026-01-02 07:58:00,SYN-03,4.167,62.77,60.59,0,0,0
2026-01-02 07:59:00,SYN-04,4.217,60.17,61.36,0,0,0
2026-01-02 08:00:00,SYN-01,4.226,60.69,58.71,0,0,0
2026-01-02 08:01:00,SYN-02,4.282,60.01,58.13,0,0,0
2026-01-02 08:02:00,SYN-03,4.28,62.76,62.01,0,0,0
2026-01-02 08:03:00,SYN-04,4.096,63.1,62.49,0,0,0
2026-01-02 08:04:00,SYN-01,4.168,61.86,61.79,0,0,0
2026-01-02 08:05:00,SYN-02,4.203,61.04,63.24,0,0,0
2026-01-02 08:06:00,SYN-03,4.194,62.26,61.17,0,0,0
2026-01-02 08:07:00,SYN-04,4.212,60.26,61.63,0,0,0
2026-01-02 08:08:00,SYN-01,4.376,62.02,59.13,0,0,0
2026-01-02 08:09:00,SYN-02,4.091,62.55,63.16,0,0,0
2026-01-02 08:10:00,SYN-03,4.064,62.85,57.88,0,0,0
2026-01-02 08:11:00,SYN-04,4.129,61.9,60.97,0,0,0
2026-01-02 08:12:00,SYN-01,4.178,63.09,59.43,0,0,0
2026-01-02 08:13:00,SYN-02,3.952,59.98,61.62,0,0,0
2026-01-02 08:14:00,SYN-03,4.068,65.12,58.9,0,0,0
2026-01-02 08:15:00,SYN-04,4.174,57.4,63.37,0,0,0
2026-01-02 08:16:00,SYN-01,4.38,62.61,61.28,0,0,0
2026-01-02 08:17:00,SYN-02,4.442,64.81,59.0,0,0,0
2026-01-02 08:18:00,SYN-03,4.256,66.41,60.34,0,0,0
2026-01-02 08:19:00,SYN-04,3.939,63.15,60.16,0,0,0
2026-01-02 08:20:00,SYN-01,4.346,59.66,60.18,0,0,0
2026-01-02 08:21:00,SYN-02,4.181,59.71,57.43,0,0,0
2026-01-02 08:22:00,SYN-03,4.072,58.44,60.41,0,0,0
2026-01-02 08:23:00,SYN-04,4.256,62.43,61.59,0,0,0
2026-01-02 08:24:00,SYN-01,4.383,66.28,63.18,0,0,0
2026-01-02 08:25:00,SYN-02,4.02,62.37,61.85,0,0,0
2026-01-02 08:26:00,SYN-03,4.301,58.99,59.13,0,0,0
2026-01-02 08:27:00,SYN-04,4.074,63.39,60.04,0,0,0
2026-01-02 08:28:00,SYN-01,4.388,58.2,62.77,0,0,0
2026-01-02 08:29:00,SYN-02,3.948,64.76,61.2,0,0,0
2026-01-02 08:30:00,SYN-03,4.188,64.52,60.56,0,0,0
2026-01-02 08:31:00,SYN-04,4.312,61.21,59.02,0,0,0
2026-01-02 08:32:00,SYN-01,4.289,58.11,61.62,0,0,0
2026-01-02 08:33:00,SYN-02,4.197,58.04,65.57,0,0,0
2026-01-02 08:34:00,SYN-03,4.048,61.15,62.42,0,0,0
2026-01-02 08:35:00,SYN-04,4.123,60.47,61.31,0,0,0
2026-01-02 08:36:00,SYN-01,4.013,63.57,59.5,0,0,0
2026-01-02 08:37:00,SYN-02,4.087,59.17,59.15,0,0,0
2026-01-02 08:38:00,SYN-03,4.218,60.28,62.01,0,0,0
2026-01-02 08:39:00,SYN-04,4.021,58.3,60.77,0,0,0
2026-01-02 08:40:00,SYN-01,4.199,61.92,59.14,0,0,0
2026-01-02 08:41:00,SYN-02,4.054,59.8,60.75,0,0,0
2026-01-02 08:42:00,SYN-03,4.107,68.24,62.84,0,0,0
2026-01-02 08:43:00,SYN-04,4.251,61.41,64.26,0,0,0
2026-01-02 08:44:00,SYN-01,4.203,59.03,58.57,0,0,0
2026-01-02 08:45:00,SYN-02,4.178,61.67,60.21,0,0,0
2026-01-02 08:46:00,SYN-03,4.104,62.42,63.21,0,0,0
2026-01-02 08:47:00,SYN-04,4.452,64.97,60.6,0,0,0
2026-01-02 08:48:00,SYN-01,4.173,55.66,62.31,0,0,0
2026-01-02 08:49:00,SYN-02,4.291,62.91,60.37,0,0,0
2026-01-02 08:50:00,SYN-03,4.133,64.87,59.17,0,0,0
2026-01-02 08:51:00,SYN-04,4.131,61.76,61.39,0,0,0
2026-01-02 08:52:00,SYN-01,4.172,63.73,60.45,0,0,0
2026-01-02 08:53:00,SYN-02,4.0,62.26,59.92,0,0,0
2026-01-02 08:54:00,SYN-03,4.243,61.56,60.55,0,0,0
2026-01-02 08:55:00,SYN-04,4.294,59.42,63.36,0,0,0
2026-01-02 08:56:00,SYN-01,4.339,61.39,61.9,0,0,0
2026-01-02 08:57:00,SYN-02,4.122,62.54,58.19,0,0,0
2026-01-02 08:58:00,SYN-03,4.273,61.59,61.15,0,0,0
2026-01-02 08:59:00,SYN-04,4.144,63.96,58.07,0,0,0
2026-01-02 09:00:00,SYN-01,4.148,60.26,62.74,0,0,0
2026-01-02 09:01:00,SYN-02,4.337,63.92,61.72,0,0,0
2026-01-02 09:02:00,SYN-03,4.512,61.71,61.62,0,0,0
2026-01-02 09:03:00,SYN-04,4.177,59.47,59.16,0,0,0
2026-01-02 09:04:00,SYN-01,4.208,62.0,63.15,0,0,0
2026-01-02 09:05:00,SYN-02,4.145,61.84,65.04,0,0,0
2026-01-02 09:06:00,SYN-03,4.392,62.22,60.02,0,0,0
2026-01-02 09:07:00,SYN-04,4.165,62.87,58.3,0,0,0
2026-01-02 09:08:00,SYN-01,4.358,59.92,62.11,0,0,0
2026-01-02 09:09:00,SYN-02,4.025,62.06,61.23,0,0,0
2026-01-02 09:10:00,SYN-03,4.144,58.42,61.55,0,0,0
2026-01-02 09:11:00,SYN-04,4.181,60.67,59.62,0,0,0
2026-01-02 09:12:00,SYN-01,4.415,55.77,61.19,0,0,0
2026-01-02 09:13:00,SYN-02,4.315,66.81,59.85,0,0,0
2026-01-02 09:14:00,SYN-03,3.796,59.51,61.29,0,0,0
2026-01-02 09:15:00,SYN-04,4.348,64.86,64.62,0,0,0
2026-01-02 09:16:00,SYN-01,4.071,63.55,60.51,0,0,0
2026-01-02 09:17:00,SYN-02,4.257,59.52,61.17,0,0,0
2026-01-02 09:18:00,SYN-03,4.318,64.28,62.36,0,0,0
2026-01-02 09:19:00,SYN-04,4.178,62.05,60.49,0,0,0
