timestamp,machine_id,vibration_x_g,vibration_y_g,vibration_z_g,vibration_rms_g,kurtosis,vibration_anomaly,failure
2026-01-01 00:00:00,SYN-01,0.2122,0.2412,0.1549,0.2059,2.994,0,0
2026-01-01 00:01:00,SYN-02,0.1797,0.2097,0.1628,0.1851,2.917,0,0
2026-01-01 00:02:00,SYN-03,0.1705,0.2675,0.1361,0.1993,2.959,0,0
2026-01-01 00:03:00,SYN-04,0.1292,0.2099,0.1636,0.1708,2.972,0,0
2026-01-01 00:04:00,SYN-01,0.2375,0.2259,0.1757,0.2147,3.016,0,0
2026-01-01 00:05:00,SYN-02,0.149,0.2327,0.1217,0.1743,3.033,0,0
2026-01-01 00:06:00,SYN-03,0.1846,0.1724,0.1145,0.1601,3.247,0,0
2026-01-01 00:07:00,SYN-04,0.2041,0.1672,0.1623,0.1788,2.827,0,0
2026-01-01 00:08:00,SYN-01,0.17,0.209,0.1554,0.1796,3.209,0,0
2026-01-01 00:09:00,SYN-02,0.1589,0.2377,0.116,0.1781,2.873,0,0
2026-01-01 00:10:00,SYN-03,0.2144,0.229,0.1362,0.1975,3.126,0,0
2026-01-01 00:11:00,SYN-04,0.156,0.2005,0.1451,0.1689,2.863,0,0
2026-01-01 00:12:00,SYN-01,0.1474,0.1667,0.1837,0.1666,2.732,0,0
2026-01-01 00:13:00,SYN-02,0.1733,0.2049,0.123,0.1704,2.89,0,0
2026-01-01 00:14:00,SYN-03,0.2015,0.2465,0.1682,0.2079,2.954,0,0
2026-01-01 00:15:00,SYN-04,0.1882,0.259,0.1592,0.2064,3.005,0,0
2026-01-01 00:16:00,SYN-01,0.1974,0.1962,0.1382,0.1794,2.847,0,0
2026-01-01 00:17:00,SYN-02,0.516,0.7467,0.4678,0.5895,7.319,1,1
2026-01-01 00:18:00,SYN-03,0.2202,0.213,0.1611,0.1998,2.877,0,0
2026-01-01 00:19:00,SYN-04,0.1984,0.2029,0.1655,0.1897,2.853,0,0
2026-01-01 00:20:00,SYN-01,0.1702,0.2794,0.1757,0.2144,2.829,0,0
2026-01-01 00:21:00,SYN-02,0.2064,0.1614,0.1466,0.1733,3.171,0,0
2026-01-01 00:22:00,SYN-03,0.1717,0.2685,0.1065,0.194,2.746,0,0
2026-01-01 00:23:00,SYN-04,0.1976,0.2358,0.117,0.19,2.844,0,0
2026-01-01 00:24:00,SYN-01,0.1782,0.2129,0.1559,0.1838,2.669,0,0
2026-01-01 00:25:00,SYN-02,0.2072,0.175,0.179,0.1876,3.044,0,0
2026-01-01 00:26:00,SYN-03,0.226,0.2146,0.1556,0.2011,2.808,0,0
2026-01-01 00:27:00,SYN-04,0.2282,0.2164,0.1255,0.1955,2.86,0,0
2026-01-01 00:28:00,SYN-01,0.1691,0.2538,0.1497,0.1962,3.054,0,0
2026-01-01 00:29:00,SYN-02,0.1952,0.1952,0.1753,0.1888,3.006,0,0
2026-01-01 00:30:00,SYN-03,0.1867,0.2727,0.1681,0.2141,2.976,0,0
2026-01-01 00:31:00,SYN-04,0.1332,0.2537,0.1319,0.1821,2.98,0,0
2026-01-01 00:32:00,SYN-01,0.1942,0.2223,0.1596,0.1938,2.838,0,0
2026-01-01 00:33:00,SYN-02,0.1903,0.2538,0.1485,0.2022,2.868,0,0
2026-01-01 00:34:00,SYN-03,0.2092,0.2129,0.1585,0.1952,2.964,0,0
2026-01-01 00:35:00,SYN-04,0.149,0.2532,0.1656,0.1947,3.311,0,0
2026-01-01 00:36:00,SYN-01,0.2119,0.2491,0.1513,0.208,3.258,0,0
2026-01-01 00:37:00,SYN-02,0.209,0.2068,0.1507,0.1908,3.052,0,0
2026-01-01 00:38:00,SYN-03,0.1396,0.1793,0.1125,0.1464,3.148,0,0
2026-01-01 00:39:00,SYN-04,0.1797,0.2138,0.1427,0.1811,3.044,0,0
2026-01-01 00:40:00,SYN-01,0.1694,0.1962,0.1629,0.1768,2.932,0,0
2026-01-01 00:41:00,SYN-02,0.2276,0.2278,0.1618,0.2081,2.981,0,0
2026-01-01 00:42:00,SYN-03,0.204,0.1965,0.1364,0.1815,2.997,0,0
2026-01-01 00:43:00,SYN-04,0.1897,0.2414,0.1663,0.2016,2.956,0,0
2026-01-01 00:44:00,SYN-01,0.1955,0.2133,0.1494,0.188,2.627,0,0
2026-01-01 00:45:00,SYN-02,0.1913,0.2475,0.1275,0.195,3.006,0,0
2026-01-01 00:46:00,SYN-03,0.1729,0.1927,0.1529,0.1736,2.971,0,0
2026-01-01 00:47:00,SYN-04,0.1784,0.2175,0.1529,0.1849,2.988,0,0
2026-01-01 00:48:00,SYN-01,0.1698,0.2243,0.1424,0.1821,3.323,0,0
2026-01-01 00:49:00,SYN-02,0.1933,0.1781,0.142,0.1725,3.044,0,0
2026-01-01 00:50:00,SYN-03,0.1687,0.2442,0.1542,0.1931,2.841,0,0
2026-01-01 00:51:00,SYN-04,0.1615,0.241,0.1465,0.1876,2.888,0,0
2026-01-01 00:52:00,SYN-01,0.1308,0.223,0.1829,0.1829,2.882,0,0
2026-01-01 00:53:00,SYN-02,0.2038,0.2069,0.1309,0.1839,2.885,0,0
2026-01-01 00:54:00,SYN-03,0.1582,0.1968,0.1558,0.1713,3.213,0,0
2026-01-01 00:55:00,SYN-04,0.1703,0.2683,0.1809,0.2111,3.214,0,0
2026-01-01 00:56:00,SYN-01,0.1955,0.2388,0.1437,0.1965,2.81,0,0
2026-01-01 00:57:00,SYN-02,0.129,0.2069,0.1847,0.1766,2.788,0,0
2026-01-01 00:58:00,SYN-03,0.1833,0.2777,0.1286,0.2059,3.052,0,0
2026-01-01 00:59:00,SYN-04,0.2004,0.2199,0.1414,0.1902,3.215,0,0
2026-01-01 01:00:00,SYN-01,0.846,0.6014,0.5252,0.6716,8.613,1,1
2026-01-01 01:01:00,SYN-02,0.1397,0.2223,0.1715,0.1811,2.641,0,0
2026-01-01 01:02:00,SYN-03,0.185,0.2933,0.1483,0.2177,2.895,0,0
2026-01-01 01:03:00,SYN-04,0.1529,0.2091,0.1467,0.1719,3.158,0,0
2026-01-01 01:04:00,SYN-01,0.2543,0.2903,0.1518,0.2394,3.099,0,0
2026-01-01 01:05:00,SYN-02,0.1935,0.249,0.1139,0.1936,2.779,0,0
2026-01-01 01:06:00,SYN-03,0.2134,0.2098,0.1492,0.1931,2.918,0,0
2026-01-01 01:07:00,SYN-04,0.1596,0.1756,0.1303,0.1563,2.996,0,0
2026-01-01 01:08:00,SYN-01,0.1483,0.2569,0.1295,0.1869,3.119,0,0
2026-01-01 01:09:00,SYN-02,0.1833,0.2434,0.1675,0.2007,2.956,0,0
2026-01-01 01:10:00,SYN-03,0.1995,0.2337,0.1776,0.2049,3.127,0,0
2026-01-01 01:11:00,SYN-04,0.1806,0.2165,0.1593,0.187,3.083,0,0
2026-01-01 01:12:00,SYN-01,0.1289,0.238,0.1731,0.1855,2.911,0,0
2026-01-01 01:13:00,SYN-02,0.1849,0.1993,0.1159,0.1706,3.031,0,0
2026-01-01 01:14:00,SYN-03,0.1901,0.25,0.1203,0.1942,3.369,0,0
2026-01-01 01:15:00,SYN-04,0.1646,0.2172,0.1108,0.1699,2.968,0,0
2026-01-01 01:16:00,SYN-01,0.2004,0.202,0.162,0.189,3.068,0,0
2026-01-01 01:17:00,SYN-02,0.2137,0.2205,0.1483,0.1969,3.095,0,0
2026-01-01 01:18:00,SYN-03,0.1781,0.2515,0.1338,0.1939,3.129,0,0
2026-01-01 01:19:00,SYN-04,0.157,0.206,0.1523,0.1735,3.003,0,0
2026-01-01 01:20:00,SYN-01,0.1805,0.2541,0.1784,0.2073,3.169,0,0
2026-01-01 01:21:00,SYN-02,0.2068,0.2785,0.1376,0.2155,3.014,0,0
2026-01-01 01:22:00,SYN-03,0.2273,0.2379,0.1655,0.2127,2.945,0,0
2026-01-01 01:23:00,SYN-04,0.1932,0.2031,0.1371,0.1801,2.957,0,0
2026-01-01 01:24:00,SYN-01,0.1779,0.249,0.1891,0.2077,2.958,0,0
2026-01-01 01:25:00,SYN-02,0.1936,0.2256,0.1243,0.186,2.826,0,0
2026-01-01 01:26:00,SYN-03,0.1697,0.222,0.1692,0.1886,2.695,0,0
2026-01-01 01:27:00,SYN-04,0.1852,0.2555,0.1413,0.1997,3.032,0,0
2026-01-01 01:28:00,SYN-01,0.1724,0.2441,0.1207,0.1861,3.118,0,0
2026-01-01 01:29:00,SYN-02,0.2248,0.2242,0.1234,0.1967,2.951,0,0
2026-01-01 01:30:00,SYN-03,0.1946,0.2594,0.1187,0.1994,2.952,0,0
2026-01-01 01:31:00,SYN-04,0.2011,0.2175,0.1466,0.1908,2.942,0,0
2026-01-01 01:32:00,SYN-01,0.177,0.2201,0.1783,0.1928,3.229,0,0
2026-01-01 01:33:00,SYN-02,0.1937,0.2174,0.1422,0.1871,3.263,0,0
2026-01-01 01:34:00,SYN-03,0.1585,0.1846,0.0971,0.1512,3.048,0,0
2026-01-01 01:35:00,SYN-04,0.2032,0.1964,0.1522,0.1853,2.99,0,0
2026-01-01 01:36:00,SYN-01,0.1508,0.2343,0.1259,0.1765,3.023,0,0
2026-01-01 01:37:00,SYN-02,0.2022,0.2774,0.1356,0.2131,3.01,0,0
2026-01-01 01:38:00,SYN-03,0.1835,0.1967,0.1602,0.1808,3.196,0,0
2026-01-01 01:39:00,SYN-04,0.187,0.2213,0.1513,0.1887,2.939,0,0
2026-01-01 01:40:00,SYN-01,0.1815,0.1707,0.1824,0.1783,3.133,0,0
2026-01-01 01:41:00,SYN-02,0.1679,0.239,0.1214,0.1826,3.291,0,0
2026-01-01 01:42:00,SYN-03,0.1745,0.2425,0.1675,0.1977,3.193,0,0
2026-01-01 01:43:00,SYN-04,0.2016,0.1637,0.147,0.1723,2.909,0,0
2026-01-01 01:44:00,SYN-01,0.2156,0.2217,0.1455,0.1973,3.08,0,0
2026-01-01 01:45:00,SYN-02,0.1691,0.183,0.1627,0.1718,3.146,0,0
2026-01-01 01:46:00,SYN-03,0.1825,0.242,0.1513,0.1956,3.16,0,0
2026-01-01 01:47:00,SYN-04,0.1411,0.2293,0.1788,0.1866,3.18,0,0
2026-01-01 01:48:00,SYN-01,0.7799,0.5247,0.5154,0.6189,8.046,1,1
2026-01-01 01:49:00,SYN-02,0.159,0.2372,0.1736,0.1929,2.915,0,0
2026-01-01 01:50:00,SYN-03,0.1392,0.283,0.1423,0.1998,2.951,0,0
2026-01-01 01:51:00,SYN-04,0.1811,0.2849,0.1546,0.2144,2.869,0,0
2026-01-01 01:52:00,SYN-01,0.4851,0.5495,0.5173,0.518,6.111,1,1
2026-01-01 01:53:00,SYN-02,0.2267,0.2886,0.1314,0.2251,2.869,0,0
2026-01-01 01:54:00,SYN-03,0.1839,0.3032,0.1689,0.2268,3.282,0,0
2026-01-01 01:55:00,SYN-04,0.202,0.2645,0.1462,0.2099,3.186,0,0
2026-01-01 01:56:00,SYN-01,0.1808,0.2266,0.1413,0.1862,3.095,0,0
2026-01-01 01:57:00,SYN-02,0.172,0.1818,0.1335,0.1638,3.104,0,0
2026-01-01 01:58:00,SYN-03,0.1852,0.2117,0.182,0.1934,3.134,0,0
2026-01-01 01:59:00,SYN-04,0.1746,0.2473,0.1596,0.1976,2.986,0,0
2026-01-01 02:00:00,SYN-01,0.1834,0.2573,0.1759,0.2088,2.988,0,0
2026-01-01 02:01:00,SYN-02,0.1867,0.278,0.1851,0.2209,3.086,0,0
2026-01-01 02:02:00,SYN-03,0.1859,0.1877,0.1052,0.1641,3.038,0,0
2026-01-01 02:03:00,SYN-04,0.1655,0.2068,0.1473,0.175,2.757,0,0
2026-01-01 02:04:00,SYN-01,0.1848,0.1961,0.1087,0.1678,3.198,0,0
2026-01-01 02:05:00,SYN-02,0.1842,0.1382,0.1357,0.1543,2.939,0,0
2026-01-01 02:06:00,SYN-03,0.1999,0.2223,0.1566,0.1949,3.017,0,0
2026-01-01 02:07:00,SYN-04,0.2108,0.2419,0.1461,0.2036,3.526,0,0
2026-01-01 02:08:00,SYN-01,0.1745,0.2853,0.1248,0.2061,2.987,0,0
2026-01-01 02:09:00,SYN-02,0.1439,0.2496,0.1484,0.1871,2.899,0,0
2026-01-01 02:10:00,SYN-03,0.1915,0.2724,0.1249,0.2053,2.786,0,0
2026-01-01 02:11:00,SYN-04,0.1339,0.2522,0.1429,0.1843,3.149,0,0
2026-01-01 02:12:00,SYN-01,0.1906,0.2907,0.1398,0.2163,2.855,0,0
2026-01-01 02:13:00,SYN-02,0.212,0.2381,0.1665,0.2076,2.769,0,0
2026-01-01 02:14:00,SYN-03,0.2425,0.2282,0.145,0.2097,3.2,0,0
2026-01-01 02:15:00,SYN-04,0.2143,0.2352,0.1643,0.2067,2.915,0,0
2026-01-01 02:16:00,SYN-01,0.1479,0.1887,0.1264,0.1565,3.07,0,0
2026-01-01 02:17:00,SYN-02,0.143,0.2319,0.1687,0.185,3.035,0,0
2026-01-01 02:18:00,SYN-03,0.2158,0.2302,0.1874,0.2119,3.025,0,0
2026-01-01 02:19:00,SYN-04,0.1932,0.2548,0.1414,0.2019,2.882,0,0
2026-01-01 02:20:00,SYN-01,0.18,0.2092,0.1117,0.1719,3.288,0,0
2026-01-01 02:21:00,SYN-02,0.2405,0.1985,0.164,0.2034,3.068,0,0
2026-01-01 02:22:00,SYN-03,0.1764,0.2481,0.1287,0.1908,3.097,0,0
2026-01-01 02:23:00,SYN-04,0.1966,0.2247,0.1793,0.2011,3.189,0,0
2026-01-01 02:24:00,SYN-01,0.1668,0.196,0.1613,0.1754,3.133,0,0
2026-01-01 02:25:00,SYN-02,0.2117,0.223,0.184,0.2069,3.111,0,0
2026-01-01 02:26:00,SYN-03,0.696,0.9616,0.4178,0.7266,9.645,1,1
2026-01-01 02:27:00,SYN-04,0.6862,0.9362,0.526,0.7357,9.952,1,1
2026-01-01 02:28:00,SYN-01,0.1893,0.2293,0.1857,0.2024,3.122,0,0
2026-01-01 02:29:00,SYN-02,0.1853,0.2342,0.1352,0.1893,2.685,0,0
2026-01-01 02:30:00,SYN-03,0.178,0.2065,0.1557,0.1813,3.105,0,0
2026-01-01 02:31:00,SYN-04,0.1442,0.1692,0.1721,0.1623,2.952,0,0
2026-01-01 02:32:00,SYN-01,0.1637,0.2905,0.1524,0.2117,2.834,0,0
2026-01-01 02:33:00,SYN-02,0.2278,0.2176,0.1794,0.2093,2.914,0,0
2026-01-01 02:34:00,SYN-03,0.2123,0.2615,0.134,0.2093,2.952,0,0
2026-01-01 02:35:00,SYN-04,0.1704,0.1601,0.1544,0.1618,3.142,0,0
2026-01-01 02:36:00,SYN-01,0.1976,0.223,0.1349,0.1888,3.33,0,0
2026-01-01 02:37:00,SYN-02,0.1939,0.2319,0.2019,0.2099,2.853,0,0
2026-01-01 02:38:00,SYN-03,0.2127,0.2295,0.1489,0.2001,2.801,0,0
2026-01-01 02:39:00,SYN-04,0.15,0.2733,0.1324,0.1956,2.897,0,0
2026-01-01 02:40:00,SYN-01,0.1694,0.2712,0.165,0.2078,3.235,0,0
2026-01-01 02:41:00,SYN-02,0.1912,0.2469,0.1364,0.1967,2.902,0,0
2026-01-01 02:42:00,SYN-03,0.1837,0.2176,0.1353,0.182,2.958,0,0
2026-01-01 02:43:00,SYN-04,0.1651,0.2624,0.1316,0.1944,2.81,0,0
2026-01-01 02:44:00,SYN-01,0.1885,0.2329,0.1413,0.1913,3.127,0,0
2026-01-01 02:45:00,SYN-02,0.1984,0.2167,0.1818,0.1994,2.649,0,0
2026-01-01 02:46:00,SYN-03,0.1976,0.2802,0.1498,0.216,3.118,0,0
2026-01-01 02:47:00,SYN-04,0.1468,0.2558,0.1396,0.1884,3.025,0,0
2026-01-01 02:48:00,SYN-01,0.1534,0.2118,0.1677,0.1794,2.98,0,0
2026-01-01 02:49:00,SYN-02,0.1588,0.2568,0.1614,0.1977,2.895,0,0
2026-01-01 02:50:00,SYN-03,0.2254,0.2491,0.164,0.2159,3.182,0,0
2026-01-01 02:51:00,SYN-04,0.1543,0.216,0.1158,0.1672,3.015,0,0
2026-01-01 02:52:00,SYN-01,0.1883,0.2444,0.1554,0.1994,3.07,0,0
2026-01-01 02:53:00,SYN-02,0.1766,0.2148,0.2003,0.1979,3.161,0,0
2026-01-01 02:54:00,SYN-03,0.7895,0.9323,0.6254,0.7924,11.15,1,1
2026-01-01 02:55:00,SYN-04,0.1616,0.2176,0.1113,0.1691,3.252,0,0
2026-01-01 02:56:00,SYN-01,0.2132,0.2682,0.1683,0.2204,2.952,0,0
2026-01-01 02:57:00,SYN-02,0.5506,0.9353,0.6235,0.7227,9.739,1,1
2026-01-01 02:58:00,SYN-03,0.1835,0.2514,0.1486,0.1991,3.128,0,0
2026-01-01 02:59:00,SYN-04,0.183,0.298,0.1704,0.2246,2.995,0,0
2026-01-01 03:00:00,SYN-01,0.1594,0.1977,0.1467,0.1693,2.908,0,0
2026-01-01 03:01:00,SYN-02,0.1818,0.2105,0.1438,0.1808,3.209,0,0
2026-01-01 03:02:00,SYN-03,0.1998,0.2018,0.1325,0.181,2.832,0,0
2026-01-01 03:03:00,SYN-04,0.1496,0.2793,0.1522,0.2029,3.171,0,0
2026-01-01 03:04:00,SYN-01,0.1969,0.2221,0.1553,0.1934,2.798,0,0
2026-01-01 03:05:00,SYN-02,0.2057,0.2653,0.1595,0.2146,3.035,0,0
2026-01-01 03:06:00,SYN-03,0.1467,0.1997,0.1592,0.17,2.997,0,0
2026-01-01 03:07:00,SYN-04,0.2399,0.221,0.18,0.2151,3.12,0,0
2026-01-01 03:08:00,SYN-01,0.1581,0.2728,0.1432,0.2,2.854,0,0
2026-01-01 03:09:00,SYN-02,0.117,0.2267,0.163,0.1748,3.065,0,0
2026-01-01 03:10:00,SYN-03,0.1669,0.2354,0.1383,0.1847,2.889,0,0
2026-01-01 03:11:00,SYN-04,0.2233,0.2413,0.1396,0.2062,3.217,0,0
2026-01-01 03:12:00,SYN-01,0.1915,0.1934,0.1876,0.1908,3.053,0,0
2026-01-01 03:13:00,SYN-02,0.1562,0.2543,0.1409,0.1906,2.937,0,0
2026-01-01 03:14:00,SYN-03,0.147,0.2322,0.1496,0.1807,3.146,0,0
2026-01-01 03:15:00,SYN-04,0.2417,0.2657,0.1619,0.2274,3.191,0,0
2026-01-01 03:16:00,SYN-01,0.2092,0.2478,0.1379,0.2035,3.033,0,0
2026-01-01 03:17:00,SYN-02,0.1909,0.2208,0.127,0.1838,3.194,0,0
2026-01-01 03:18:00,SYN-03,0.166,0.2166,0.1501,0.1798,2.888,0,0
2026-01-01 03:19:00,SYN-04,0.181,0.1774,0.169,0.1759,3.134,0,0
2026-01-01 03:20:00,SYN-01,0.1903,0.215,0.1466,0.1861,3.036,0,0
2026-01-01 03:21:00,SYN-02,0.1944,0.2137,0.1828,0.1974,3.01,0,0
2026-01-01 03:22:00,SYN-03,0.1963,0.1821,0.1842,0.1876,3.061,0,0
2026-01-01 03:23:00,SYN-04,0.1781,0.2235,0.1441,0.1848,3.012,0,0
2026-01-01 03:24:00,SYN-01,0.211,0.1823,0.1368,0.1793,3.024,0,0
2026-01-01 03:25:00,SYN-02,0.1544,0.2399,0.1372,0.1828,3.145,0,0
2026-01-01 03:26:00,SYN-03,0.1492,0.1755,0.1568,0.1609,2.892,0,0
2026-01-01 03:27:00,SYN-04,0.1891,0.2242,0.1555,0.1917,3.082,0,0
2026-01-01 03:28:00,SYN-01,0.1904,0.24,0.1767,0.2042,2.777,0,0
2026-01-01 03:29:00,SYN-02,0.2084,0.2084,0.1436,0.1893,3.145,0,0
2026-01-01 03:30:00,SYN-03,0.194,0.2308,0.1595,0.1969,3.138,0,0
2026-01-01 03:31:00,SYN-04,0.2047,0.2034,0.1269,0.182,2.828,0,0
2026-01-01 03:32:00,SYN-01,0.2014,0.2301,0.1367,0.1934,3.129,0,0
2026-01-01 03:33:00,SYN-02,0.2009,0.2064,0.1742,0.1943,3.032,0,0
2026-01-01 03:34:00,SYN-03,0.2269,0.2657,0.1746,0.2255,3.149,0,0
2026-01-01 03:35:00,SYN-04,0.2121,0.2487,0.1503,0.2077,3.181,0,0
2026-01-01 03:36:00,SYN-01,0.6515,0.5837,0.3688,0.5481,6.523,1,1
2026-01-01 03:37:00,SYN-02,0.1674,0.2961,0.1669,0.2187,3.095,0,0
2026-01-01 03:38:00,SYN-03,0.166,0.2109,0.1719,0.184,2.802,0,0
2026-01-01 03:39:00,SYN-04,0.1714,0.2007,0.1433,0.1734,2.921,0,0
2026-01-01 03:40:00,SYN-01,0.2209,0.2368,0.1522,0.2066,3.063,0,0
2026-01-01 03:41:00,SYN-02,0.182,0.2789,0.149,0.2106,2.967,0,0
2026-01-01 03:42:00,SYN-03,0.2059,0.2668,0.1465,0.2122,3.293,0,0
2026-01-01 03:43:00,SYN-04,0.1947,0.2455,0.1079,0.1913,3.214,0,0
2026-01-01 03:44:00,SYN-01,0.1759,0.2538,0.1805,0.2065,2.951,0,0
2026-01-01 03:45:00,SYN-02,0.1961,0.2107,0.192,0.1998,2.953,0,0
2026-01-01 03:46:00,SYN-03,0.4761,0.7594,0.5953,0.6212,7.727,1,1
2026-01-01 03:47:00,SYN-04,0.2352,0.2471,0.1404,0.213,3.08,0,0
2026-01-01 03:48:00,SYN-01,0.2035,0.1734,0.2156,0.1983,3.071,0,0
2026-01-01 03:49:00,SYN-02,0.1748,0.2836,0.1675,0.2153,2.801,0,0
2026-01-01 03:50:00,SYN-03,0.1674,0.2548,0.1636,0.1997,3.056,0,0
2026-01-01 03:51:00,SYN-04,0.2237,0.2392,0.1803,0.2158,3.025,0,0
2026-01-01 03:52:00,SYN-01,0.1544,0.2232,0.152,0.1796,2.929,0,0
2026-01-01 03:53:00,SYN-02,0.2049,0.2886,0.1754,0.2281,3.214,0,0
2026-01-01 03:54:00,SYN-03,0.1845,0.2322,0.1541,0.193,3.027,0,0
2026-01-01 03:55:00,SYN-04,0.1724,0.2542,0.1802,0.2056,3.022,0,0
2026-01-01 03:56:00,SYN-01,0.1999,0.232,0.1742,0.2034,3.089,0,0
2026-01-01 03:57:00,SYN-02,0.1731,0.2202,0.1199,0.1759,2.985,0,0
2026-01-01 03:58:00,SYN-03,0.1492,0.1446,0.119,0.1382,3.028,0,0
2026-01-01 03:59:00,SYN-04,0.1828,0.2536,0.156,0.2017,3.177,0,0
2026-01-01 04:00:00,SYN-01,0.2183,0.1875,0.1498,0.1873,2.979,0,0
2026-01-01 04:01:00,SYN-02,0.1801,0.2009,0.1494,0.178,2.934,0,0
2026-01-01 04:02:00,SYN-03,0.1739,0.2527,0.1258,0.1914,2.701,0,0
2026-01-01 04:03:00,SYN-04,0.5243,0.7845,0.4002,0.5917,7.357,1,1
2026-01-01 04:04:00,SYN-01,0.1793,0.2275,0.1917,0.2006,2.919,0,0
2026-01-01 04:05:00,SYN-02,0.1935,0.1786,0.1457,0.1737,2.761,0,0
2026-01-01 04:06:00,SYN-03,0.163,0.2055,0.1513,0.1748,3.037,0,0
2026-01-01 04:07:00,SYN-04,0.202,0.226,0.1745,0.2019,3.006,0,0
2026-01-01 04:08:00,SYN-01,0.2098,0.2057,0.1711,0.1963,3.043,0,0
2026-01-01 04:09:00,SYN-02,0.6602,0.8839,0.6811,0.7486,10.182,1,1
2026-01-01 04:10:00,SYN-03,0.1564,0.2631,0.1467,0.196,2.87,0,0
2026-01-01 04:11:00,SYN-04,0.1645,0.2631,0.1685,0.2039,3.036,0,0
2026-01-01 04:12:00,SYN-01,0.1868,0.1898,0.1342,0.1722,3.217,0,0
2026-01-01 04:13:00,SYN-02,0.2455,0.2841,0.1782,0.24,2.802,0,0
2026-01-01 04:14:00,SYN-03,0.1958,0.2285,0.1595,0.1966,3.128,0,0
2026-01-01 04:15:00,SYN-04,0.1959,0.2407,0.1703,0.2044,2.777,0,0
2026-01-01 04:16:00,SYN-01,0.2279,0.2494,0.1324,0.2095,3.057,0,0
2026-01-01 04:17:00,SYN-02,0.1679,0.2117,0.1513,0.1788,2.993,0,0
2026-01-01 04:18:00,SYN-03,0.2359,0.2798,0.1863,0.2371,3.148,0,0
2026-01-01 04:19:00,SYN-04,0.1521,0.2195,0.1342,0.1725,3.162,0,0
2026-01-01 04:20:00,SYN-01,0.2261,0.2407,0.1487,0.2091,3.037,0,0
2026-01-01 04:21:00,SYN-02,0.2284,0.1648,0.1893,0.1959,3.211,0,0
2026-01-01 04:22:00,SYN-03,0.1995,0.2231,0.1693,0.1985,2.872,0,0
2026-01-01 04:23:00,SYN-04,0.1694,0.235,0.148,0.1878,2.94,0,0
2026-01-01 04:24:00,SYN-01,0.1733,0.2059,0.1378,0.1746,2.501,0,0
2026-01-01 04:25:00,SYN-02,0.1791,0.269,0.1405,0.2034,3.124,0,0
2026-01-01 04:26:00,SYN-03,0.168,0.2944,0.1509,0.2142,2.806,0,0
2026-01-01 04:27:00,SYN-04,0.1808,0.2226,0.1832,0.1965,2.859,0,0
2026-01-01 04:28:00,SYN-01,0.7019,0.6721,0.43,0.6135,7.785,1,1
2026-01-01 04:29:00,SYN-02,0.1325,0.2315,0.1775,0.185,3.248,0,0
2026-01-01 04:30:00,SYN-03,0.189,0.245,0.1964,0.2116,2.931,0,0
2026-01-01 04:31:00,SYN-04,0.1814,0.2294,0.1804,0.1984,3.14,0,0
2026-01-01 04:32:00,SYN-01,0.1714,0.197,0.1319,0.1689,2.992,0,0
2026-01-01 04:33:00,SYN-02,0.1865,0.2286,0.1207,0.184,3.206,0,0
2026-01-01 04:34:00,SYN-03,0.2171,0.2442,0.1954,0.2198,3.103,0,0
2026-01-01 04:35:00,SYN-04,0.1708,0.2372,0.1379,0.1866,3.078,0,0
2026-01-01 04:36:00,SYN-01,0.19,0.206,0.1629,0.1871,2.651,0,0
2026-01-01 04:37:00,SYN-02,0.1755,0.2652,0.1474,0.2023,2.897,0,0
2026-01-01 04:38:00,SYN-03,0.2032,0.2255,0.1097,0.1864,2.728,0,0
2026-01-01 04:39:00,SYN-04,0.1937,0.2298,0.1619,0.1971,2.912,0,0
2026-01-01 04:40:00,SYN-01,0.1848,0.1731,0.1734,0.1772,2.937,0,0
2026-01-01 04:41:00,SYN-02,0.2059,0.2669,0.1264,0.2078,2.76,0,0
2026-01-01 04:42:00,SYN-03,0.1873,0.2572,0.1873,0.2132,3.308,0,0
2026-01-01 04:43:00,SYN-04,0.229,0.2728,0.1415,0.2213,3.008,0,0
2026-01-01 04:44:00,SYN-01,0.1717,0.26,0.1362,0.1963,3.355,0,0
2026-01-01 04:45:00,SYN-02,0.2078,0.2459,0.177,0.2121,3.301,0,0
2026-01-01 04:46:00,SYN-03,0.2053,0.2682,0.1818,0.2215,3.22,0,0
2026-01-01 04:47:00,SYN-04,0.2038,0.2141,0.1391,0.1886,2.905,0,0
2026-01-01 04:48:00,SYN-01,0.1877,0.2079,0.1465,0.1825,2.979,0,0
2026-01-01 04:49:00,SYN-02,0.2846,0.2084,0.1413,0.2194,2.956,0,0
2026-01-01 04:50:00,SYN-03,0.2068,0.2786,0.1325,0.2144,2.931,0,0
2026-01-01 04:51:00,SYN-04,0.2262,0.2239,0.1528,0.2038,3.153,0,0
2026-01-01 04:52:00,SYN-01,0.2037,0.2677,0.1528,0.2133,3.013,0,0
2026-01-01 04:53:00,SYN-02,0.1852,0.2456,0.1108,0.1888,3.161,0,0
2026-01-01 04:54:00,SYN-03,0.1973,0.2584,0.1346,0.2031,2.811,0,0
2026-01-01 04:55:00,SYN-04,0.1975,0.2424,0.1588,0.2025,3.122,0,0
2026-01-01 04:56:00,SYN-01,0.1521,0.2445,0.1372,0.1841,3.013,0,0
2026-01-01 04:57:00,SYN-02,0.1639,0.2257,0.1634,0.1867,3.217,0,0
2026-01-01 04:58:00,SYN-03,0.1992,0.2497,0.1437,0.2022,2.746,0,0
2026-01-01 04:59:00,SYN-04,0.5434,0.7927,0.4451,0.6115,7.658,1,1
2026-01-01 05:00:00,SYN-01,0.2348,0.2552,0.1874,0.2276,2.976,0,0
2026-01-01 05:01:00,SYN-02,0.2028,0.2376,0.1904,0.2112,3.264,0,0
2026-01-01 05:02:00,SYN-03,0.2158,0.251,0.1566,0.2114,2.952,0,0
2026-01-01 05:03:00,SYN-04,0.1773,0.1916,0.1586,0.1764,2.872,0,0
2026-01-01 05:04:00,SYN-01,0.1694,0.2412,0.1491,0.1907,3.035,0,0
2026-01-01 05:05:00,SYN-02,0.2115,0.2397,0.1197,0.1971,3.02,0,0
2026-01-01 05:06:00,SYN-03,0.1921,0.1921,0.1473,0.1784,2.772,0,0
2026-01-01 05:07:00,SYN-04,0.2366,0.2026,0.1473,0.1989,3.082,0,0
2026-01-01 05:08:00,SYN-01,0.549,0.6837,0.6772,0.6397,8.15,1,1
2026-01-01 05:09:00,SYN-02,0.1303,0.2754,0.1407,0.1938,2.849,0,0
2026-01-01 05:10:00,SYN-03,0.209,0.2301,0.1521,0.1998,2.943,0,0
2026-01-01 05:11:00,SYN-04,0.2225,0.2894,0.1323,0.2242,3.192,0,0
2026-01-01 05:12:00,SYN-01,0.1901,0.2854,0.1671,0.2202,2.964,0,0
2026-01-01 05:13:00,SYN-02,0.1594,0.2147,0.1547,0.1784,3.148,0,0
2026-01-01 05:14:00,SYN-03,0.1818,0.2065,0.1781,0.1892,2.931,0,0
2026-01-01 05:15:00,SYN-04,0.1988,0.211,0.166,0.1929,2.957,0,0
2026-01-01 05:16:00,SYN-01,0.1598,0.1979,0.1848,0.1815,3.121,0,0
2026-01-01 05:17:00,SYN-02,0.1966,0.2345,0.1485,0.1964,3.009,0,0
2026-01-01 05:18:00,SYN-03,0.2055,0.2462,0.1268,0.1991,2.872,0,0
2026-01-01 05:19:00,SYN-04,0.2261,0.2724,0.1527,0.2226,3.299,0,0
2026-01-01 05:20:00,SYN-01,0.1761,0.2678,0.1633,0.2077,3.389,0,0
2026-01-01 05:21:00,SYN-02,0.1738,0.2646,0.172,0.208,3.188,0,0
2026-01-01 05:22:00,SYN-03,0.1851,0.2186,0.1772,0.1944,3.044,0,0
2026-01-01 05:23:00,SYN-04,0.2122,0.2704,0.1603,0.219,3.162,0,0
2026-01-01 05:24:00,SYN-01,0.1949,0.2544,0.1668,0.2086,2.907,0,0
2026-01-01 05:25:00,SYN-02,0.1652,0.2504,0.1639,0.1973,3.116,0,0
2026-01-01 05:26:00,SYN-03,0.1862,0.2478,0.1395,0.1963,2.791,0,0
2026-01-01 05:27:00,SYN-04,0.5152,0.9024,0.4303,0.6494,8.377,1,1
2026-01-01 05:28:00,SYN-01,0.2266,0.3148,0.1259,0.2354,3.08,0,0
2026-01-01 05:29:00,SYN-02,0.1543,0.2435,0.1502,0.1877,2.849,0,0
2026-01-01 05:30:00,SYN-03,0.1524,0.2307,0.1665,0.1863,2.946,0,0
2026-01-01 05:31:00,SYN-04,0.1706,0.2156,0.1816,0.1902,3.031,0,0
2026-01-01 05:32:00,SYN-01,0.1687,0.2609,0.1699,0.2045,3.316,0,0
2026-01-01 05:33:00,SYN-02,0.2137,0.2827,0.1237,0.2167,3.078,0,0
2026-01-01 05:34:00,SYN-03,0.1579,0.2567,0.1687,0.1994,3.121,0,0
2026-01-01 05:35:00,SYN-04,0.2027,0.2449,0.1547,0.2041,3.366,0,0
2026-01-01 05:36:00,SYN-01,0.1772,0.2305,0.1463,0.1879,2.861,0,0
2026-01-01 05:37:00,SYN-02,0.1849,0.2326,0.1848,0.202,3.235,0,0
2026-01-01 05:38:00,SYN-03,0.2004,0.2978,0.1451,0.2235,3.416,0,0
2026-01-01 05:39:00,SYN-04,0.1976,0.2517,0.174,0.2103,3.194,0,0
2026-01-01 05:40:00,SYN-01,0.1746,0.2104,0.1751,0.1875,3.114,0,0
2026-01-01 05:41:00,SYN-02,0.1946,0.2425,0.1683,0.2041,2.932,0,0
2026-01-01 05:42:00,SYN-03,0.2211,0.2759,0.1656,0.2254,3.13,0,0
2026-01-01 05:43:00,SYN-04,0.2358,0.2694,0.1715,0.2292,2.858,0,0
2026-01-01 05:44:00,SYN-01,0.212,0.2376,0.1536,0.2041,2.933,0,0
2026-01-01 05:45:00,SYN-02,0.2131,0.2079,0.1429,0.1906,2.905,0,0
2026-01-01 05:46:00,SYN-03,0.1864,0.2322,0.1833,0.2019,3.12,0,0
2026-01-01 05:47:00,SYN-04,0.1759,0.2838,0.1709,0.2166,3.417,0,0
2026-01-01 05:48:00,SYN-01,0.2117,0.2505,0.1472,0.2075,3.144,0,0
2026-01-01 05:49:00,SYN-02,0.2335,0.2263,0.1763,0.2136,3.041,0,0
2026-01-01 05:50:00,SYN-03,0.1764,0.2841,0.1666,0.2157,2.966,0,0
2026-01-01 05:51:00,SYN-04,0.1841,0.2313,0.1372,0.1882,2.985,0,0
2026-01-01 05:52:00,SYN-01,0.2135,0.2832,0.1823,0.2302,3.101,0,0
2026-01-01 05:53:00,SYN-02,0.2233,0.3016,0.1536,0.2341,2.897,0,0
2026-01-01 05:54:00,SYN-03,0.2519,0.242,0.1586,0.2215,2.856,0,0
2026-01-01 05:55:00,SYN-04,0.1688,0.2434,0.1733,0.1981,3.185,0,0
2026-01-01 05:56:00,SYN-01,0.1912,0.2612,0.1754,0.2125,2.796,0,0
2026-01-01 05:57:00,SYN-02,0.1616,0.2833,0.1757,0.2139,2.86,0,0
2026-01-01 05:58:00,SYN-03,0.1362,0.2284,0.1904,0.1888,2.883,0,0
2026-01-01 05:59:00,SYN-04,0.173,0.2438,0.1444,0.1917,3.079,0,0
2026-01-01 06:00:00,SYN-01,0.1805,0.2222,0.183,0.1962,2.943,0,0
2026-01-01 06:01:00,SYN-02,0.1945,0.2848,0.1873,0.2266,2.845,0,0
2026-01-01 06:02:00,SYN-03,0.1668,0.2909,0.1492,0.2119,3.026,0,0
2026-01-01 06:03:00,SYN-04,0.2495,0.2659,0.1479,0.2272,2.986,0,0
2026-01-01 06:04:00,SYN-01,0.1814,0.2012,0.1663,0.1835,2.99,0,0
2026-01-01 06:05:00,SYN-02,0.1773,0.1731,0.1829,0.1778,3.227,0,0
2026-01-01 06:06:00,SYN-03,0.2023,0.2381,0.1567,0.2018,3.211,0,0
2026-01-01 06:07:00,SYN-04,0.1931,0.2617,0.173,0.2127,3.084,0,0
2026-01-01 06:08:00,SYN-01,0.1672,0.2823,0.1356,0.2049,2.826,0,0
2026-01-01 06:09:00,SYN-02,0.2429,0.1807,0.1599,0.1977,3.099,0,0
2026-01-01 06:10:00,SYN-03,0.2243,0.242,0.1951,0.2213,3.005,0,0
2026-01-01 06:11:00,SYN-04,0.1921,0.2622,0.1512,0.207,3.062,0,0
2026-01-01 06:12:00,SYN-01,0.2203,0.2515,0.1586,0.2136,2.818,0,0
2026-01-01 06:13:00,SYN-02,0.2001,0.2403,0.1508,0.2005,3.156,0,0
2026-01-01 06:14:00,SYN-03,0.2164,0.2534,0.1491,0.2108,2.934,0,0
2026-01-01 06:15:00,SYN-04,0.2157,0.2263,0.1693,0.2052,2.913,0,0
2026-01-01 06:16:00,SYN-01,0.1918,0.2148,0.2179,0.2085,3.007,0,0
2026-01-01 06:17:00,SYN-02,0.2014,0.2312,0.1677,0.2018,2.903,0,0
2026-01-01 06:18:00,SYN-03,0.2248,0.2506,0.1567,0.2144,2.743,0,0
2026-01-01 06:19:00,SYN-04,0.1924,0.2629,0.1646,0.2107,2.933,0,0
2026-01-01 06:20:00,SYN-01,0.2182,0.2441,0.1525,0.2085,3.234,0,0
2026-01-01 06:21:00,SYN-02,0.2006,0.2564,0.1886,0.2172,3.08,0,0
2026-01-01 06:22:00,SYN-03,0.2071,0.2671,0.1884,0.2234,3.232,0,0
2026-01-01 06:23:00,SYN-04,0.5422,0.9302,0.6032,0.7125,9.746,1,1
2026-01-01 06:24:00,SYN-01,0.1862,0.1462,0.1218,0.1537,3.079,0,0
2026-01-01 06:25:00,SYN-02,0.2004,0.2375,0.1838,0.2084,3.119,0,0
2026-01-01 06:26:00,SYN-03,0.2174,0.2335,0.1993,0.2172,2.993,0,0
2026-01-01 06:27:00,SYN-04,0.6203,0.7664,0.5036,0.6392,8.247,1,1
2026-01-01 06:28:00,SYN-01,0.1763,0.2351,0.1769,0.198,2.616,0,0
2026-01-01 06:29:00,SYN-02,0.1865,0.2921,0.1834,0.2264,3.064,0,0
2026-01-01 06:30:00,SYN-03,0.2086,0.254,0.1562,0.2101,2.775,0,0
2026-01-01 06:31:00,SYN-04,0.2152,0.2432,0.1667,0.2108,2.95,0,0
2026-01-01 06:32:00,SYN-01,0.1725,0.2327,0.1871,0.1991,3.043,0,0
2026-01-01 06:33:00,SYN-02,0.1847,0.2448,0.1743,0.2037,2.905,0,0
2026-01-01 06:34:00,SYN-03,0.1836,0.2602,0.1198,0.1964,3.012,0,0
2026-01-01 06:35:00,SYN-04,0.232,0.2301,0.1582,0.2096,2.716,0,0
2026-01-01 06:36:00,SYN-01,0.1456,0.2462,0.1847,0.1965,2.854,0,0
2026-01-01 06:37:00,SYN-02,0.1475,0.2621,0.1452,0.1928,2.615,0,0
2026-01-01 06:38:00,SYN-03,0.2153,0.2185,0.1871,0.2074,3.214,0,0
2026-01-01 06:39:00,SYN-04,0.1806,0.247,0.1568,0.1985,2.849,0,0
2026-01-01 06:40:00,SYN-01,0.1612,0.2324,0.1658,0.1893,2.95,0,0
2026-01-01 06:41:00,SYN-02,0.1629,0.2463,0.1462,0.1902,2.857,0,0
2026-01-01 06:42:00,SYN-03,0.2213,0.2824,0.1819,0.2323,3.154,0,0
2026-01-01 06:43:00,SYN-04,0.5757,0.6436,0.4782,0.5699,6.803,1,1
2026-01-01 06:44:00,SYN-01,0.2268,0.2198,0.1671,0.2063,2.847,0,0
2026-01-01 06:45:00,SYN-02,0.1628,0.3067,0.1757,0.2247,3.035,0,0
2026-01-01 06:46:00,SYN-03,0.2089,0.2924,0.1309,0.2208,3.196,0,0
2026-01-01 06:47:00,SYN-04,0.1946,0.306,0.1724,0.2318,2.911,0,0
2026-01-01 06:48:00,SYN-01,0.1868,0.2211,0.1456,0.1871,2.969,0,0
2026-01-01 06:49:00,SYN-02,0.1714,0.2223,0.1662,0.1884,3.034,0,0
2026-01-01 06:50:00,SYN-03,0.1918,0.2562,0.1703,0.2093,2.998,0,0
2026-01-01 06:51:00,SYN-04,0.2039,0.2737,0.1696,0.22,3.042,0,0
2026-01-01 06:52:00,SYN-01,0.138,0.2622,0.1498,0.1917,3.184,0,0
2026-01-01 06:53:00,SYN-02,0.8408,0.9814,0.49,0.798,10.856,1,1
2026-01-01 06:54:00,SYN-03,0.2352,0.2705,0.1612,0.2269,2.837,0,0
2026-01-01 06:55:00,SYN-04,0.2119,0.2452,0.1612,0.209,3.062,0,0
2026-01-01 06:56:00,SYN-01,0.1888,0.2469,0.1457,0.1982,3.045,0,0
2026-01-01 06:57:00,SYN-02,0.1936,0.275,0.156,0.2141,2.803,0,0
2026-01-01 06:58:00,SYN-03,0.2083,0.2974,0.1684,0.2311,2.746,0,0
2026-01-01 06:59:00,SYN-04,0.1784,0.2274,0.1628,0.1915,3.025,0,0
2026-01-01 07:00:00,SYN-01,0.6619,1.0507,0.5382,0.7814,10.658,1,1
2026-01-01 07:01:00,SYN-02,0.1843,0.2356,0.1421,0.1912,3.059,0,0
2026-01-01 07:02:00,SYN-03,0.1799,0.2545,0.1871,0.2099,3.002,0,0
2026-01-01 07:03:00,SYN-04,0.2051,0.247,0.1782,0.212,3.057,0,0
2026-01-01 07:04:00,SYN-01,0.2097,0.2615,0.1653,0.2158,3.027,0,0
2026-01-01 07:05:00,SYN-02,0.2161,0.2383,0.1626,0.2081,3.02,0,0
2026-01-01 07:06:00,SYN-03,0.1906,0.2264,0.1589,0.1939,2.866,0,0
2026-01-01 07:07:00,SYN-04,0.1909,0.3172,0.1704,0.2353,2.933,0,0
2026-01-01 07:08:00,SYN-01,0.2018,0.225,0.2039,0.2105,2.864,0,0
2026-01-01 07:09:00,SYN-02,0.1994,0.294,0.1411,0.2207,2.829,0,0
2026-01-01 07:10:00,SYN-03,0.1791,0.3237,0.1647,0.2338,3.022,0,0
2026-01-01 07:11:00,SYN-04,0.1478,0.1931,0.1706,0.1715,2.931,0,0
2026-01-01 07:12:00,SYN-01,0.1824,0.2413,0.1696,0.2002,2.917,0,0
2026-01-01 07:13:00,SYN-02,0.1663,0.196,0.1798,0.1811,2.796,0,0
2026-01-01 07:14:00,SYN-03,0.1959,0.2485,0.1291,0.1973,2.787,0,0
2026-01-01 07:15:00,SYN-04,0.1894,0.2413,0.18,0.2053,3.009,0,0
2026-01-01 07:16:00,SYN-01,0.1849,0.2839,0.1559,0.2153,2.875,0,0
2026-01-01 07:17:00,SYN-02,0.1614,0.2701,0.1878,0.2116,2.815,0,0
2026-01-01 07:18:00,SYN-03,0.172,0.2109,0.1556,0.181,2.901,0,0
2026-01-01 07:19:00,SYN-04,0.1417,0.2439,0.1775,0.1924,2.517,0,0
2026-01-01 07:20:00,SYN-01,0.1781,0.2325,0.1439,0.1884,2.799,0,0
2026-01-01 07:21:00,SYN-02,0.202,0.2473,0.1252,0.198,3.172,0,0
2026-01-01 07:22:00,SYN-03,0.1903,0.2348,0.1557,0.1963,3.07,0,0
2026-01-01 07:23:00,SYN-04,0.2047,0.1973,0.1599,0.1883,2.848,0,0
2026-01-01 07:24:00,SYN-01,0.1829,0.2724,0.1464,0.2075,2.979,0,0
2026-01-01 07:25:00,SYN-02,0.2434,0.2645,0.1069,0.2165,2.905,0,0
2026-01-01 07:26:00,SYN-03,0.2119,0.2762,0.1257,0.2137,2.846,0,0
2026-01-01 07:27:00,SYN-04,0.1595,0.2555,0.1528,0.195,2.917,0,0
2026-01-01 07:28:00,SYN-01,0.8717,0.6204,0.5135,0.6852,8.974,1,1
2026-01-01 07:29:00,SYN-02,0.6801,0.9211,0.4467,0.7096,9.395,1,1
2026-01-01 07:30:00,SYN-03,0.1997,0.2433,0.1581,0.2034,2.914,0,0
2026-01-01 07:31:00,SYN-04,0.2377,0.2476,0.1419,0.2144,3.158,0,0
2026-01-01 07:32:00,SYN-01,0.5613,0.9411,0.4288,0.6794,9.176,1,1
2026-01-01 07:33:00,SYN-02,0.2111,0.2063,0.1678,0.196,2.867,0,0
2026-01-01 07:34:00,SYN-03,0.2248,0.2023,0.1962,0.2081,2.971,0,0
2026-01-01 07:35:00,SYN-04,0.2407,0.2623,0.1713,0.2281,2.639,0,0
2026-01-01 07:36:00,SYN-01,0.4858,0.6709,0.5266,0.5667,6.849,1,1
2026-01-01 07:37:00,SYN-02,0.2128,0.2801,0.1592,0.2229,2.857,0,0
2026-01-01 07:38:00,SYN-03,0.2195,0.268,0.1882,0.2276,3.223,0,0
2026-01-01 07:39:00,SYN-04,0.2164,0.278,0.1467,0.2203,2.912,0,0
2026-01-01 07:40:00,SYN-01,0.2505,0.2385,0.1934,0.2288,2.837,0,0
2026-01-01 07:41:00,SYN-02,0.1802,0.2647,0.1649,0.208,3.303,0,0
2026-01-01 07:42:00,SYN-03,0.225,0.2139,0.1697,0.2042,2.915,0,0
2026-01-01 07:43:00,SYN-04,0.1656,0.2764,0.1684,0.2099,2.843,0,0
2026-01-01 07:44:00,SYN-01,0.2172,0.2956,0.1713,0.2337,3.075,0,0
2026-01-01 07:45:00,SYN-02,0.216,0.2586,0.2153,0.2309,3.128,0,0
2026-01-01 07:46:00,SYN-03,0.2032,0.2818,0.1345,0.2151,2.768,0,0
2026-01-01 07:47:00,SYN-04,0.1947,0.2514,0.1657,0.207,2.91,0,0
2026-01-01 07:48:00,SYN-01,0.2089,0.2538,0.1704,0.2138,3.022,0,0
2026-01-01 07:49:00,SYN-02,0.1964,0.2322,0.1675,0.2004,2.831,0,0
2026-01-01 07:50:00,SYN-03,0.163,0.1981,0.1565,0.1735,3.055,0,0
2026-01-01 07:51:00,SYN-04,0.208,0.2214,0.1672,0.2002,3.123,0,0
2026-01-01 07:52:00,SYN-01,0.218,0.2999,0.1514,0.2312,2.987,0,0
2026-01-01 07:53:00,SYN-02,0.1738,0.2166,0.1671,0.1871,3.028,0,0
2026-01-01 07:54:00,SYN-03,0.1814,0.2724,0.1782,0.2151,3.073,0,0
2026-01-01 07:55:00,SYN-04,0.1937,0.2785,0.1747,0.2203,3.154,0,0
2026-01-01 07:56:00,SYN-01,0.17,0.228,0.2106,0.2043,3.035,0,0
2026-01-01 07:57:00,SYN-02,0.1901,0.2817,0.1936,0.2258,2.891,0,0
2026-01-01 07:58:00,SYN-03,0.1784,0.2446,0.158,0.1971,3.043,0,0
2026-01-01 07:59:00,SYN-04,0.1638,0.2502,0.1696,0.1985,2.829,0,0
2026-01-01 08:00:00,SYN-01,0.2121,0.2707,0.1348,0.2132,3.022,0,0
2026-01-01 08:01:00,SYN-02,0.1954,0.2277,0.1709,0.1993,3.027,0,0
2026-01-01 08:02:00,SYN-03,0.6715,0.7847,0.488,0.6595,8.497,1,1
2026-01-01 08:03:00,SYN-04,0.1353,0.2644,0.1577,0.1942,2.676,0,0
2026-01-01 08:04:00,SYN-01,0.2145,0.2435,0.1897,0.217,2.8,0,0
2026-01-01 08:05:00,SYN-02,0.1964,0.2509,0.1824,0.2119,2.791,0,0
2026-01-01 08:06:00,SYN-03,0.2045,0.266,0.1139,0.2046,2.811,0,0
2026-01-01 08:07:00,SYN-04,0.2052,0.2295,0.1809,0.2062,3.116,0,0
2026-01-01 08:08:00,SYN-01,0.1818,0.1727,0.1733,0.176,2.93,0,0
2026-01-01 08:09:00,SYN-02,0.1855,0.2282,0.1996,0.2052,2.991,0,0
2026-01-01 08:10:00,SYN-03,0.1895,0.2409,0.1517,0.1975,2.719,0,0
2026-01-01 08:11:00,SYN-04,0.2288,0.2398,0.1472,0.2094,3.094,0,0
2026-01-01 08:12:00,SYN-01,0.1787,0.2349,0.165,0.1952,2.722,0,0
2026-01-01 08:13:00,SYN-02,0.2272,0.2178,0.1383,0.1985,2.879,0,0
2026-01-01 08:14:00,SYN-03,0.1789,0.2352,0.1615,0.1944,3.285,0,0
2026-01-01 08:15:00,SYN-04,0.2281,0.2486,0.1637,0.2165,3.19,0,0
2026-01-01 08:16:00,SYN-01,0.1708,0.2706,0.1679,0.2086,3.112,0,0
2026-01-01 08:17:00,SYN-02,0.2313,0.2507,0.1848,0.224,2.87,0,0
2026-01-01 08:18:00,SYN-03,0.2402,0.2711,0.1589,0.2283,3.016,0,0
2026-01-01 08:19:00,SYN-04,0.2635,0.2965,0.1924,0.2545,3.155,0,0
2026-01-01 08:20:00,SYN-01,0.7936,0.8887,0.5317,0.7533,10.295,1,1
2026-01-01 08:21:00,SYN-02,0.1865,0.2783,0.1373,0.209,3.018,0,0
2026-01-01 08:22:00,SYN-03,0.2628,0.2667,0.1954,0.2439,3.035,0,0
2026-01-01 08:23:00,SYN-04,0.1947,0.227,0.1941,0.2058,2.824,0,0
2026-01-01 08:24:00,SYN-01,0.2385,0.2994,0.155,0.2384,2.946,0,0
2026-01-01 08:25:00,SYN-02,0.1964,0.1986,0.1875,0.1942,3.037,0,0
2026-01-01 08:26:00,SYN-03,0.1821,0.2366,0.15,0.1929,3.07,0,0
2026-01-01 08:27:00,SYN-04,0.6954,0.9121,0.5855,0.7435,10.132,1,1
2026-01-01 08:28:00,SYN-01,0.2256,0.233,0.1772,0.2134,2.885,0,0
2026-01-01 08:29:00,SYN-02,0.2374,0.2091,0.1665,0.2064,2.983,0,0
2026-01-01 08:30:00,SYN-03,0.1892,0.2521,0.141,0.1994,3.073,0,0
2026-01-01 08:31:00,SYN-04,0.1676,0.2427,0.1454,0.1898,3.071,0,0
2026-01-01 08:32:00,SYN-01,0.1957,0.2213,0.1945,0.2042,3.084,0,0
2026-01-01 08:33:00,SYN-02,0.1899,0.2752,0.1784,0.2188,2.929,0,0
2026-01-01 08:34:00,SYN-03,0.1856,0.2084,0.1513,0.1833,2.788,0,0
2026-01-01 08:35:00,SYN-04,0.2073,0.1756,0.1791,0.1879,2.933,0,0
2026-01-01 08:36:00,SYN-01,0.2354,0.2331,0.1734,0.2159,3.293,0,0
2026-01-01 08:37:00,SYN-02,0.1712,0.2409,0.1613,0.1944,3.013,0,0
2026-01-01 08:38:00,SYN-03,0.1891,0.2128,0.1893,0.1974,2.877,0,0
2026-01-01 08:39:00,SYN-04,0.1649,0.2794,0.1604,0.2089,2.998,0,0
2026-01-01 08:40:00,SYN-01,0.2467,0.2745,0.1807,0.2373,2.883,0,0
2026-01-01 08:41:00,SYN-02,0.1877,0.2603,0.1558,0.2059,3.1,0,0
2026-01-01 08:42:00,SYN-03,0.2064,0.2718,0.1698,0.2201,2.909,0,0
2026-01-01 08:43:00,SYN-04,0.21,0.2368,0.1869,0.2122,3.05,0,0
2026-01-01 08:44:00,SYN-01,0.2088,0.2486,0.1382,0.2037,2.863,0,0
2026-01-01 08:45:00,SYN-02,0.2342,0.2561,0.1639,0.2216,2.994,0,0
2026-01-01 08:46:00,SYN-03,0.2036,0.2888,0.1944,0.2329,3.085,0,0
2026-01-01 08:47:00,SYN-04,0.2254,0.2472,0.2003,0.2251,2.636,0,0
2026-01-01 08:48:00,SYN-01,0.2084,0.2299,0.1649,0.2029,3.079,0,0
2026-01-01 08:49:00,SYN-02,0.1987,0.2734,0.1791,0.2208,3.22,0,0
2026-01-01 08:50:00,SYN-03,0.2016,0.2587,0.1525,0.2088,3.041,0,0
2026-01-01 08:51:00,SYN-04,0.1944,0.2968,0.1618,0.2252,2.912,0,0
2026-01-01 08:52:00,SYN-01,0.2342,0.2742,0.202,0.2386,2.82,0,0
2026-01-01 08:53:00,SYN-02,0.1963,0.23,0.1429,0.1931,3.129,0,0
2026-01-01 08:54:00,SYN-03,0.1814,0.255,0.1435,0.1988,3.105,0,0
2026-01-01 08:55:00,SYN-04,0.2191,0.2361,0.1702,0.2104,3.084,0,0
2026-01-01 08:56:00,SYN-01,0.1767,0.2185,0.1736,0.1907,2.857,0,0
2026-01-01 08:57:00,SYN-02,0.2254,0.2442,0.1426,0.2088,2.905,0,0
2026-01-01 08:58:00,SYN-03,0.2028,0.2533,0.1652,0.2102,3.032,0,0
2026-01-01 08:59:00,SYN-04,0.2016,0.2621,0.1731,0.2155,3.092,0,0
2026-01-01 09:00:00,SYN-01,0.2209,0.2357,0.1833,0.2144,2.792,0,0
2026-01-01 09:01:00,SYN-02,0.2105,0.2249,0.1257,0.1921,3.05,0,0
2026-01-01 09:02:00,SYN-03,0.1932,0.1871,0.1598,0.1806,2.953,0,0
2026-01-01 09:03:00,SYN-04,0.183,0.315,0.1516,0.2278,3.115,0,0
2026-01-01 09:04:00,SYN-01,0.2137,0.2987,0.186,0.2377,2.861,0,0
2026-01-01 09:05:00,SYN-02,0.202,0.2473,0.183,0.2125,3.038,0,0
2026-01-01 09:06:00,SYN-03,0.2074,0.2942,0.1869,0.2342,2.963,0,0
2026-01-01 09:07:00,SYN-04,0.2247,0.1949,0.1474,0.1917,2.801,0,0
2026-01-01 09:08:00,SYN-01,0.2051,0.2654,0.1904,0.2227,2.971,0,0
2026-01-01 09:09:00,SYN-02,0.2209,0.3084,0.1674,0.2394,3.248,0,0
2026-01-01 09:10:00,SYN-03,0.1889,0.2409,0.139,0.1941,2.976,0,0
2026-01-01 09:11:00,SYN-04,0.2103,0.2689,0.1579,0.2172,2.803,0,0
2026-01-01 09:12:00,SYN-01,0.1879,0.2209,0.1553,0.1899,2.967,0,0
2026-01-01 09:13:00,SYN-02,0.1992,0.2577,0.1465,0.2062,2.861,0,0
2026-01-01 09:14:00,SYN-03,0.1985,0.2935,0.1693,0.2267,3.026,0,0
2026-01-01 09:15:00,SYN-04,0.1799,0.253,0.1852,0.2087,3.003,0,0
2026-01-01 09:16:00,SYN-01,0.1629,0.2919,0.1787,0.2189,2.824,0,0
2026-01-01 09:17:00,SYN-02,0.1666,0.2679,0.1543,0.2028,3.048,0,0
2026-01-01 09:18:00,SYN-03,0.1882,0.2562,0.1394,0.2004,2.822,0,0
2026-01-01 09:19:00,SYN-04,0.1966,0.2516,0.1801,0.2116,3.159,0,0
2026-01-01 09:20:00,SYN-01,0.1779,0.2266,0.1752,0.1947,2.907,0,0
2026-01-01 09:21:00,SYN-02,0.195,0.2701,0.1758,0.2175,3.089,0,0
2026-01-01 09:22:00,SYN-03,0.1676,0.2729,0.1882,0.2145,2.964,0,0
2026-01-01 09:23:00,SYN-04,0.174,0.2345,0.1473,0.1888,3.112,0,0
2026-01-01 09:24:00,SYN-01,0.2073,0.2608,0.192,0.222,2.884,0,0
2026-01-01 09:25:00,SYN-02,0.2644,0.2841,0.184,0.248,2.957,0,0
2026-01-01 09:26:00,SYN-03,0.1789,0.2172,0.1525,0.1848,3.036,0,0
2026-01-01 09:27:00,SYN-04,0.2301,0.2345,0.1775,0.2156,3.045,0,0
2026-01-01 09:28:00,SYN-01,0.17,0.2599,0.1501,0.1991,2.829,0,0
2026-01-01 09:29:00,SYN-02,0.2187,0.2207,0.1502,0.1993,2.954,0,0
2026-01-01 09:30:00,SYN-03,0.2021,0.2583,0.1939,0.22,2.918,0,0
2026-01-01 09:31:00,SYN-04,0.1849,0.2206,0.1716,0.1935,3.028,0,0
2026-01-01 09:32:00,SYN-01,0.2178,0.2696,0.1608,0.2206,2.675,0,0
2026-01-01 09:33:00,SYN-02,0.6711,1.0413,0.6259,0.8013,11.024,1,1
2026-01-01 09:34:00,SYN-03,0.2341,0.3023,0.176,0.243,2.727,0,0
2026-01-01 09:35:00,SYN-04,0.2083,0.2103,0.1587,0.1939,3.146,0,0
2026-01-01 09:36:00,SYN-01,0.2367,0.2585,0.1811,0.2278,3.139,0,0
2026-01-01 09:37:00,SYN-02,0.2164,0.2668,0.1552,0.2177,2.866,0,0
2026-01-01 09:38:00,SYN-03,0.2334,0.2587,0.1642,0.2224,2.928,0,0
2026-01-01 09:39:00,SYN-04,0.1663,0.2446,0.1605,0.1943,3.215,0,0
2026-01-01 09:40:00,SYN-01,0.1931,0.2274,0.1921,0.2048,3.147,0,0
2026-01-01 09:41:00,SYN-02,0.2045,0.2879,0.1841,0.2299,3.093,0,0
2026-01-01 09:42:00,SYN-03,0.2341,0.2223,0.1753,0.2121,3.069,0,0
2026-01-01 09:43:00,SYN-04,0.1819,0.2683,0.1636,0.2096,2.88,0,0
2026-01-01 09:44:00,SYN-01,0.2015,0.2877,0.1839,0.2289,2.961,0,0
2026-01-01 09:45:00,SYN-02,0.2241,0.2913,0.2115,0.2448,3.206,0,0
2026-01-01 09:46:00,SYN-03,0.2034,0.2472,0.1797,0.212,2.892,0,0
2026-01-01 09:47:00,SYN-04,0.2,0.276,0.1754,0.2213,2.961,0,0
2026-01-01 09:48:00,SYN-01,0.2263,0.2119,0.1901,0.2099,3.223,0,0
2026-01-01 09:49:00,SYN-02,0.1926,0.2879,0.1925,0.2288,2.92,0,0
2026-01-01 09:50:00,SYN-03,0.2355,0.2158,0.1288,0.1988,3.043,0,0
2026-01-01 09:51:00,SYN-04,0.2126,0.2498,0.1728,0.214,3.215,0,0
2026-01-01 09:52:00,SYN-01,0.1845,0.2645,0.1736,0.2115,2.911,0,0
2026-01-01 09:53:00,SYN-02,0.1923,0.2326,0.1837,0.204,3.054,0,0
2026-01-01 09:54:00,SYN-03,0.2051,0.2386,0.1413,0.1991,3.129,0,0
2026-01-01 09:55:00,SYN-04,0.5149,0.8518,0.4932,0.6413,8.295,1,1
2026-01-01 09:56:00,SYN-01,0.198,0.2918,0.195,0.2327,3.002,0,0
2026-01-01 09:57:00,SYN-02,0.1822,0.2624,0.1578,0.2057,3.11,0,0
2026-01-01 09:58:00,SYN-03,0.1884,0.3027,0.178,0.2301,3.161,0,0
2026-01-01 09:59:00,SYN-04,0.2336,0.2377,0.1826,0.2194,2.933,0,0
2026-01-01 10:00:00,SYN-01,0.1985,0.2616,0.1771,0.2154,2.932,0,0
2026-01-01 10:01:00,SYN-02,0.1998,0.2206,0.1587,0.1947,2.999,0,0
2026-01-01 10:02:00,SYN-03,0.249,0.2961,0.171,0.2442,2.977,0,0
2026-01-01 10:03:00,SYN-04,0.2392,0.2661,0.1614,0.2266,3.327,0,0
2026-01-01 10:04:00,SYN-01,0.2004,0.2542,0.1811,0.2141,2.97,0,0
2026-01-01 10:05:00,SYN-02,0.1842,0.1889,0.1629,0.179,3.022,0,0
2026-01-01 10:06:00,SYN-03,0.228,0.2425,0.1915,0.2217,2.921,0,0
2026-01-01 10:07:00,SYN-04,0.2619,0.2531,0.1421,0.2257,2.955,0,0
2026-01-01 10:08:00,SYN-01,0.1844,0.2421,0.2065,0.2123,3.094,0,0
2026-01-01 10:09:00,SYN-02,0.1968,0.2896,0.1469,0.2192,2.788,0,0
2026-01-01 10:10:00,SYN-03,0.185,0.2811,0.1488,0.2124,2.955,0,0
2026-01-01 10:11:00,SYN-04,0.1486,0.2267,0.1559,0.1805,3.113,0,0
2026-01-01 10:12:00,SYN-01,0.2231,0.2524,0.1549,0.2141,2.858,0,0
2026-01-01 10:13:00,SYN-02,0.2121,0.2743,0.1875,0.2276,3.021,0,0
2026-01-01 10:14:00,SYN-03,0.2094,0.2112,0.2251,0.2154,3.294,0,0
2026-01-01 10:15:00,SYN-04,0.1883,0.2353,0.1934,0.2067,2.968,0,0
2026-01-01 10:16:00,SYN-01,0.1744,0.2719,0.1766,0.2125,2.938,0,0
2026-01-01 10:17:00,SYN-02,0.1988,0.2492,0.1386,0.2007,2.881,0,0
2026-01-01 10:18:00,SYN-03,0.183,0.2833,0.1366,0.2101,3.295,0,0
2026-01-01 10:19:00,SYN-04,0.2387,0.2366,0.1947,0.2242,2.792,0,0
2026-01-01 10:20:00,SYN-01,0.1886,0.2744,0.1482,0.2104,2.8,0,0
2026-01-01 10:21:00,SYN-02,0.1838,0.2919,0.1178,0.2104,2.96,0,0
2026-01-01 10:22:00,SYN-03,0.2245,0.2611,0.1942,0.2283,2.99,0,0
2026-01-01 10:23:00,SYN-04,0.1968,0.2752,0.1878,0.2234,3.001,0,0
2026-01-01 10:24:00,SYN-01,0.1952,0.2405,0.1601,0.2013,3.232,0,0
2026-01-01 10:25:00,SYN-02,0.2035,0.2384,0.2278,0.2237,3.056,0,0
2026-01-01 10:26:00,SYN-03,0.1687,0.2603,0.1955,0.2117,3.032,0,0
2026-01-01 10:27:00,SYN-04,0.2255,0.2318,0.1746,0.2122,3.15,0,0
2026-01-01 10:28:00,SYN-01,0.2037,0.243,0.1434,0.2009,2.829,0,0
2026-01-01 10:29:00,SYN-02,0.2055,0.274,0.156,0.2173,2.827,0,0
2026-01-01 10:30:00,SYN-03,0.2324,0.2943,0.1767,0.2393,3.065,0,0
2026-01-01 10:31:00,SYN-04,0.2051,0.2443,0.1269,0.1982,3.159,0,0
2026-01-01 10:32:00,SYN-01,0.196,0.2557,0.186,0.2148,2.957,0,0
2026-01-01 10:33:00,SYN-02,0.2168,0.2517,0.1575,0.2123,2.778,0,0
2026-01-01 10:34:00,SYN-03,0.2302,0.2185,0.1333,0.1988,3.151,0,0
2026-01-01 10:35:00,SYN-04,0.1853,0.276,0.2019,0.2246,3.113,0,0
2026-01-01 10:36:00,SYN-01,0.1769,0.2779,0.1949,0.221,2.995,0,0
2026-01-01 10:37:00,SYN-02,0.2056,0.2781,0.2081,0.233,3.057,0,0
2026-01-01 10:38:00,SYN-03,0.2038,0.257,0.1864,0.2178,3.008,0,0
2026-01-01 10:39:00,SYN-04,0.1877,0.2757,0.1747,0.2174,2.797,0,0
2026-01-01 10:40:00,SYN-01,0.1577,0.2384,0.1616,0.1896,3.254,0,0
2026-01-01 10:41:00,SYN-02,0.6651,0.8766,0.5024,0.6984,9.135,1,1
2026-01-01 10:42:00,SYN-03,0.2297,0.2536,0.1515,0.216,2.921,0,0
2026-01-01 10:43:00,SYN-04,0.1981,0.2688,0.1758,0.2178,3.087,0,0
2026-01-01 10:44:00,SYN-01,0.2068,0.2794,0.1804,0.2261,3.149,0,0
2026-01-01 10:45:00,SYN-02,0.251,0.3192,0.1462,0.2492,3.052,0,0
2026-01-01 10:46:00,SYN-03,0.1837,0.2805,0.1728,0.2178,2.836,0,0
2026-01-01 10:47:00,SYN-04,0.166,0.3135,0.2021,0.2357,3.012,0,0
2026-01-01 10:48:00,SYN-01,0.1695,0.2436,0.1601,0.1947,2.82,0,0
2026-01-01 10:49:00,SYN-02,0.1908,0.2378,0.1767,0.2035,2.955,0,0
2026-01-01 10:50:00,SYN-03,0.2056,0.2762,0.17,0.2217,3.087,0,0
2026-01-01 10:51:00,SYN-04,0.2039,0.282,0.1614,0.2215,3.007,0,0
2026-01-01 10:52:00,SYN-01,0.2296,0.2762,0.1633,0.2278,2.903,0,0
2026-01-01 10:53:00,SYN-02,0.2299,0.2274,0.137,0.2028,2.77,0,0
2026-01-01 10:54:00,SYN-03,0.1769,0.2853,0.2065,0.2275,3.376,0,0
2026-01-01 10:55:00,SYN-04,0.1941,0.2864,0.1586,0.2197,3.016,0,0
2026-01-01 10:56:00,SYN-01,0.2384,0.2326,0.167,0.2151,2.8,0,0
2026-01-01 10:57:00,SYN-02,0.2076,0.2865,0.1743,0.2277,2.998,0,0
2026-01-01 10:58:00,SYN-03,0.2089,0.2701,0.1881,0.2251,2.878,0,0
2026-01-01 10:59:00,SYN-04,0.2152,0.2467,0.192,0.2191,2.747,0,0
2026-01-01 11:00:00,SYN-01,0.2124,0.2619,0.2167,0.2314,3.196,0,0
2026-01-01 11:01:00,SYN-02,0.1719,0.2469,0.1383,0.1912,3.079,0,0
2026-01-01 11:02:00,SYN-03,0.2103,0.2573,0.186,0.2198,2.961,0,0
2026-01-01 11:03:00,SYN-04,0.8625,0.8369,0.4958,0.7506,10.031,1,1
2026-01-01 11:04:00,SYN-01,0.2374,0.2773,0.1787,0.2346,2.886,0,0
2026-01-01 11:05:00,SYN-02,0.2354,0.2826,0.2148,0.2459,2.998,0,0
2026-01-01 11:06:00,SYN-03,0.2392,0.2659,0.1534,0.2247,3.075,0,0
2026-01-01 11:07:00,SYN-04,0.1942,0.2364,0.1733,0.203,3.349,0,0
2026-01-01 11:08:00,SYN-01,0.2183,0.2745,0.2006,0.2333,3.098,0,0
2026-01-01 11:09:00,SYN-02,0.1997,0.2536,0.1998,0.2192,2.874,0,0
2026-01-01 11:10:00,SYN-03,0.1913,0.229,0.1864,0.2031,2.847,0,0
2026-01-01 11:11:00,SYN-04,0.1906,0.2528,0.1909,0.2134,3.03,0,0
2026-01-01 11:12:00,SYN-01,0.2006,0.2972,0.1406,0.2224,2.757,0,0
2026-01-01 11:13:00,SYN-02,0.1971,0.2402,0.1983,0.2128,3.096,0,0
2026-01-01 11:14:00,SYN-03,0.2152,0.3553,0.1912,0.264,2.801,0,0
2026-01-01 11:15:00,SYN-04,0.2134,0.2586,0.1621,0.215,2.954,0,0
2026-01-01 11:16:00,SYN-01,0.279,0.2926,0.1775,0.2549,3.184,0,0
2026-01-01 11:17:00,SYN-02,0.2101,0.2459,0.1704,0.211,3.164,0,0
2026-01-01 11:18:00,SYN-03,0.1767,0.2672,0.1881,0.2145,2.73,0,0
2026-01-01 11:19:00,SYN-04,0.2264,0.2443,0.1977,0.2236,2.965,0,0
2026-01-01 11:20:00,SYN-01,0.261,0.2135,0.1761,0.2196,3.003,0,0
2026-01-01 11:21:00,SYN-02,0.2407,0.2644,0.1893,0.2336,2.932,0,0
2026-01-01 11:22:00,SYN-03,0.2396,0.2531,0.1662,0.2229,2.76,0,0
2026-01-01 11:23:00,SYN-04,0.1795,0.2862,0.2213,0.2332,3.094,0,0
2026-01-01 11:24:00,SYN-01,0.1924,0.222,0.1775,0.1981,2.906,0,0
2026-01-01 11:25:00,SYN-02,0.4901,0.7554,0.5519,0.6098,7.748,1,1
2026-01-01 11:26:00,SYN-03,0.2319,0.2683,0.166,0.2261,3.031,0,0
2026-01-01 11:27:00,SYN-04,0.2031,0.2659,0.176,0.2183,3.221,0,0
2026-01-01 11:28:00,SYN-01,0.2527,0.2171,0.1488,0.2107,2.661,0,0
2026-01-01 11:29:00,SYN-02,0.2201,0.2557,0.144,0.2118,3.376,0,0
2026-01-01 11:30:00,SYN-03,0.2284,0.2982,0.1869,0.2422,2.823,0,0
2026-01-01 11:31:00,SYN-04,0.1828,0.2686,0.1717,0.2121,2.947,0,0
2026-01-01 11:32:00,SYN-01,0.2019,0.2019,0.1693,0.1917,2.994,0,0
2026-01-01 11:33:00,SYN-02,0.2431,0.2418,0.1773,0.2229,3.155,0,0
2026-01-01 11:34:00,SYN-03,0.2225,0.1896,0.1256,0.1837,3.07,0,0
2026-01-01 11:35:00,SYN-04,0.2881,0.2078,0.1611,0.2252,2.966,0,0
2026-01-01 11:36:00,SYN-01,0.2121,0.2674,0.1217,0.2092,2.949,0,0
2026-01-01 11:37:00,SYN-02,0.5855,1.035,0.6793,0.7907,10.634,1,1
2026-01-01 11:38:00,SYN-03,0.1881,0.2494,0.177,0.2073,3.072,0,0
2026-01-01 11:39:00,SYN-04,0.2271,0.2788,0.1485,0.2246,2.84,0,0
2026-01-01 11:40:00,SYN-01,0.1985,0.2565,0.164,0.2099,3.098,0,0
2026-01-01 11:41:00,SYN-02,0.223,0.2748,0.2111,0.2379,3.01,0,0
2026-01-01 11:42:00,SYN-03,0.2311,0.3033,0.1671,0.2403,3.178,0,0
2026-01-01 11:43:00,SYN-04,0.1825,0.3011,0.1901,0.231,3.128,0,0
2026-01-01 11:44:00,SYN-01,0.1979,0.2672,0.1483,0.2102,3.184,0,0
2026-01-01 11:45:00,SYN-02,0.2045,0.2463,0.1748,0.2106,3.163,0,0
2026-01-01 11:46:00,SYN-03,0.208,0.2893,0.1916,0.2336,2.937,0,0
2026-01-01 11:47:00,SYN-04,0.2408,0.2428,0.1774,0.2224,3.11,0,0
2026-01-01 11:48:00,SYN-01,0.1952,0.2563,0.1726,0.211,2.723,0,0
2026-01-01 11:49:00,SYN-02,0.2186,0.3166,0.1624,0.2411,2.862,0,0
2026-01-01 11:50:00,SYN-03,0.2215,0.2987,0.1552,0.2327,3.083,0,0
2026-01-01 11:51:00,SYN-04,0.2488,0.239,0.1558,0.2185,3.009,0,0
2026-01-01 11:52:00,SYN-01,0.2288,0.3118,0.1614,0.242,2.894,0,0
2026-01-01 11:53:00,SYN-02,0.179,0.2627,0.1901,0.2138,2.718,0,0
2026-01-01 11:54:00,SYN-03,0.2545,0.2501,0.227,0.2442,3.065,0,0
2026-01-01 11:55:00,SYN-04,0.2093,0.2633,0.1768,0.2194,3.009,0,0
2026-01-01 11:56:00,SYN-01,0.2678,0.3004,0.1549,0.249,2.935,0,0
2026-01-01 11:57:00,SYN-02,0.2049,0.2358,0.1879,0.2105,3.062,0,0
2026-01-01 11:58:00,SYN-03,0.1809,0.2921,0.1498,0.2164,2.632,0,0
2026-01-01 11:59:00,SYN-04,0.2175,0.2542,0.181,0.2196,3.153,0,0
2026-01-01 12:00:00,SYN-01,0.2162,0.3116,0.2016,0.248,2.771,0,0
2026-01-01 12:01:00,SYN-02,0.2567,0.2751,0.1441,0.2326,3.06,0,0
2026-01-01 12:02:00,SYN-03,0.2081,0.252,0.174,0.2137,2.881,0,0
2026-01-01 12:03:00,SYN-04,0.1751,0.3221,0.1534,0.2294,3.338,0,0
2026-01-01 12:04:00,SYN-01,0.6859,0.8051,0.4388,0.6611,8.567,1,1
2026-01-01 12:05:00,SYN-02,0.2103,0.2675,0.1373,0.2118,2.951,0,0
2026-01-01 12:06:00,SYN-03,0.251,0.2308,0.1782,0.2221,2.746,0,0
2026-01-01 12:07:00,SYN-04,0.1631,0.3132,0.1865,0.2306,3.119,0,0
2026-01-01 12:08:00,SYN-01,0.2238,0.2459,0.197,0.2231,2.81,0,0
2026-01-01 12:09:00,SYN-02,0.2084,0.2546,0.1753,0.2153,3.092,0,0
2026-01-01 12:10:00,SYN-03,0.2199,0.281,0.1717,0.2286,2.696,0,0
2026-01-01 12:11:00,SYN-04,0.2162,0.2466,0.1344,0.2046,3.01,0,0
2026-01-01 12:12:00,SYN-01,0.1969,0.276,0.1813,0.222,3.18,0,0
2026-01-01 12:13:00,SYN-02,0.1706,0.2155,0.212,0.2004,3.012,0,0
2026-01-01 12:14:00,SYN-03,0.1771,0.2354,0.1755,0.198,2.939,0,0
2026-01-01 12:15:00,SYN-04,0.2568,0.2434,0.1756,0.228,2.884,0,0
2026-01-01 12:16:00,SYN-01,0.2131,0.272,0.205,0.2319,2.938,0,0
2026-01-01 12:17:00,SYN-02,0.1913,0.299,0.1914,0.2328,2.672,0,0
2026-01-01 12:18:00,SYN-03,0.7935,1.0402,0.7632,0.8745,12.108,1,1
2026-01-01 12:19:00,SYN-04,0.261,0.2295,0.1947,0.23,3.11,0,0
2026-01-01 12:20:00,SYN-01,0.2437,0.2617,0.1883,0.2333,2.722,0,0
2026-01-01 12:21:00,SYN-02,0.2537,0.2534,0.1537,0.2253,2.77,0,0
2026-01-01 12:22:00,SYN-03,0.2254,0.2776,0.1715,0.229,2.831,0,0
2026-01-01 12:23:00,SYN-04,0.2028,0.2412,0.1761,0.2084,2.811,0,0
2026-01-01 12:24:00,SYN-01,0.2248,0.3412,0.1796,0.2577,2.929,0,0
2026-01-01 12:25:00,SYN-02,0.1693,0.2373,0.1665,0.1938,3.305,0,0
2026-01-01 12:26:00,SYN-03,0.2508,0.2728,0.1529,0.2314,2.881,0,0
2026-01-01 12:27:00,SYN-04,0.2252,0.2472,0.2017,0.2255,3.021,0,0
2026-01-01 12:28:00,SYN-01,0.1815,0.3019,0.1542,0.222,3.071,0,0
2026-01-01 12:29:00,SYN-02,0.1643,0.2411,0.1708,0.1952,3.247,0,0
2026-01-01 12:30:00,SYN-03,0.2154,0.2262,0.1587,0.2023,3.024,0,0
2026-01-01 12:31:00,SYN-04,0.2212,0.2679,0.19,0.2286,2.995,0,0
2026-01-01 12:32:00,SYN-01,0.2006,0.2765,0.1894,0.2255,3.001,0,0
2026-01-01 12:33:00,SYN-02,0.8279,0.5881,0.6573,0.6984,9.113,1,1
2026-01-01 12:34:00,SYN-03,0.236,0.2247,0.1678,0.2116,3.115,0,0
2026-01-01 12:35:00,SYN-04,0.2281,0.2778,0.1796,0.232,2.829,0,0
2026-01-01 12:36:00,SYN-01,0.2254,0.2936,0.1791,0.2374,2.905,0,0
2026-01-01 12:37:00,SYN-02,0.2353,0.2597,0.2241,0.2402,3.011,0,0
2026-01-01 12:38:00,SYN-03,0.6884,0.7033,0.3628,0.6056,7.445,1,1
2026-01-01 12:39:00,SYN-04,0.1702,0.2861,0.1634,0.2141,3.198,0,0
2026-01-01 12:40:00,SYN-01,0.2107,0.276,0.1838,0.2268,3.325,0,0
2026-01-01 12:41:00,SYN-02,0.1619,0.2843,0.198,0.2208,2.854,0,0
2026-01-01 12:42:00,SYN-03,0.2637,0.2731,0.1451,0.2346,3.129,0,0
2026-01-01 12:43:00,SYN-04,0.1815,0.2731,0.2097,0.2247,2.783,0,0
2026-01-01 12:44:00,SYN-01,0.198,0.2374,0.1632,0.2018,2.983,0,0
2026-01-01 12:45:00,SYN-02,0.2348,0.3034,0.1795,0.2446,2.994,0,0
2026-01-01 12:46:00,SYN-03,0.201,0.2568,0.2052,0.2225,2.968,0,0
2026-01-01 12:47:00,SYN-04,0.222,0.3447,0.2131,0.2668,2.869,0,0
2026-01-01 12:48:00,SYN-01,0.2354,0.2382,0.197,0.2244,3.013,0,0
2026-01-01 12:49:00,SYN-02,0.2244,0.2245,0.126,0.1972,3.438,0,0
2026-01-01 12:50:00,SYN-03,0.2175,0.2781,0.1922,0.2321,2.903,0,0
2026-01-01 12:51:00,SYN-04,0.1854,0.2245,0.169,0.1944,2.813,0,0
2026-01-01 12:52:00,SYN-01,0.2059,0.2443,0.1833,0.2126,3.002,0,0
2026-01-01 12:53:00,SYN-02,0.1597,0.2531,0.1552,0.1946,3.077,0,0
2026-01-01 12:54:00,SYN-03,0.1968,0.2655,0.1945,0.2214,2.972,0,0
2026-01-01 12:55:00,SYN-04,0.2254,0.2998,0.1705,0.2379,2.812,0,0
2026-01-01 12:56:00,SYN-01,0.196,0.2862,0.1757,0.2245,2.904,0,0
2026-01-01 12:57:00,SYN-02,0.1847,0.2731,0.1656,0.213,2.863,0,0
2026-01-01 12:58:00,SYN-03,0.1806,0.2578,0.1479,0.2008,2.719,0,0
2026-01-01 12:59:00,SYN-04,0.1638,0.273,0.1595,0.2056,2.857,0,0
2026-01-01 13:00:00,SYN-01,0.1986,0.2912,0.1907,0.2314,3.074,0,0
2026-01-01 13:01:00,SYN-02,0.2495,0.2392,0.2084,0.233,2.94,0,0
2026-01-01 13:02:00,SYN-03,0.2066,0.2894,0.2015,0.236,2.816,0,0
2026-01-01 13:03:00,SYN-04,0.2246,0.2564,0.189,0.2251,2.901,0,0
2026-01-01 13:04:00,SYN-01,0.1959,0.2734,0.1948,0.2244,2.963,0,0
2026-01-01 13:05:00,SYN-02,0.1788,0.3123,0.1678,0.2292,3.043,0,0
2026-01-01 13:06:00,SYN-03,0.2025,0.2853,0.1812,0.2275,2.822,0,0
2026-01-01 13:07:00,SYN-04,0.2528,0.2232,0.1576,0.2149,2.867,0,0
2026-01-01 13:08:00,SYN-01,0.1902,0.259,0.175,0.2113,2.872,0,0
2026-01-01 13:09:00,SYN-02,0.193,0.2507,0.1577,0.2041,3.052,0,0
2026-01-01 13:10:00,SYN-03,0.2436,0.2556,0.1756,0.2277,3.224,0,0
2026-01-01 13:11:00,SYN-04,0.2377,0.26,0.206,0.2356,3.137,0,0
2026-01-01 13:12:00,SYN-01,0.2447,0.2806,0.1698,0.2362,2.851,0,0
2026-01-01 13:13:00,SYN-02,0.2055,0.2914,0.1526,0.2239,3.227,0,0
2026-01-01 13:14:00,SYN-03,0.2095,0.2489,0.1876,0.2168,3.4,0,0
2026-01-01 13:15:00,SYN-04,0.197,0.2491,0.1782,0.2102,3.115,0,0
2026-01-01 13:16:00,SYN-01,0.1914,0.263,0.1898,0.2174,3.122,0,0
2026-01-01 13:17:00,SYN-02,0.1898,0.2623,0.176,0.2127,2.883,0,0
2026-01-01 13:18:00,SYN-03,0.2382,0.2702,0.1812,0.2328,2.854,0,0
2026-01-01 13:19:00,SYN-04,0.1948,0.2422,0.2078,0.2158,2.904,0,0
2026-01-01 13:20:00,SYN-01,0.2037,0.2776,0.18,0.2243,3.089,0,0
2026-01-01 13:21:00,SYN-02,0.2395,0.2716,0.1635,0.2294,2.927,0,0
2026-01-01 13:22:00,SYN-03,0.2855,0.2794,0.1819,0.2534,3.17,0,0
2026-01-01 13:23:00,SYN-04,0.1939,0.3505,0.1886,0.2556,3.168,0,0
2026-01-01 13:24:00,SYN-01,0.2077,0.2457,0.2089,0.2215,3.026,0,0
2026-01-01 13:25:00,SYN-02,0.1997,0.2802,0.1793,0.224,3.268,0,0
2026-01-01 13:26:00,SYN-03,0.2169,0.2114,0.1958,0.2082,2.893,0,0
2026-01-01 13:27:00,SYN-04,0.1319,0.2597,0.1921,0.2014,2.772,0,0
2026-01-01 13:28:00,SYN-01,0.2624,0.2583,0.1964,0.241,2.855,0,0
2026-01-01 13:29:00,SYN-02,0.2339,0.2839,0.181,0.2367,2.965,0,0
2026-01-01 13:30:00,SYN-03,0.1959,0.3237,0.1755,0.2408,3.208,0,0
2026-01-01 13:31:00,SYN-04,0.2176,0.2746,0.1613,0.2227,2.973,0,0
2026-01-01 13:32:00,SYN-01,0.2231,0.2964,0.195,0.242,3.069,0,0
2026-01-01 13:33:00,SYN-02,0.2368,0.3318,0.1934,0.2605,3.118,0,0
2026-01-01 13:34:00,SYN-03,0.2466,0.2592,0.1424,0.2223,3.457,0,0
2026-01-01 13:35:00,SYN-04,0.1676,0.3063,0.1875,0.2288,2.849,0,0
2026-01-01 13:36:00,SYN-01,0.1867,0.2592,0.1634,0.2072,3.022,0,0
2026-01-01 13:37:00,SYN-02,0.7287,0.6666,0.6092,0.6699,8.992,1,1
2026-01-01 13:38:00,SYN-03,0.1824,0.2551,0.1694,0.2058,3.098,0,0
2026-01-01 13:39:00,SYN-04,0.5325,0.7207,0.6482,0.6385,8.228,1,1
2026-01-01 13:40:00,SYN-01,0.2112,0.223,0.1773,0.2048,2.907,0,0
2026-01-01 13:41:00,SYN-02,0.2109,0.3002,0.1481,0.2284,3.001,0,0
2026-01-01 13:42:00,SYN-03,0.2476,0.2779,0.1469,0.231,2.89,0,0
2026-01-01 13:43:00,SYN-04,0.1971,0.2517,0.2134,0.2219,3.186,0,0
2026-01-01 13:44:00,SYN-01,0.2398,0.2634,0.1632,0.2262,2.824,0,0
2026-01-01 13:45:00,SYN-02,0.2234,0.2929,0.1783,0.2363,3.075,0,0
2026-01-01 13:46:00,SYN-03,0.2387,0.3113,0.1802,0.2493,2.998,0,0
2026-01-01 13:47:00,SYN-04,0.2339,0.2808,0.1721,0.2332,3.062,0,0
2026-01-01 13:48:00,SYN-01,0.2069,0.2393,0.2131,0.2202,3.051,0,0
2026-01-01 13:49:00,SYN-02,0.253,0.2445,0.1777,0.2276,3.064,0,0
2026-01-01 13:50:00,SYN-03,0.1702,0.2782,0.1776,0.2144,2.682,0,0
2026-01-01 13:51:00,SYN-04,0.2076,0.2658,0.1701,0.2181,3.015,0,0
2026-01-01 13:52:00,SYN-01,0.2132,0.2768,0.1794,0.2268,2.947,0,0
2026-01-01 13:53:00,SYN-02,0.215,0.2995,0.1773,0.2362,2.892,0,0
2026-01-01 13:54:00,SYN-03,0.2171,0.3108,0.1779,0.2418,2.876,0,0
2026-01-01 13:55:00,SYN-04,0.2192,0.2876,0.1538,0.2269,2.965,0,0
2026-01-01 13:56:00,SYN-01,0.2139,0.2472,0.1908,0.2185,2.972,0,0
2026-01-01 13:57:00,SYN-02,0.6893,0.6514,0.5701,0.6389,8.124,1,1
2026-01-01 13:58:00,SYN-03,0.242,0.2588,0.1939,0.2332,3.046,0,0
2026-01-01 13:59:00,SYN-04,0.2605,0.2621,0.1342,0.227,3.169,0,0
2026-01-01 14:00:00,SYN-01,0.1919,0.2437,0.1851,0.2086,2.774,0,0
2026-01-01 14:01:00,SYN-02,0.6356,0.9254,0.5566,0.7235,9.62,1,1
2026-01-01 14:02:00,SYN-03,0.242,0.3234,0.2033,0.2611,2.96,0,0
2026-01-01 14:03:00,SYN-04,0.2336,0.2785,0.1892,0.2366,2.755,0,0
2026-01-01 14:04:00,SYN-01,0.2519,0.3006,0.1877,0.251,2.858,0,0
2026-01-01 14:05:00,SYN-02,0.228,0.3028,0.1941,0.2458,2.784,0,0
2026-01-01 14:06:00,SYN-03,0.1711,0.2682,0.2228,0.2242,3.046,0,0
2026-01-01 14:07:00,SYN-04,0.2137,0.2807,0.2125,0.2378,2.786,0,0
2026-01-01 14:08:00,SYN-01,0.238,0.2864,0.2052,0.2455,2.851,0,0
2026-01-01 14:09:00,SYN-02,0.4553,0.691,0.546,0.5724,6.873,1,1
2026-01-01 14:10:00,SYN-03,0.1745,0.2963,0.1869,0.226,2.932,0,0
2026-01-01 14:11:00,SYN-04,0.1716,0.2421,0.178,0.1998,3.124,0,0
2026-01-01 14:12:00,SYN-01,0.1915,0.2756,0.1984,0.2251,3.028,0,0
2026-01-01 14:13:00,SYN-02,0.2231,0.268,0.1951,0.2307,2.804,0,0
2026-01-01 14:14:00,SYN-03,0.2068,0.2821,0.2007,0.2328,3.006,0,0
2026-01-01 14:15:00,SYN-04,0.1956,0.2795,0.2079,0.2306,3.299,0,0
2026-01-01 14:16:00,SYN-01,0.1866,0.3143,0.1771,0.2345,2.86,0,0
2026-01-01 14:17:00,SYN-02,0.2273,0.2472,0.2216,0.2323,3.039,0,0
2026-01-01 14:18:00,SYN-03,0.2021,0.2397,0.1403,0.1983,2.911,0,0
2026-01-01 14:19:00,SYN-04,0.2263,0.275,0.1782,0.2299,2.928,0,0
2026-01-01 14:20:00,SYN-01,0.6252,0.5269,0.4271,0.5325,6.451,1,1
2026-01-01 14:21:00,SYN-02,0.2394,0.3157,0.1951,0.255,2.968,0,0
2026-01-01 14:22:00,SYN-03,0.2291,0.2687,0.1634,0.2246,2.952,0,0
2026-01-01 14:23:00,SYN-04,0.2051,0.2509,0.186,0.2157,2.971,0,0
2026-01-01 14:24:00,SYN-01,0.1733,0.273,0.1412,0.2037,3.108,0,0
2026-01-01 14:25:00,SYN-02,0.2003,0.243,0.1653,0.2053,3.206,0,0
2026-01-01 14:26:00,SYN-03,0.2261,0.2955,0.1757,0.2376,3.111,0,0
2026-01-01 14:27:00,SYN-04,0.2137,0.2687,0.1848,0.2251,2.962,0,0
2026-01-01 14:28:00,SYN-01,0.1861,0.3168,0.2046,0.2428,3.048,0,0
2026-01-01 14:29:00,SYN-02,0.2215,0.2713,0.1913,0.2304,3.173,0,0
2026-01-01 14:30:00,SYN-03,0.2425,0.2829,0.1669,0.2357,3.013,0,0
2026-01-01 14:31:00,SYN-04,0.2253,0.3025,0.1586,0.2362,3.051,0,0
2026-01-01 14:32:00,SYN-01,0.2263,0.3044,0.239,0.2588,3.083,0,0
2026-01-01 14:33:00,SYN-02,0.2307,0.2312,0.1822,0.2159,2.77,0,0
2026-01-01 14:34:00,SYN-03,0.2553,0.2963,0.1584,0.2436,2.842,0,0
2026-01-01 14:35:00,SYN-04,0.2311,0.3038,0.2058,0.2503,2.998,0,0
2026-01-01 14:36:00,SYN-01,0.2602,0.2761,0.2036,0.2486,2.864,0,0
2026-01-01 14:37:00,SYN-02,0.1752,0.2717,0.2046,0.2209,3.144,0,0
2026-01-01 14:38:00,SYN-03,0.2455,0.2376,0.1532,0.2162,3.196,0,0
2026-01-01 14:39:00,SYN-04,0.2051,0.2846,0.135,0.217,3.154,0,0
2026-01-01 14:40:00,SYN-01,0.8219,0.9524,0.464,0.7742,10.47,1,1
2026-01-01 14:41:00,SYN-02,0.1948,0.2355,0.2008,0.2111,2.872,0,0
2026-01-01 14:42:00,SYN-03,0.2105,0.2441,0.1617,0.2082,2.915,0,0
2026-01-01 14:43:00,SYN-04,0.2184,0.2739,0.2022,0.2335,2.965,0,0
2026-01-01 14:44:00,SYN-01,0.1968,0.2097,0.1668,0.192,2.93,0,0
2026-01-01 14:45:00,SYN-02,0.2048,0.2792,0.1646,0.2213,3.185,0,0
2026-01-01 14:46:00,SYN-03,0.2675,0.2505,0.1929,0.2391,3.041,0,0
2026-01-01 14:47:00,SYN-04,0.2422,0.2599,0.1801,0.23,3.08,0,0
2026-01-01 14:48:00,SYN-01,0.2334,0.2851,0.1901,0.2393,3.032,0,0
2026-01-01 14:49:00,SYN-02,0.2422,0.2699,0.1545,0.2276,3.03,0,0
2026-01-01 14:50:00,SYN-03,0.1892,0.279,0.169,0.2177,2.821,0,0
2026-01-01 14:51:00,SYN-04,0.1977,0.2821,0.1882,0.2266,2.974,0,0
2026-01-01 14:52:00,SYN-01,0.187,0.2882,0.1905,0.2268,3.01,0,0
2026-01-01 14:53:00,SYN-02,0.2344,0.2257,0.1713,0.2123,2.894,0,0
2026-01-01 14:54:00,SYN-03,0.2191,0.2253,0.2321,0.2256,2.896,0,0
2026-01-01 14:55:00,SYN-04,0.1956,0.2573,0.1576,0.2076,3.073,0,0
2026-01-01 14:56:00,SYN-01,0.1859,0.2791,0.1893,0.2223,2.805,0,0
2026-01-01 14:57:00,SYN-02,0.6243,0.6943,0.5211,0.6173,8.085,1,1
2026-01-01 14:58:00,SYN-03,0.2791,0.2743,0.226,0.2609,2.84,0,0
2026-01-01 14:59:00,SYN-04,0.2117,0.2109,0.1782,0.2009,2.687,0,0
2026-01-01 15:00:00,SYN-01,0.1923,0.2345,0.2009,0.21,2.983,0,0
2026-01-01 15:01:00,SYN-02,0.1977,0.2816,0.1614,0.2194,2.994,0,0
2026-01-01 15:02:00,SYN-03,0.2106,0.3071,0.1762,0.2379,2.983,0,0
2026-01-01 15:03:00,SYN-04,0.1886,0.3045,0.1541,0.2251,3.471,0,0
2026-01-01 15:04:00,SYN-01,0.8268,0.6227,0.5249,0.6701,8.888,1,1
2026-01-01 15:05:00,SYN-02,0.2313,0.2506,0.1658,0.2189,2.96,0,0
2026-01-01 15:06:00,SYN-03,0.2027,0.2838,0.1692,0.2238,3.21,0,0
2026-01-01 15:07:00,SYN-04,0.2296,0.285,0.2067,0.2427,3.007,0,0
2026-01-01 15:08:00,SYN-01,0.2292,0.3253,0.1653,0.2488,2.812,0,0
2026-01-01 15:09:00,SYN-02,0.2222,0.2195,0.1934,0.2121,3.042,0,0
2026-01-01 15:10:00,SYN-03,0.2522,0.2654,0.1503,0.2285,2.929,0,0
2026-01-01 15:11:00,SYN-04,0.216,0.3083,0.1697,0.2384,3.166,0,0
2026-01-01 15:12:00,SYN-01,0.2002,0.2953,0.1632,0.2265,3.015,0,0
2026-01-01 15:13:00,SYN-02,0.2103,0.2537,0.1824,0.2174,3.243,0,0
2026-01-01 15:14:00,SYN-03,0.1982,0.3016,0.1608,0.2281,2.82,0,0
2026-01-01 15:15:00,SYN-04,0.2188,0.2927,0.1433,0.2266,3.149,0,0
2026-01-01 15:16:00,SYN-01,0.2524,0.277,0.2164,0.2498,2.927,0,0
2026-01-01 15:17:00,SYN-02,0.1559,0.2801,0.1883,0.2146,3.03,0,0
2026-01-01 15:18:00,SYN-03,0.2261,0.2446,0.218,0.2298,3.22,0,0
2026-01-01 15:19:00,SYN-04,0.2216,0.2465,0.1915,0.221,3.041,0,0
2026-01-01 15:20:00,SYN-01,0.2357,0.2033,0.1904,0.2106,3.096,0,0
2026-01-01 15:21:00,SYN-02,0.2283,0.276,0.1816,0.2318,3.22,0,0
2026-01-01 15:22:00,SYN-03,0.1801,0.281,0.2084,0.2272,3.278,0,0
2026-01-01 15:23:00,SYN-04,0.2428,0.2764,0.1968,0.2409,3.172,0,0
2026-01-01 15:24:00,SYN-01,0.212,0.3179,0.1875,0.2457,2.942,0,0
2026-01-01 15:25:00,SYN-02,0.2046,0.2733,0.1543,0.2163,2.93,0,0
2026-01-01 15:26:00,SYN-03,0.2129,0.2827,0.1818,0.2297,3.092,0,0
2026-01-01 15:27:00,SYN-04,0.8556,0.8187,0.6771,0.7876,10.898,1,1
2026-01-01 15:28:00,SYN-01,0.2254,0.3124,0.1755,0.2444,3.109,0,0
2026-01-01 15:29:00,SYN-02,0.213,0.2699,0.1618,0.2194,2.887,0,0
2026-01-01 15:30:00,SYN-03,0.2375,0.2641,0.195,0.2339,2.936,0,0
2026-01-01 15:31:00,SYN-04,0.243,0.2753,0.1418,0.2273,2.757,0,0
2026-01-01 15:32:00,SYN-01,0.2088,0.2724,0.1971,0.2285,3.113,0,0
2026-01-01 15:33:00,SYN-02,0.2347,0.3089,0.2133,0.2556,3.126,0,0
2026-01-01 15:34:00,SYN-03,0.2028,0.2989,0.1646,0.2292,2.904,0,0
2026-01-01 15:35:00,SYN-04,0.1987,0.3131,0.1911,0.2409,2.631,0,0
2026-01-01 15:36:00,SYN-01,0.1749,0.2911,0.2101,0.2306,2.952,0,0
2026-01-01 15:37:00,SYN-02,0.2352,0.3489,0.1955,0.2679,3.062,0,0
2026-01-01 15:38:00,SYN-03,0.2293,0.3301,0.1635,0.2505,2.873,0,0
2026-01-01 15:39:00,SYN-04,0.2411,0.2832,0.1663,0.2352,2.955,0,0
2026-01-01 15:40:00,SYN-01,0.226,0.3067,0.1491,0.2362,2.933,0,0
2026-01-01 15:41:00,SYN-02,0.2248,0.2978,0.1948,0.243,3.058,0,0
2026-01-01 15:42:00,SYN-03,0.2104,0.2613,0.169,0.2169,3.215,0,0
2026-01-01 15:43:00,SYN-04,0.2432,0.2321,0.1784,0.2197,2.737,0,0
2026-01-01 15:44:00,SYN-01,0.2249,0.3105,0.1893,0.2468,3.064,0,0
2026-01-01 15:45:00,SYN-02,0.2476,0.2592,0.1717,0.2295,2.938,0,0
2026-01-01 15:46:00,SYN-03,0.248,0.3033,0.1635,0.2451,2.846,0,0
2026-01-01 15:47:00,SYN-04,0.1921,0.2768,0.1876,0.2226,3.209,0,0
2026-01-01 15:48:00,SYN-01,0.2377,0.2397,0.1564,0.2148,3.01,0,0
2026-01-01 15:49:00,SYN-02,0.2235,0.2525,0.1879,0.2229,3.112,0,0
2026-01-01 15:50:00,SYN-03,0.2225,0.312,0.166,0.2411,2.908,0,0
2026-01-01 15:51:00,SYN-04,0.2239,0.2908,0.1899,0.2386,2.916,0,0
2026-01-01 15:52:00,SYN-01,0.207,0.2363,0.1693,0.206,3.176,0,0
2026-01-01 15:53:00,SYN-02,0.2157,0.2112,0.1792,0.2027,2.973,0,0
2026-01-01 15:54:00,SYN-03,0.2239,0.3334,0.1587,0.2493,3.243,0,0
2026-01-01 15:55:00,SYN-04,0.1944,0.2306,0.1984,0.2084,3.011,0,0
2026-01-01 15:56:00,SYN-01,0.1871,0.2573,0.1942,0.2152,2.757,0,0
2026-01-01 15:57:00,SYN-02,0.1999,0.2913,0.1794,0.2288,3.061,0,0
2026-01-01 15:58:00,SYN-03,0.1834,0.1957,0.1851,0.1882,3.007,0,0
2026-01-01 15:59:00,SYN-04,0.2261,0.2751,0.1764,0.2295,3.44,0,0
2026-01-01 16:00:00,SYN-01,0.2635,0.2658,0.173,0.238,3.026,0,0
2026-01-01 16:01:00,SYN-02,0.4985,0.511,0.7196,0.5852,7.118,1,1
2026-01-01 16:02:00,SYN-03,0.2242,0.2499,0.1926,0.2234,3.107,0,0
2026-01-01 16:03:00,SYN-04,0.2155,0.2982,0.1883,0.2386,3.012,0,0
2026-01-01 16:04:00,SYN-01,0.2281,0.3057,0.1704,0.2412,3.27,0,0
2026-01-01 16:05:00,SYN-02,0.2404,0.3004,0.1446,0.2373,3.096,0,0
2026-01-01 16:06:00,SYN-03,0.678,1.0708,0.6067,0.8113,10.902,1,1
2026-01-01 16:07:00,SYN-04,0.204,0.3215,0.188,0.2452,2.712,0,0
2026-01-01 16:08:00,SYN-01,0.2462,0.2762,0.1972,0.2421,2.982,0,0
2026-01-01 16:09:00,SYN-02,0.2589,0.2667,0.1741,0.237,3.074,0,0
2026-01-01 16:10:00,SYN-03,0.2125,0.278,0.195,0.2313,3.292,0,0
2026-01-01 16:11:00,SYN-04,0.2336,0.283,0.2053,0.2428,2.713,0,0
2026-01-01 16:12:00,SYN-01,0.2046,0.2474,0.1844,0.2137,3.188,0,0
2026-01-01 16:13:00,SYN-02,0.1972,0.2718,0.1835,0.221,2.849,0,0
2026-01-01 16:14:00,SYN-03,0.2703,0.249,0.2021,0.2422,2.809,0,0
2026-01-01 16:15:00,SYN-04,0.2122,0.3106,0.1238,0.2286,3.089,0,0
2026-01-01 16:16:00,SYN-01,0.2214,0.2867,0.1973,0.2381,2.806,0,0
2026-01-01 16:17:00,SYN-02,0.2547,0.2278,0.2055,0.2302,3.065,0,0
2026-01-01 16:18:00,SYN-03,0.2215,0.2863,0.1993,0.2386,2.911,0,0
2026-01-01 16:19:00,SYN-04,0.2116,0.2613,0.1684,0.2171,2.66,0,0
2026-01-01 16:20:00,SYN-01,0.7647,0.9517,0.5175,0.7656,10.413,1,1
2026-01-01 16:21:00,SYN-02,0.2281,0.239,0.188,0.2195,3.078,0,0
2026-01-01 16:22:00,SYN-03,0.2123,0.2606,0.1496,0.2124,2.695,0,0
2026-01-01 16:23:00,SYN-04,0.2085,0.2914,0.2229,0.2437,3.221,0,0
2026-01-01 16:24:00,SYN-01,0.1688,0.2242,0.2063,0.2011,3.032,0,0
2026-01-01 16:25:00,SYN-02,0.2085,0.23,0.1703,0.2044,2.792,0,0
2026-01-01 16:26:00,SYN-03,0.2718,0.3049,0.1641,0.2541,3.17,0,0
2026-01-01 16:27:00,SYN-04,0.1895,0.2765,0.173,0.2178,3.015,0,0
2026-01-01 16:28:00,SYN-01,0.2716,0.2936,0.2175,0.2628,2.831,0,0
2026-01-01 16:29:00,SYN-02,0.2092,0.2991,0.167,0.2318,2.818,0,0
2026-01-01 16:30:00,SYN-03,0.228,0.2883,0.1679,0.2333,2.909,0,0
2026-01-01 16:31:00,SYN-04,0.2357,0.2752,0.1857,0.2351,3.135,0,0
2026-01-01 16:32:00,SYN-01,0.2119,0.2464,0.1983,0.2198,3.0,0,0
2026-01-01 16:33:00,SYN-02,0.5565,0.9919,0.4338,0.7028,9.416,1,1
2026-01-01 16:34:00,SYN-03,0.5313,0.8153,0.4946,0.6302,7.806,1,1
2026-01-01 16:35:00,SYN-04,0.7707,0.7491,0.7179,0.7462,10.432,1,1
2026-01-01 16:36:00,SYN-01,0.1964,0.2733,0.2045,0.2274,2.878,0,0
2026-01-01 16:37:00,SYN-02,0.2205,0.2948,0.1795,0.2365,2.894,0,0
2026-01-01 16:38:00,SYN-03,0.2195,0.2497,0.1755,0.217,3.06,0,0
2026-01-01 16:39:00,SYN-04,0.2237,0.2746,0.1961,0.2338,3.069,0,0
2026-01-01 16:40:00,SYN-01,0.2191,0.2663,0.2098,0.233,2.801,0,0
2026-01-01 16:41:00,SYN-02,0.2399,0.3103,0.1874,0.2509,2.997,0,0
2026-01-01 16:42:00,SYN-03,0.2483,0.2585,0.1559,0.2257,3.022,0,0
2026-01-01 16:43:00,SYN-04,0.2457,0.2754,0.2301,0.2511,3.045,0,0
2026-01-01 16:44:00,SYN-01,0.235,0.2678,0.195,0.2345,3.022,0,0
2026-01-01 16:45:00,SYN-02,0.2309,0.2649,0.1764,0.227,2.995,0,0
2026-01-01 16:46:00,SYN-03,0.2037,0.2738,0.2106,0.2315,3.086,0,0
2026-01-01 16:47:00,SYN-04,0.2427,0.2276,0.1834,0.2194,3.145,0,0
2026-01-01 16:48:00,SYN-01,0.2463,0.3018,0.1873,0.2495,2.831,0,0
2026-01-01 16:49:00,SYN-02,0.207,0.319,0.2148,0.2522,3.135,0,0
2026-01-01 16:50:00,SYN-03,0.6899,0.9215,0.5779,0.7437,9.952,1,1
2026-01-01 16:51:00,SYN-04,0.2322,0.3079,0.175,0.2445,2.63,0,0
2026-01-01 16:52:00,SYN-01,0.238,0.2662,0.1869,0.2327,2.993,0,0
2026-01-01 16:53:00,SYN-02,0.1959,0.2596,0.1879,0.2169,2.812,0,0
2026-01-01 16:54:00,SYN-03,0.1944,0.2965,0.1382,0.2197,2.98,0,0
2026-01-01 16:55:00,SYN-04,0.2092,0.2533,0.1649,0.2122,2.748,0,0
2026-01-01 16:56:00,SYN-01,0.1817,0.2546,0.1728,0.2063,2.707,0,0
2026-01-01 16:57:00,SYN-02,0.1743,0.2633,0.1772,0.2091,3.058,0,0
2026-01-01 16:58:00,SYN-03,0.265,0.2727,0.1415,0.2343,2.736,0,0
2026-01-01 16:59:00,SYN-04,0.2294,0.3227,0.2087,0.2584,2.885,0,0
2026-01-01 17:00:00,SYN-01,0.2059,0.3265,0.1554,0.2403,3.155,0,0
2026-01-01 17:01:00,SYN-02,0.2206,0.2892,0.1924,0.2376,2.955,0,0
2026-01-01 17:02:00,SYN-03,0.2138,0.2404,0.1648,0.2087,3.378,0,0
2026-01-01 17:03:00,SYN-04,0.2213,0.3183,0.1782,0.2463,2.786,0,0
2026-01-01 17:04:00,SYN-01,0.2111,0.2896,0.1802,0.2316,2.956,0,0
2026-01-01 17:05:00,SYN-02,0.2244,0.2956,0.2215,0.2495,3.024,0,0
2026-01-01 17:06:00,SYN-03,0.2024,0.3053,0.1707,0.2333,2.875,0,0
2026-01-01 17:07:00,SYN-04,0.1972,0.2602,0.1754,0.214,3.025,0,0
2026-01-01 17:08:00,SYN-01,0.2077,0.2993,0.1675,0.2315,3.218,0,0
2026-01-01 17:09:00,SYN-02,0.205,0.3179,0.1932,0.2453,3.035,0,0
2026-01-01 17:10:00,SYN-03,0.2484,0.2715,0.1877,0.2385,2.898,0,0
2026-01-01 17:11:00,SYN-04,0.2267,0.3375,0.1626,0.2528,3.067,0,0
2026-01-01 17:12:00,SYN-01,0.2123,0.2946,0.2095,0.2421,2.905,0,0
2026-01-01 17:13:00,SYN-02,0.191,0.3175,0.2076,0.2452,2.772,0,0
2026-01-01 17:14:00,SYN-03,0.2341,0.228,0.1775,0.2147,3.0,0,0
2026-01-01 17:15:00,SYN-04,0.2066,0.2882,0.2155,0.2396,3.094,0,0
2026-01-01 17:16:00,SYN-01,0.2018,0.3236,0.2085,0.2509,2.903,0,0
2026-01-01 17:17:00,SYN-02,0.2288,0.3087,0.18,0.245,2.725,0,0
2026-01-01 17:18:00,SYN-03,0.1906,0.3015,0.1953,0.2348,3.143,0,0
2026-01-01 17:19:00,SYN-04,0.2192,0.2672,0.1867,0.2268,2.808,0,0
2026-01-01 17:20:00,SYN-01,0.2313,0.2911,0.2051,0.2452,2.962,0,0
2026-01-01 17:21:00,SYN-02,0.2149,0.2924,0.2299,0.248,3.202,0,0
2026-01-01 17:22:00,SYN-03,0.207,0.2984,0.2005,0.2395,2.906,0,0
2026-01-01 17:23:00,SYN-04,0.2188,0.2828,0.2057,0.2382,2.979,0,0
2026-01-01 17:24:00,SYN-01,0.2087,0.26,0.2008,0.2247,3.158,0,0
2026-01-01 17:25:00,SYN-02,0.2294,0.311,0.1979,0.2506,3.452,0,0
2026-01-01 17:26:00,SYN-03,0.2027,0.3519,0.2047,0.2626,2.902,0,0
2026-01-01 17:27:00,SYN-04,0.1773,0.2199,0.1466,0.1837,2.955,0,0
2026-01-01 17:28:00,SYN-01,0.1954,0.302,0.1901,0.2349,2.908,0,0
2026-01-01 17:29:00,SYN-02,0.2055,0.3022,0.1987,0.2401,3.012,0,0
2026-01-01 17:30:00,SYN-03,0.2037,0.2969,0.1858,0.2339,3.0,0,0
2026-01-01 17:31:00,SYN-04,0.2682,0.2508,0.203,0.2422,2.997,0,0
2026-01-01 17:32:00,SYN-01,0.2591,0.24,0.1727,0.227,2.992,0,0
2026-01-01 17:33:00,SYN-02,0.7933,1.086,0.5095,0.8303,11.623,1,1
2026-01-01 17:34:00,SYN-03,0.2322,0.2564,0.2114,0.2341,2.993,0,0
2026-01-01 17:35:00,SYN-04,0.227,0.2436,0.2013,0.2246,3.268,0,0
2026-01-01 17:36:00,SYN-01,0.8902,0.9248,0.5673,0.8103,11.322,1,1
2026-01-01 17:37:00,SYN-02,0.2219,0.2811,0.1878,0.2334,2.908,0,0
2026-01-01 17:38:00,SYN-03,0.1943,0.2397,0.2118,0.2161,2.795,0,0
2026-01-01 17:39:00,SYN-04,0.2243,0.2571,0.1871,0.2247,2.911,0,0
2026-01-01 17:40:00,SYN-01,0.2158,0.2371,0.1897,0.2151,3.051,0,0
2026-01-01 17:41:00,SYN-02,0.2115,0.2892,0.2081,0.2392,3.181,0,0
2026-01-01 17:42:00,SYN-03,0.223,0.2688,0.1879,0.229,2.943,0,0
2026-01-01 17:43:00,SYN-04,0.2142,0.216,0.1758,0.2028,2.909,0,0
2026-01-01 17:44:00,SYN-01,0.1788,0.3089,0.1879,0.2329,2.796,0,0
2026-01-01 17:45:00,SYN-02,0.2545,0.2742,0.1642,0.2358,2.961,0,0
2026-01-01 17:46:00,SYN-03,0.255,0.3026,0.173,0.2494,2.921,0,0
2026-01-01 17:47:00,SYN-04,0.2668,0.3085,0.1919,0.2603,3.013,0,0
2026-01-01 17:48:00,SYN-01,0.2409,0.3136,0.1994,0.2557,2.977,0,0
2026-01-01 17:49:00,SYN-02,0.2329,0.3138,0.2111,0.2565,3.033,0,0
2026-01-01 17:50:00,SYN-03,0.2353,0.3008,0.2163,0.2534,2.923,0,0
2026-01-01 17:51:00,SYN-04,0.237,0.2236,0.2007,0.221,2.684,0,0
2026-01-01 17:52:00,SYN-01,0.2082,0.2755,0.1957,0.2292,3.036,0,0
2026-01-01 17:53:00,SYN-02,0.2372,0.2785,0.194,0.2391,2.913,0,0
2026-01-01 17:54:00,SYN-03,0.2175,0.2661,0.1822,0.2246,2.933,0,0
2026-01-01 17:55:00,SYN-04,0.7777,1.0198,0.7093,0.8461,11.927,1,1
2026-01-01 17:56:00,SYN-01,0.2126,0.3131,0.1974,0.2464,2.91,0,0
2026-01-01 17:57:00,SYN-02,0.2106,0.1883,0.2189,0.2063,3.125,0,0
2026-01-01 17:58:00,SYN-03,0.2328,0.2405,0.2006,0.2253,3.024,0,0
2026-01-01 17:59:00,SYN-04,0.22,0.2457,0.1664,0.2133,3.012,0,0
2026-01-01 18:00:00,SYN-01,0.1768,0.288,0.1819,0.2216,2.966,0,0
2026-01-01 18:01:00,SYN-02,0.1775,0.2368,0.1817,0.2005,2.804,0,0
2026-01-01 18:02:00,SYN-03,0.2476,0.279,0.1707,0.2369,2.995,0,0
2026-01-01 18:03:00,SYN-04,0.2147,0.2673,0.2292,0.2381,3.079,0,0
2026-01-01 18:04:00,SYN-01,0.2046,0.2537,0.1753,0.2137,2.947,0,0
2026-01-01 18:05:00,SYN-02,0.2217,0.2683,0.1939,0.23,2.777,0,0
2026-01-01 18:06:00,SYN-03,0.203,0.247,0.2015,0.2182,3.091,0,0
2026-01-01 18:07:00,SYN-04,0.2003,0.3103,0.2174,0.2475,3.241,0,0
2026-01-01 18:08:00,SYN-01,0.2432,0.2935,0.199,0.2483,2.873,0,0
2026-01-01 18:09:00,SYN-02,0.2332,0.2742,0.1794,0.2322,2.988,0,0
2026-01-01 18:10:00,SYN-03,0.2576,0.3367,0.201,0.2708,3.103,0,0
2026-01-01 18:11:00,SYN-04,0.2535,0.3462,0.1798,0.2686,2.905,0,0
2026-01-01 18:12:00,SYN-01,0.2607,0.3149,0.1703,0.2557,2.839,0,0
2026-01-01 18:13:00,SYN-02,0.2299,0.2717,0.1661,0.2267,2.876,0,0
2026-01-01 18:14:00,SYN-03,0.1881,0.3005,0.1658,0.226,2.954,0,0
2026-01-01 18:15:00,SYN-04,0.222,0.2367,0.1792,0.2141,2.923,0,0
2026-01-01 18:16:00,SYN-01,0.2411,0.3147,0.1835,0.2522,3.136,0,0
2026-01-01 18:17:00,SYN-02,0.2409,0.3266,0.1757,0.2553,2.789,0,0
2026-01-01 18:18:00,SYN-03,0.2083,0.3066,0.1896,0.2404,3.336,0,0
2026-01-01 18:19:00,SYN-04,0.2593,0.3377,0.1892,0.269,2.947,0,0
2026-01-01 18:20:00,SYN-01,0.2347,0.2752,0.1927,0.2366,3.177,0,0
2026-01-01 18:21:00,SYN-02,0.2472,0.2794,0.2014,0.2447,3.392,0,0
2026-01-01 18:22:00,SYN-03,0.2186,0.2726,0.1503,0.2196,3.086,0,0
2026-01-01 18:23:00,SYN-04,0.1935,0.3261,0.1804,0.2424,3.067,0,0
2026-01-01 18:24:00,SYN-01,0.825,1.09,0.715,0.8907,12.78,1,1
2026-01-01 18:25:00,SYN-02,0.2528,0.2513,0.1769,0.2298,2.851,0,0
2026-01-01 18:26:00,SYN-03,0.221,0.2526,0.224,0.233,2.938,0,0
2026-01-01 18:27:00,SYN-04,0.2757,0.2867,0.1823,0.2526,3.088,0,0
2026-01-01 18:28:00,SYN-01,0.2341,0.3,0.1894,0.2454,3.045,0,0
2026-01-01 18:29:00,SYN-02,0.181,0.2776,0.193,0.2214,2.956,0,0
2026-01-01 18:30:00,SYN-03,0.2246,0.2386,0.17,0.2131,3.167,0,0
2026-01-01 18:31:00,SYN-04,0.2049,0.3202,0.2364,0.2584,2.84,0,0
2026-01-01 18:32:00,SYN-01,0.1948,0.184,0.2231,0.2013,3.13,0,0
2026-01-01 18:33:00,SYN-02,0.2152,0.2907,0.188,0.2354,3.046,0,0
2026-01-01 18:34:00,SYN-03,0.2069,0.3045,0.2207,0.2478,3.054,0,0
2026-01-01 18:35:00,SYN-04,0.2467,0.3268,0.2089,0.2654,2.959,0,0
2026-01-01 18:36:00,SYN-01,0.2628,0.2517,0.1704,0.232,3.089,0,0
2026-01-01 18:37:00,SYN-02,0.518,0.6855,0.6558,0.6241,8.099,1,1
2026-01-01 18:38:00,SYN-03,0.2109,0.274,0.1513,0.2179,2.98,0,0
2026-01-01 18:39:00,SYN-04,0.243,0.3005,0.223,0.2576,2.961,0,0
2026-01-01 18:40:00,SYN-01,0.214,0.2921,0.2186,0.2442,3.165,0,0
2026-01-01 18:41:00,SYN-02,0.212,0.3302,0.1924,0.2523,3.069,0,0
2026-01-01 18:42:00,SYN-03,0.2051,0.2608,0.2217,0.2304,3.016,0,0
2026-01-01 18:43:00,SYN-04,0.183,0.3051,0.2062,0.2374,2.878,0,0
2026-01-01 18:44:00,SYN-01,0.2185,0.38,0.2213,0.2835,3.287,0,0
2026-01-01 18:45:00,SYN-02,0.2623,0.2991,0.1914,0.2549,2.976,0,0
2026-01-01 18:46:00,SYN-03,0.8714,0.89,0.6836,0.8203,11.246,1,1
2026-01-01 18:47:00,SYN-04,0.217,0.3257,0.2118,0.2569,3.206,0,0
2026-01-01 18:48:00,SYN-01,0.2594,0.2768,0.1844,0.2435,3.043,0,0
2026-01-01 18:49:00,SYN-02,0.2401,0.2486,0.1937,0.2287,3.046,0,0
2026-01-01 18:50:00,SYN-03,0.222,0.3198,0.1839,0.2486,2.935,0,0
2026-01-01 18:51:00,SYN-04,0.1991,0.3127,0.1783,0.2375,2.909,0,0
2026-01-01 18:52:00,SYN-01,0.2693,0.2601,0.2058,0.2467,2.905,0,0
2026-01-01 18:53:00,SYN-02,0.2465,0.3457,0.187,0.2678,3.301,0,0
2026-01-01 18:54:00,SYN-03,0.2335,0.3335,0.2066,0.2636,2.877,0,0
2026-01-01 18:55:00,SYN-04,0.2607,0.3181,0.1968,0.2632,2.771,0,0
2026-01-01 18:56:00,SYN-01,0.2348,0.2655,0.1562,0.2236,3.237,0,0
2026-01-01 18:57:00,SYN-02,0.2422,0.2953,0.2003,0.249,3.023,0,0
2026-01-01 18:58:00,SYN-03,0.2511,0.2934,0.1919,0.2489,3.303,0,0
2026-01-01 18:59:00,SYN-04,0.2207,0.3137,0.1795,0.2445,3.082,0,0
2026-01-01 19:00:00,SYN-01,0.1998,0.3075,0.1686,0.233,2.895,0,0
2026-01-01 19:01:00,SYN-02,0.2085,0.3144,0.1764,0.2405,2.869,0,0
2026-01-01 19:02:00,SYN-03,0.2412,0.3276,0.2084,0.2639,3.0,0,0
2026-01-01 19:03:00,SYN-04,0.2118,0.2834,0.1205,0.2158,3.112,0,0
2026-01-01 19:04:00,SYN-01,0.2313,0.2631,0.1769,0.2266,3.36,0,0
2026-01-01 19:05:00,SYN-02,0.2115,0.3005,0.2212,0.2477,2.829,0,0
2026-01-01 19:06:00,SYN-03,0.7636,0.9466,0.5059,0.7605,10.339,1,1
2026-01-01 19:07:00,SYN-04,0.2711,0.2846,0.161,0.2452,3.086,0,0
2026-01-01 19:08:00,SYN-01,0.1983,0.2932,0.1842,0.2304,3.267,0,0
2026-01-01 19:09:00,SYN-02,0.2266,0.2759,0.1982,0.2358,3.016,0,0
2026-01-01 19:10:00,SYN-03,0.238,0.3077,0.1995,0.2524,2.929,0,0
2026-01-01 19:11:00,SYN-04,0.2369,0.2511,0.1705,0.2223,3.049,0,0
2026-01-01 19:12:00,SYN-01,0.2141,0.3005,0.1942,0.2408,2.946,0,0
2026-01-01 19:13:00,SYN-02,0.2108,0.2873,0.1904,0.2333,2.803,0,0
2026-01-01 19:14:00,SYN-03,0.2394,0.3223,0.1936,0.2573,2.722,0,0
2026-01-01 19:15:00,SYN-04,0.1924,0.2926,0.2159,0.2375,3.067,0,0
2026-01-01 19:16:00,SYN-01,0.2198,0.2467,0.1957,0.2217,3.004,0,0
2026-01-01 19:17:00,SYN-02,0.2382,0.2736,0.1995,0.239,3.084,0,0
2026-01-01 19:18:00,SYN-03,0.2526,0.3522,0.2096,0.278,3.013,0,0
2026-01-01 19:19:00,SYN-04,0.216,0.2922,0.1934,0.2377,2.807,0,0
2026-01-01 19:20:00,SYN-01,0.2109,0.2908,0.2057,0.239,2.952,0,0
2026-01-01 19:21:00,SYN-02,0.2645,0.2843,0.2065,0.2539,2.962,0,0
2026-01-01 19:22:00,SYN-03,0.2268,0.2889,0.1875,0.2381,2.663,0,0
2026-01-01 19:23:00,SYN-04,0.2486,0.2597,0.2086,0.24,3.106,0,0
2026-01-01 19:24:00,SYN-01,0.6948,0.8427,0.5104,0.696,9.003,1,1
2026-01-01 19:25:00,SYN-02,0.1958,0.2635,0.1736,0.2144,2.823,0,0
2026-01-01 19:26:00,SYN-03,0.2536,0.2465,0.2038,0.2357,3.165,0,0
2026-01-01 19:27:00,SYN-04,0.2259,0.2995,0.2036,0.2464,3.102,0,0
2026-01-01 19:28:00,SYN-01,0.2379,0.2543,0.1827,0.2271,3.033,0,0
2026-01-01 19:29:00,SYN-02,0.2144,0.2132,0.191,0.2065,2.819,0,0
2026-01-01 19:30:00,SYN-03,0.2349,0.2955,0.1812,0.2418,2.999,0,0
2026-01-01 19:31:00,SYN-04,0.2777,0.2768,0.206,0.2557,3.044,0,0
2026-01-01 19:32:00,SYN-01,0.6128,0.9733,0.4464,0.7123,9.279,1,1
2026-01-01 19:33:00,SYN-02,0.2531,0.289,0.1819,0.2454,2.866,0,0
2026-01-01 19:34:00,SYN-03,0.211,0.242,0.1545,0.2057,2.944,0,0
2026-01-01 19:35:00,SYN-04,0.2594,0.3126,0.1941,0.2599,3.128,0,0
2026-01-01 19:36:00,SYN-01,0.2498,0.2785,0.1931,0.2431,2.973,0,0
2026-01-01 19:37:00,SYN-02,0.2487,0.3198,0.1741,0.2546,2.917,0,0
2026-01-01 19:38:00,SYN-03,0.2475,0.306,0.1862,0.2514,2.799,0,0
2026-01-01 19:39:00,SYN-04,0.2493,0.2678,0.2238,0.2476,3.0,0,0
2026-01-01 19:40:00,SYN-01,0.2335,0.2807,0.1663,0.2316,2.95,0,0
2026-01-01 19:41:00,SYN-02,0.2462,0.3287,0.1737,0.2575,2.779,0,0
2026-01-01 19:42:00,SYN-03,0.2437,0.2681,0.1591,0.2284,3.058,0,0
2026-01-01 19:43:00,SYN-04,0.2319,0.3265,0.1838,0.2544,2.941,0,0
2026-01-01 19:44:00,SYN-01,0.2446,0.3525,0.1776,0.2681,2.855,0,0
2026-01-01 19:45:00,SYN-02,0.2437,0.2403,0.1931,0.2269,3.236,0,0
2026-01-01 19:46:00,SYN-03,0.2691,0.2427,0.1803,0.2337,3.212,0,0
2026-01-01 19:47:00,SYN-04,0.2187,0.296,0.203,0.2427,3.088,0,0
2026-01-01 19:48:00,SYN-01,0.1853,0.2867,0.1701,0.2202,3.034,0,0
2026-01-01 19:49:00,SYN-02,0.2157,0.2971,0.2329,0.251,2.883,0,0
2026-01-01 19:50:00,SYN-03,0.2167,0.2678,0.1917,0.2276,2.864,0,0
2026-01-01 19:51:00,SYN-04,0.2388,0.316,0.2079,0.2583,2.967,0,0
2026-01-01 19:52:00,SYN-01,0.2758,0.2574,0.178,0.2408,2.732,0,0
2026-01-01 19:53:00,SYN-02,0.2449,0.2517,0.1685,0.2249,2.758,0,0
2026-01-01 19:54:00,SYN-03,0.2086,0.2741,0.172,0.2223,2.955,0,0
2026-01-01 19:55:00,SYN-04,0.2497,0.3038,0.2054,0.2562,2.828,0,0
2026-01-01 19:56:00,SYN-01,0.2331,0.3089,0.1853,0.2477,3.297,0,0
2026-01-01 19:57:00,SYN-02,0.2265,0.2945,0.1611,0.2338,2.999,0,0
2026-01-01 19:58:00,SYN-03,0.1771,0.2726,0.1665,0.2109,2.964,0,0
2026-01-01 19:59:00,SYN-04,0.2424,0.335,0.2001,0.2652,3.165,0,0
2026-01-01 20:00:00,SYN-01,0.2245,0.248,0.1702,0.2167,3.035,0,0
2026-01-01 20:01:00,SYN-02,0.209,0.3075,0.2008,0.2439,3.023,0,0
2026-01-01 20:02:00,SYN-03,0.1957,0.2766,0.1884,0.2239,3.005,0,0
2026-01-01 20:03:00,SYN-04,0.229,0.3005,0.2116,0.25,2.884,0,0
2026-01-01 20:04:00,SYN-01,0.2542,0.2629,0.2024,0.2413,3.289,0,0
2026-01-01 20:05:00,SYN-02,0.2235,0.3053,0.1751,0.2407,2.85,0,0
2026-01-01 20:06:00,SYN-03,0.4433,0.7015,0.7152,0.6325,7.982,1,1
2026-01-01 20:07:00,SYN-04,0.2655,0.2983,0.2039,0.2589,3.036,0,0
2026-01-01 20:08:00,SYN-01,0.2192,0.2451,0.2113,0.2257,3.048,0,0
2026-01-01 20:09:00,SYN-02,0.2473,0.273,0.1982,0.2415,3.187,0,0
2026-01-01 20:10:00,SYN-03,0.2251,0.3148,0.1642,0.2427,2.84,0,0
2026-01-01 20:11:00,SYN-04,0.2302,0.2999,0.1903,0.2444,3.092,0,0
2026-01-01 20:12:00,SYN-01,0.2499,0.3436,0.2211,0.2766,2.777,0,0
2026-01-01 20:13:00,SYN-02,0.2412,0.2997,0.1785,0.2449,3.027,0,0
2026-01-01 20:14:00,SYN-03,0.1975,0.2228,0.1814,0.2013,3.016,0,0
2026-01-01 20:15:00,SYN-04,0.2208,0.2708,0.21,0.2354,2.815,0,0
2026-01-01 20:16:00,SYN-01,0.2264,0.2952,0.1726,0.2368,3.114,0,0
2026-01-01 20:17:00,SYN-02,0.2028,0.2918,0.1701,0.2274,2.953,0,0
2026-01-01 20:18:00,SYN-03,0.2266,0.2661,0.1763,0.226,3.04,0,0
2026-01-01 20:19:00,SYN-04,0.2358,0.2879,0.1901,0.2412,3.115,0,0
2026-01-01 20:20:00,SYN-01,0.1788,0.2937,0.1683,0.221,2.994,0,0
2026-01-01 20:21:00,SYN-02,0.2352,0.3014,0.1548,0.2381,2.91,0,0
2026-01-01 20:22:00,SYN-03,0.2471,0.294,0.1777,0.2443,3.144,0,0
2026-01-01 20:23:00,SYN-04,0.2609,0.3153,0.1978,0.2624,2.889,0,0
2026-01-01 20:24:00,SYN-01,0.1745,0.2898,0.2207,0.2332,3.025,0,0
2026-01-01 20:25:00,SYN-02,0.2457,0.2664,0.2267,0.2468,2.891,0,0
2026-01-01 20:26:00,SYN-03,0.217,0.2662,0.2008,0.2297,3.147,0,0
2026-01-01 20:27:00,SYN-04,0.1953,0.3022,0.1517,0.2255,2.83,0,0
2026-01-01 20:28:00,SYN-01,0.254,0.3056,0.2329,0.2659,2.907,0,0
2026-01-01 20:29:00,SYN-02,0.2101,0.2304,0.1863,0.2097,2.939,0,0
2026-01-01 20:30:00,SYN-03,0.2401,0.236,0.1986,0.2257,3.117,0,0
2026-01-01 20:31:00,SYN-04,0.2404,0.2533,0.1596,0.2217,2.856,0,0
2026-01-01 20:32:00,SYN-01,0.2333,0.2443,0.1857,0.2225,3.107,0,0
2026-01-01 20:33:00,SYN-02,0.6452,0.9334,0.484,0.7122,9.728,1,1
2026-01-01 20:34:00,SYN-03,0.2252,0.2803,0.1737,0.2305,3.039,0,0
2026-01-01 20:35:00,SYN-04,0.2139,0.2729,0.2052,0.2326,2.853,0,0
2026-01-01 20:36:00,SYN-01,0.2292,0.3262,0.179,0.2523,2.947,0,0
2026-01-01 20:37:00,SYN-02,0.14,0.2666,0.2153,0.2137,3.171,0,0
2026-01-01 20:38:00,SYN-03,0.8635,0.6791,0.6382,0.7335,9.931,1,1
2026-01-01 20:39:00,SYN-04,0.1813,0.3171,0.1669,0.2319,2.921,0,0
2026-01-01 20:40:00,SYN-01,0.2246,0.3094,0.1724,0.2421,3.102,0,0
2026-01-01 20:41:00,SYN-02,0.2257,0.2965,0.1952,0.2429,2.995,0,0
2026-01-01 20:42:00,SYN-03,0.2284,0.2599,0.1685,0.2222,3.124,0,0
2026-01-01 20:43:00,SYN-04,0.2395,0.2816,0.1884,0.2396,3.166,0,0
2026-01-01 20:44:00,SYN-01,0.2108,0.2817,0.1828,0.2289,2.766,0,0
2026-01-01 20:45:00,SYN-02,0.2285,0.3132,0.1931,0.2501,2.877,0,0
2026-01-01 20:46:00,SYN-03,0.2804,0.2979,0.186,0.2595,3.153,0,0
2026-01-01 20:47:00,SYN-04,0.2203,0.3168,0.1962,0.2499,3.244,0,0
2026-01-01 20:48:00,SYN-01,0.2139,0.2729,0.2031,0.232,2.686,0,0
2026-01-01 20:49:00,SYN-02,0.2511,0.2672,0.2312,0.2503,2.961,0,0
2026-01-01 20:50:00,SYN-03,0.1969,0.3613,0.208,0.2662,2.832,0,0
2026-01-01 20:51:00,SYN-04,0.2391,0.2722,0.2065,0.2408,3.137,0,0
2026-01-01 20:52:00,SYN-01,0.2293,0.28,0.1831,0.2342,3.083,0,0
2026-01-01 20:53:00,SYN-02,0.2142,0.2909,0.1542,0.2268,2.927,0,0
2026-01-01 20:54:00,SYN-03,0.2092,0.2834,0.1882,0.2306,2.924,0,0
2026-01-01 20:55:00,SYN-04,0.2184,0.265,0.1746,0.2224,2.943,0,0
2026-01-01 20:56:00,SYN-01,0.2452,0.3021,0.2023,0.2532,2.865,0,0
2026-01-01 20:57:00,SYN-02,0.2848,0.2372,0.2,0.2432,2.94,0,0
2026-01-01 20:58:00,SYN-03,0.2358,0.3159,0.1886,0.2523,3.179,0,0
2026-01-01 20:59:00,SYN-04,0.2248,0.2926,0.1936,0.2406,2.903,0,0
2026-01-01 21:00:00,SYN-01,0.2125,0.3088,0.1814,0.2404,3.233,0,0
2026-01-01 21:01:00,SYN-02,0.2147,0.317,0.1869,0.246,3.11,0,0
2026-01-01 21:02:00,SYN-03,0.2395,0.279,0.1902,0.239,2.983,0,0
2026-01-01 21:03:00,SYN-04,0.1979,0.3091,0.1751,0.2348,2.911,0,0
2026-01-01 21:04:00,SYN-01,0.2603,0.2847,0.2017,0.2513,3.079,0,0
2026-01-01 21:05:00,SYN-02,0.2577,0.266,0.201,0.2433,2.912,0,0
2026-01-01 21:06:00,SYN-03,0.2348,0.2858,0.1849,0.2387,2.942,0,0
2026-01-01 21:07:00,SYN-04,0.193,0.2826,0.2289,0.2377,2.855,0,0
2026-01-01 21:08:00,SYN-01,0.2131,0.2889,0.193,0.2353,2.777,0,0
2026-01-01 21:09:00,SYN-02,0.4543,1.0275,0.5349,0.7184,9.623,1,1
2026-01-01 21:10:00,SYN-03,0.2476,0.2778,0.1911,0.2415,3.12,0,0
2026-01-01 21:11:00,SYN-04,0.2668,0.2686,0.2021,0.2477,2.884,0,0
2026-01-01 21:12:00,SYN-01,0.243,0.329,0.217,0.2673,3.136,0,0
2026-01-01 21:13:00,SYN-02,0.2012,0.2763,0.1816,0.2235,3.031,0,0
2026-01-01 21:14:00,SYN-03,0.281,0.3012,0.186,0.2609,2.703,0,0
2026-01-01 21:15:00,SYN-04,0.2217,0.2836,0.2123,0.2413,2.858,0,0
2026-01-01 21:16:00,SYN-01,0.2111,0.2695,0.2163,0.2338,3.127,0,0
2026-01-01 21:17:00,SYN-02,0.2798,0.3024,0.2001,0.2644,2.794,0,0
2026-01-01 21:18:00,SYN-03,0.2161,0.3207,0.1962,0.2503,3.062,0,0
2026-01-01 21:19:00,SYN-04,0.2432,0.2573,0.1909,0.2322,3.227,0,0
2026-01-01 21:20:00,SYN-01,0.2048,0.2791,0.1732,0.2235,3.04,0,0
2026-01-01 21:21:00,SYN-02,0.1914,0.3203,0.1734,0.2376,3.101,0,0
2026-01-01 21:22:00,SYN-03,0.2316,0.2541,0.1915,0.2272,3.006,0,0
2026-01-01 21:23:00,SYN-04,0.2538,0.288,0.2119,0.2531,3.001,0,0
2026-01-01 21:24:00,SYN-01,0.2133,0.2651,0.1603,0.2172,2.774,0,0
2026-01-01 21:25:00,SYN-02,0.2557,0.3005,0.1842,0.2514,2.808,0,0
2026-01-01 21:26:00,SYN-03,0.2028,0.2367,0.2307,0.2239,2.875,0,0
2026-01-01 21:27:00,SYN-04,0.26,0.2365,0.2209,0.2397,3.033,0,0
2026-01-01 21:28:00,SYN-01,0.2529,0.3052,0.1843,0.2524,2.653,0,0
2026-01-01 21:29:00,SYN-02,0.2607,0.3374,0.2054,0.2733,2.828,0,0
2026-01-01 21:30:00,SYN-03,0.5771,0.6348,0.6905,0.6358,8.276,1,1
2026-01-01 21:31:00,SYN-04,0.1995,0.2774,0.185,0.2243,2.954,0,0
2026-01-01 21:32:00,SYN-01,0.2105,0.2709,0.1921,0.227,2.877,0,0
2026-01-01 21:33:00,SYN-02,0.226,0.2601,0.2066,0.232,3.031,0,0
2026-01-01 21:34:00,SYN-03,0.1811,0.2901,0.1917,0.2263,2.862,0,0
2026-01-01 21:35:00,SYN-04,0.2531,0.2784,0.1538,0.2347,2.718,0,0
2026-01-01 21:36:00,SYN-01,0.2301,0.2927,0.2059,0.2457,2.946,0,0
2026-01-01 21:37:00,SYN-02,0.2034,0.2919,0.1817,0.2306,2.986,0,0
2026-01-01 21:38:00,SYN-03,0.2352,0.2843,0.2,0.2423,2.91,0,0
2026-01-01 21:39:00,SYN-04,0.2689,0.3226,0.2087,0.2707,2.848,0,0
2026-01-01 21:40:00,SYN-01,0.8503,1.095,0.5959,0.8712,12.39,1,1
2026-01-01 21:41:00,SYN-02,0.195,0.314,0.1524,0.2308,2.837,0,0
2026-01-01 21:42:00,SYN-03,0.2487,0.2933,0.2327,0.2595,2.96,0,0
2026-01-01 21:43:00,SYN-04,0.2369,0.289,0.1677,0.2365,3.224,0,0
2026-01-01 21:44:00,SYN-01,0.2417,0.2659,0.2236,0.2444,2.948,0,0
2026-01-01 21:45:00,SYN-02,0.2459,0.2737,0.1612,0.2319,3.061,0,0
2026-01-01 21:46:00,SYN-03,0.2129,0.351,0.2384,0.2741,3.391,0,0
2026-01-01 21:47:00,SYN-04,0.2607,0.2616,0.1781,0.2367,2.767,0,0
2026-01-01 21:48:00,SYN-01,0.2056,0.275,0.1739,0.2222,3.019,0,0
2026-01-01 21:49:00,SYN-02,0.255,0.3244,0.1875,0.2617,2.948,0,0
2026-01-01 21:50:00,SYN-03,0.2108,0.2925,0.2043,0.2393,2.914,0,0
2026-01-01 21:51:00,SYN-04,0.2121,0.2885,0.18,0.2314,2.955,0,0
2026-01-01 21:52:00,SYN-01,0.2644,0.3223,0.2126,0.2702,3.024,0,0
2026-01-01 21:53:00,SYN-02,0.2422,0.3219,0.2121,0.2628,2.938,0,0
2026-01-01 21:54:00,SYN-03,0.2309,0.3221,0.2204,0.2618,2.842,0,0
2026-01-01 21:55:00,SYN-04,0.2269,0.2799,0.1628,0.2283,3.082,0,0
2026-01-01 21:56:00,SYN-01,0.2113,0.2791,0.1758,0.2261,2.919,0,0
2026-01-01 21:57:00,SYN-02,0.2223,0.2735,0.1819,0.229,2.855,0,0
2026-01-01 21:58:00,SYN-03,0.2343,0.3043,0.2039,0.2511,3.112,0,0
2026-01-01 21:59:00,SYN-04,0.2398,0.3103,0.1935,0.2525,3.049,0,0
2026-01-01 22:00:00,SYN-01,0.1962,0.2973,0.1759,0.2294,2.78,0,0
2026-01-01 22:01:00,SYN-02,0.2102,0.3063,0.2074,0.2457,2.966,0,0
2026-01-01 22:02:00,SYN-03,0.1931,0.3013,0.1851,0.2327,2.955,0,0
2026-01-01 22:03:00,SYN-04,0.2768,0.2402,0.1673,0.2326,2.828,0,0
2026-01-01 22:04:00,SYN-01,0.2172,0.3113,0.2079,0.2499,3.031,0,0
2026-01-01 22:05:00,SYN-02,0.2721,0.2943,0.2054,0.26,2.895,0,0
2026-01-01 22:06:00,SYN-03,0.2307,0.36,0.2337,0.2813,2.926,0,0
2026-01-01 22:07:00,SYN-04,0.2497,0.2826,0.2076,0.2485,2.991,0,0
2026-01-01 22:08:00,SYN-01,0.2067,0.2719,0.2077,0.2308,3.091,0,0
2026-01-01 22:09:00,SYN-02,0.1924,0.3,0.2182,0.2413,2.688,0,0
2026-01-01 22:10:00,SYN-03,0.264,0.3453,0.2146,0.2799,3.115,0,0
2026-01-01 22:11:00,SYN-04,0.2342,0.3414,0.1777,0.2601,2.982,0,0
2026-01-01 22:12:00,SYN-01,0.2451,0.3337,0.2008,0.2657,2.64,0,0
2026-01-01 22:13:00,SYN-02,0.2524,0.3339,0.2228,0.2738,3.159,0,0
2026-01-01 22:14:00,SYN-03,0.2557,0.283,0.1882,0.2455,3.065,0,0
2026-01-01 22:15:00,SYN-04,0.2473,0.3311,0.1791,0.26,3.334,0,0
2026-01-01 22:16:00,SYN-01,0.2391,0.2828,0.1765,0.2368,2.843,0,0
2026-01-01 22:17:00,SYN-02,0.2438,0.2944,0.179,0.2437,2.985,0,0
2026-01-01 22:18:00,SYN-03,0.2133,0.3083,0.164,0.2363,2.998,0,0
2026-01-01 22:19:00,SYN-04,0.2056,0.3285,0.1965,0.2508,3.004,0,0
2026-01-01 22:20:00,SYN-01,0.2745,0.3018,0.1641,0.2539,3.128,0,0
2026-01-01 22:21:00,SYN-02,0.195,0.2717,0.1845,0.2205,2.953,0,0
2026-01-01 22:22:00,SYN-03,0.2465,0.2904,0.1903,0.2458,2.951,0,0
2026-01-01 22:23:00,SYN-04,0.236,0.2909,0.1728,0.2382,3.046,0,0
2026-01-01 22:24:00,SYN-01,0.2013,0.2889,0.1638,0.2242,2.96,0,0
2026-01-01 22:25:00,SYN-02,0.1714,0.3291,0.2023,0.244,3.024,0,0
2026-01-01 22:26:00,SYN-03,0.2487,0.3257,0.2132,0.2667,2.663,0,0
2026-01-01 22:27:00,SYN-04,0.2218,0.3243,0.1638,0.2457,3.127,0,0
2026-01-01 22:28:00,SYN-01,0.244,0.3144,0.158,0.2472,2.714,0,0
2026-01-01 22:29:00,SYN-02,0.249,0.2752,0.1974,0.2427,3.105,0,0
2026-01-01 22:30:00,SYN-03,0.2635,0.2913,0.1858,0.2509,3.169,0,0
2026-01-01 22:31:00,SYN-04,0.2468,0.2983,0.1957,0.2504,3.328,0,0
2026-01-01 22:32:00,SYN-01,0.2598,0.3047,0.1787,0.2532,2.949,0,0
2026-01-01 22:33:00,SYN-02,0.2563,0.3204,0.1562,0.2535,2.972,0,0
2026-01-01 22:34:00,SYN-03,0.2579,0.2925,0.2045,0.2542,2.86,0,0
2026-01-01 22:35:00,SYN-04,0.2404,0.3179,0.1844,0.2535,2.997,0,0
2026-01-01 22:36:00,SYN-01,0.2343,0.2807,0.1817,0.2357,3.049,0,0
2026-01-01 22:37:00,SYN-02,0.2576,0.2953,0.1972,0.2533,3.081,0,0
2026-01-01 22:38:00,SYN-03,0.223,0.2933,0.1751,0.2355,2.871,0,0
2026-01-01 22:39:00,SYN-04,0.2363,0.2781,0.1952,0.2389,3.101,0,0
2026-01-01 22:40:00,SYN-01,0.5503,1.0603,0.6827,0.7944,11.099,1,1
2026-01-01 22:41:00,SYN-02,0.2849,0.3154,0.1913,0.2691,3.001,0,0
2026-01-01 22:42:00,SYN-03,0.2078,0.2628,0.1926,0.2231,3.066,0,0
2026-01-01 22:43:00,SYN-04,0.2568,0.3357,0.2101,0.2725,2.947,0,0
2026-01-01 22:44:00,SYN-01,0.2131,0.2199,0.2421,0.2254,2.902,0,0
2026-01-01 22:45:00,SYN-02,0.277,0.2992,0.2047,0.2634,3.054,0,0
2026-01-01 22:46:00,SYN-03,0.2719,0.3316,0.205,0.2744,3.192,0,0
2026-01-01 22:47:00,SYN-04,0.2059,0.2788,0.2036,0.2321,2.95,0,0
2026-01-01 22:48:00,SYN-01,0.2224,0.2581,0.165,0.2185,3.071,0,0
2026-01-01 22:49:00,SYN-02,0.28,0.2554,0.2306,0.2561,3.019,0,0
2026-01-01 22:50:00,SYN-03,0.2193,0.2872,0.1976,0.2378,3.069,0,0
2026-01-01 22:51:00,SYN-04,0.6945,0.8775,0.5154,0.7113,9.348,1,1
2026-01-01 22:52:00,SYN-01,0.2252,0.2964,0.1859,0.2402,3.28,0,0
2026-01-01 22:53:00,SYN-02,0.2809,0.3403,0.2071,0.2814,3.297,0,0
2026-01-01 22:54:00,SYN-03,0.1742,0.2416,0.1952,0.2056,3.081,0,0
2026-01-01 22:55:00,SYN-04,0.2563,0.3164,0.2104,0.2646,2.931,0,0
2026-01-01 22:56:00,SYN-01,0.2433,0.2877,0.1713,0.239,3.018,0,0
2026-01-01 22:57:00,SYN-02,0.2265,0.2969,0.1938,0.2429,3.288,0,0
2026-01-01 22:58:00,SYN-03,0.2353,0.2824,0.2182,0.2468,3.15,0,0
2026-01-01 22:59:00,SYN-04,0.1912,0.2976,0.2169,0.2395,3.351,0,0
2026-01-01 23:00:00,SYN-01,0.2362,0.3635,0.2251,0.282,2.874,0,0
2026-01-01 23:01:00,SYN-02,0.6276,0.8241,0.6661,0.711,9.406,1,1
2026-01-01 23:02:00,SYN-03,0.2307,0.2722,0.2205,0.2422,3.014,0,0
2026-01-01 23:03:00,SYN-04,0.2545,0.2921,0.1739,0.2452,3.026,0,0
2026-01-01 23:04:00,SYN-01,0.2398,0.3606,0.1676,0.2681,2.96,0,0
2026-01-01 23:05:00,SYN-02,0.237,0.3321,0.1796,0.2574,2.829,0,0
2026-01-01 23:06:00,SYN-03,0.2421,0.2426,0.2013,0.2295,2.942,0,0
2026-01-01 23:07:00,SYN-04,0.2808,0.3179,0.1697,0.2638,3.228,0,0
2026-01-01 23:08:00,SYN-01,0.2781,0.2971,0.2125,0.2651,2.995,0,0
2026-01-01 23:09:00,SYN-02,0.2158,0.3018,0.2351,0.2536,3.163,0,0
2026-01-01 23:10:00,SYN-03,0.2379,0.3263,0.2127,0.2635,3.08,0,0
2026-01-01 23:11:00,SYN-04,0.209,0.3232,0.1885,0.2474,3.142,0,0
2026-01-01 23:12:00,SYN-01,0.2423,0.31,0.2238,0.2613,2.903,0,0
2026-01-01 23:13:00,SYN-02,0.1892,0.2723,0.1799,0.2178,2.794,0,0
2026-01-01 23:14:00,SYN-03,0.2339,0.2595,0.1891,0.2293,3.028,0,0
2026-01-01 23:15:00,SYN-04,0.2692,0.2557,0.2066,0.2453,2.665,0,0
2026-01-01 23:16:00,SYN-01,0.2265,0.287,0.172,0.2333,2.753,0,0
2026-01-01 23:17:00,SYN-02,0.2292,0.3508,0.1756,0.2623,3.053,0,0
2026-01-01 23:18:00,SYN-03,0.2367,0.3531,0.1896,0.2687,2.859,0,0
2026-01-01 23:19:00,SYN-04,0.2045,0.3277,0.1649,0.2425,2.98,0,0
2026-01-01 23:20:00,SYN-01,0.2635,0.2896,0.2053,0.2552,2.951,0,0
2026-01-01 23:21:00,SYN-02,0.2419,0.3421,0.2022,0.2686,2.885,0,0
2026-01-01 23:22:00,SYN-03,0.2517,0.2225,0.2183,0.2313,2.843,0,0
2026-01-01 23:23:00,SYN-04,0.2073,0.2509,0.2002,0.2206,3.221,0,0
2026-01-01 23:24:00,SYN-01,0.2765,0.2789,0.1956,0.2533,3.472,0,0
2026-01-01 23:25:00,SYN-02,0.2531,0.2909,0.1992,0.2506,3.242,0,0
2026-01-01 23:26:00,SYN-03,0.2438,0.2537,0.1543,0.2218,2.58,0,0
2026-01-01 23:27:00,SYN-04,0.2447,0.2674,0.1952,0.2377,3.149,0,0
2026-01-01 23:28:00,SYN-01,0.2272,0.3455,0.1986,0.2648,3.089,0,0
2026-01-01 23:29:00,SYN-02,0.2168,0.3019,0.233,0.2533,3.213,0,0
2026-01-01 23:30:00,SYN-03,0.2599,0.3369,0.2336,0.2803,3.113,0,0
2026-01-01 23:31:00,SYN-04,0.2584,0.3416,0.2154,0.2768,2.76,0,0
2026-01-01 23:32:00,SYN-01,0.2209,0.2553,0.1901,0.2237,2.807,0,0
2026-01-01 23:33:00,SYN-02,0.1913,0.3249,0.2156,0.2507,3.107,0,0
2026-01-01 23:34:00,SYN-03,0.2426,0.2847,0.1962,0.2438,3.071,0,0
2026-01-01 23:35:00,SYN-04,0.222,0.309,0.2012,0.2485,3.109,0,0
2026-01-01 23:36:00,SYN-01,0.2356,0.2869,0.2409,0.2555,3.03,0,0
2026-01-01 23:37:00,SYN-02,0.2112,0.309,0.1988,0.2447,2.789,0,0
2026-01-01 23:38:00,SYN-03,0.264,0.3137,0.1868,0.2601,3.16,0,0
2026-01-01 23:39:00,SYN-04,0.2259,0.3139,0.183,0.247,2.968,0,0
2026-01-01 23:40:00,SYN-01,0.262,0.2971,0.2204,0.2617,3.191,0,0
2026-01-01 23:41:00,SYN-02,0.2184,0.3128,0.2223,0.2549,2.815,0,0
2026-01-01 23:42:00,SYN-03,0.2223,0.3548,0.2184,0.2726,2.946,0,0
2026-01-01 23:43:00,SYN-04,0.2085,0.3111,0.2133,0.2488,3.151,0,0
2026-01-01 23:44:00,SYN-01,0.2417,0.2986,0.2123,0.2534,3.009,0,0
2026-01-01 23:45:00,SYN-02,0.2582,0.3066,0.1771,0.253,3.05,0,0
2026-01-01 23:46:00,SYN-03,0.2212,0.2975,0.2229,0.2497,2.996,0,0
2026-01-01 23:47:00,SYN-04,0.2349,0.2786,0.2348,0.2503,2.929,0,0
2026-01-01 23:48:00,SYN-01,0.2418,0.3177,0.1653,0.2495,3.056,0,0
2026-01-01 23:49:00,SYN-02,0.2556,0.2882,0.2159,0.255,3.18,0,0
2026-01-01 23:50:00,SYN-03,0.1964,0.3412,0.1837,0.2508,3.016,0,0
2026-01-01 23:51:00,SYN-04,0.2129,0.2694,0.2468,0.2441,2.827,0,0
2026-01-01 23:52:00,SYN-01,0.2458,0.3497,0.2073,0.2743,2.828,0,0
2026-01-01 23:53:00,SYN-02,0.2117,0.2818,0.1943,0.2324,3.142,0,0
2026-01-01 23:54:00,SYN-03,0.2359,0.3306,0.1922,0.2594,2.995,0,0
2026-01-01 23:55:00,SYN-04,0.2755,0.3042,0.2112,0.2665,3.196,0,0
2026-01-01 23:56:00,SYN-01,0.2272,0.3634,0.2008,0.2733,3.241,0,0
2026-01-01 23:57:00,SYN-02,0.2382,0.2732,0.1755,0.2325,2.794,0,0
2026-01-01 23:58:00,SYN-03,0.2463,0.3076,0.2075,0.2571,3.059,0,0
2026-01-01 23:59:00,SYN-04,0.2337,0.3269,0.1751,0.2531,3.051,0,0
2026-01-02 00:00:00,SYN-01,0.1775,0.3037,0.2153,0.2381,2.777,0,0
2026-01-02 00:01:00,SYN-02,0.2759,0.3368,0.181,0.2722,2.939,0,0
2026-01-02 00:02:00,SYN-03,0.2064,0.3182,0.2,0.2475,3.172,0,0
2026-01-02 00:03:00,SYN-04,0.2099,0.3062,0.196,0.2424,3.034,0,0
2026-01-02 00:04:00,SYN-01,0.2342,0.3279,0.2067,0.2615,3.283,0,0
2026-01-02 00:05:00,SYN-02,0.2664,0.2667,0.2163,0.2509,2.958,0,0
2026-01-02 00:06:00,SYN-03,0.2173,0.3086,0.2546,0.2628,3.128,0,0
2026-01-02 00:07:00,SYN-04,0.2755,0.3291,0.233,0.2819,3.156,0,0
2026-01-02 00:08:00,SYN-01,0.2366,0.3193,0.2067,0.2586,3.038,0,0
2026-01-02 00:09:00,SYN-02,0.2336,0.336,0.198,0.2625,2.947,0,0
2026-01-02 00:10:00,SYN-03,0.2315,0.2986,0.1821,0.2422,3.069,0,0
2026-01-02 00:11:00,SYN-04,0.2366,0.3304,0.1774,0.256,2.861,0,0
2026-01-02 00:12:00,SYN-01,0.192,0.2997,0.2084,0.2381,2.953,0,0
2026-01-02 00:13:00,SYN-02,0.2612,0.3397,0.2023,0.2736,3.095,0,0
2026-01-02 00:14:00,SYN-03,0.2662,0.3723,0.2379,0.2978,2.902,0,0
2026-01-02 00:15:00,SYN-04,0.2253,0.2824,0.1925,0.2363,2.844,0,0
2026-01-02 00:16:00,SYN-01,0.2288,0.3543,0.1719,0.263,3.239,0,0
2026-01-02 00:17:00,SYN-02,0.6845,0.9975,0.4274,0.7408,10.125,1,1
2026-01-02 00:18:00,SYN-03,0.2581,0.2708,0.1966,0.244,3.301,0,0
2026-01-02 00:19:00,SYN-04,0.2228,0.3151,0.1639,0.242,3.237,0,0
2026-01-02 00:20:00,SYN-01,0.7161,0.5825,0.4584,0.595,7.543,1,1
2026-01-02 00:21:00,SYN-02,0.1763,0.3603,0.2272,0.2661,3.077,0,0
2026-01-02 00:22:00,SYN-03,0.2022,0.3059,0.2064,0.243,2.966,0,0
2026-01-02 00:23:00,SYN-04,0.2559,0.3095,0.1849,0.2552,2.939,0,0
2026-01-02 00:24:00,SYN-01,0.2477,0.3001,0.1454,0.2398,2.912,0,0
2026-01-02 00:25:00,SYN-02,0.2362,0.2997,0.1876,0.2455,2.923,0,0
2026-01-02 00:26:00,SYN-03,0.2279,0.2897,0.2166,0.2469,3.292,0,0
2026-01-02 00:27:00,SYN-04,0.2426,0.3024,0.2102,0.2546,2.933,0,0
2026-01-02 00:28:00,SYN-01,0.2309,0.3197,0.2301,0.2636,2.658,0,0
2026-01-02 00:29:00,SYN-02,0.2383,0.3475,0.2133,0.2727,3.025,0,0
2026-01-02 00:30:00,SYN-03,0.2373,0.3044,0.2116,0.2541,2.896,0,0
2026-01-02 00:31:00,SYN-04,0.2619,0.334,0.2043,0.272,3.16,0,0
2026-01-02 00:32:00,SYN-01,0.223,0.3263,0.1716,0.2488,2.99,0,0
2026-01-02 00:33:00,SYN-02,0.2664,0.2898,0.2111,0.2579,2.85,0,0
2026-01-02 00:34:00,SYN-03,0.2301,0.2578,0.2182,0.2359,3.092,0,0
2026-01-02 00:35:00,SYN-04,0.2212,0.3193,0.2601,0.2699,3.015,0,0
2026-01-02 00:36:00,SYN-01,0.2246,0.3209,0.2337,0.2634,3.241,0,0
2026-01-02 00:37:00,SYN-02,0.2358,0.2743,0.2201,0.2445,2.913,0,0
2026-01-02 00:38:00,SYN-03,0.2377,0.2942,0.2102,0.2498,2.822,0,0
2026-01-02 00:39:00,SYN-04,0.2438,0.3251,0.199,0.2613,2.833,0,0
2026-01-02 00:40:00,SYN-01,0.2525,0.3303,0.1801,0.2616,3.029,0,0
2026-01-02 00:41:00,SYN-02,0.2314,0.2962,0.2176,0.2507,3.263,0,0
2026-01-02 00:42:00,SYN-03,0.2271,0.2832,0.2036,0.2403,2.813,0,0
2026-01-02 00:43:00,SYN-04,0.239,0.3173,0.1533,0.2459,3.021,0,0
2026-01-02 00:44:00,SYN-01,0.2719,0.2556,0.1661,0.2358,3.216,0,0
2026-01-02 00:45:00,SYN-02,0.2482,0.2782,0.2009,0.2445,2.946,0,0
2026-01-02 00:46:00,SYN-03,0.2521,0.2937,0.2099,0.2542,3.151,0,0
2026-01-02 00:47:00,SYN-04,0.2129,0.3629,0.1699,0.262,3.18,0,0
2026-01-02 00:48:00,SYN-01,0.2597,0.3415,0.2166,0.2775,3.08,0,0
2026-01-02 00:49:00,SYN-02,0.2692,0.3381,0.1918,0.273,3.181,0,0
2026-01-02 00:50:00,SYN-03,0.2646,0.2842,0.2018,0.2526,3.174,0,0
2026-01-02 00:51:00,SYN-04,0.2251,0.2903,0.1947,0.24,3.002,0,0
2026-01-02 00:52:00,SYN-01,0.2038,0.3681,0.2268,0.276,2.752,0,0
2026-01-02 00:53:00,SYN-02,0.25,0.2726,0.2187,0.2481,2.889,0,0
2026-01-02 00:54:00,SYN-03,0.2933,0.3335,0.1848,0.2777,3.018,0,0
2026-01-02 00:55:00,SYN-04,0.2213,0.257,0.1847,0.223,3.083,0,0
2026-01-02 00:56:00,SYN-01,0.219,0.3219,0.1823,0.2482,3.071,0,0
2026-01-02 00:57:00,SYN-02,0.2035,0.3018,0.2104,0.2427,2.826,0,0
2026-01-02 00:58:00,SYN-03,0.2276,0.2994,0.1852,0.242,2.946,0,0
2026-01-02 00:59:00,SYN-04,0.2014,0.2659,0.2188,0.2303,2.818,0,0
2026-01-02 01:00:00,SYN-01,0.2125,0.3,0.2042,0.2428,3.258,0,0
2026-01-02 01:01:00,SYN-02,0.2477,0.3321,0.2064,0.2673,3.032,0,0
2026-01-02 01:02:00,SYN-03,0.2665,0.3029,0.202,0.2605,3.088,0,0
2026-01-02 01:03:00,SYN-04,0.2105,0.3106,0.23,0.2541,3.1,0,0
2026-01-02 01:04:00,SYN-01,0.2269,0.3486,0.2174,0.271,2.994,0,0
2026-01-02 01:05:00,SYN-02,0.2509,0.258,0.1793,0.2321,3.143,0,0
2026-01-02 01:06:00,SYN-03,0.2534,0.35,0.1956,0.2739,3.304,0,0
2026-01-02 01:07:00,SYN-04,0.2574,0.3027,0.1951,0.2556,2.888,0,0
2026-01-02 01:08:00,SYN-01,0.6411,0.8113,0.6124,0.6938,9.249,1,1
2026-01-02 01:09:00,SYN-02,0.2014,0.2742,0.1997,0.2278,3.302,0,0
2026-01-02 01:10:00,SYN-03,0.2555,0.3415,0.2062,0.2735,2.846,0,0
2026-01-02 01:11:00,SYN-04,0.2383,0.3454,0.2262,0.2752,2.865,0,0
2026-01-02 01:12:00,SYN-01,0.248,0.2776,0.1895,0.2412,3.005,0,0
2026-01-02 01:13:00,SYN-02,0.2172,0.3229,0.213,0.2561,3.008,0,0
2026-01-02 01:14:00,SYN-03,0.2433,0.3524,0.2438,0.2845,3.008,0,0
2026-01-02 01:15:00,SYN-04,0.1904,0.3307,0.2121,0.2521,2.809,0,0
2026-01-02 01:16:00,SYN-01,0.2742,0.3342,0.2331,0.2836,3.14,0,0
2026-01-02 01:17:00,SYN-02,0.2872,0.2691,0.2488,0.2689,3.1,0,0
2026-01-02 01:18:00,SYN-03,0.229,0.3253,0.1745,0.2508,2.814,0,0
2026-01-02 01:19:00,SYN-04,0.2571,0.347,0.2008,0.275,3.024,0,0
2026-01-02 01:20:00,SYN-01,0.2285,0.3076,0.192,0.2475,3.051,0,0
2026-01-02 01:21:00,SYN-02,0.2603,0.3237,0.2281,0.2736,2.841,0,0
2026-01-02 01:22:00,SYN-03,0.26,0.2919,0.2119,0.2567,2.849,0,0
2026-01-02 01:23:00,SYN-04,0.2387,0.3372,0.172,0.2584,2.985,0,0
2026-01-02 01:24:00,SYN-01,0.2501,0.2957,0.1744,0.2452,2.988,0,0
2026-01-02 01:25:00,SYN-02,0.246,0.3017,0.2082,0.2549,2.806,0,0
2026-01-02 01:26:00,SYN-03,0.2769,0.32,0.2156,0.2742,2.914,0,0
2026-01-02 01:27:00,SYN-04,0.2544,0.3046,0.1779,0.2511,2.968,0,0
2026-01-02 01:28:00,SYN-01,0.2274,0.3127,0.1967,0.2504,2.975,0,0
2026-01-02 01:29:00,SYN-02,0.2295,0.2934,0.22,0.2498,3.17,0,0
2026-01-02 01:30:00,SYN-03,0.188,0.322,0.1967,0.2434,3.061,0,0
2026-01-02 01:31:00,SYN-04,0.2366,0.2949,0.2189,0.2522,3.01,0,0
2026-01-02 01:32:00,SYN-01,0.2297,0.2839,0.1806,0.2352,3.001,0,0
2026-01-02 01:33:00,SYN-02,0.6233,1.1048,0.7048,0.8378,11.637,1,1
2026-01-02 01:34:00,SYN-03,0.2238,0.3085,0.2291,0.2567,2.955,0,0
2026-01-02 01:35:00,SYN-04,0.2597,0.2485,0.2288,0.246,3.293,0,0
2026-01-02 01:36:00,SYN-01,0.267,0.3479,0.1869,0.2752,2.813,0,0
2026-01-02 01:37:00,SYN-02,0.2452,0.3284,0.1889,0.2606,3.137,0,0
2026-01-02 01:38:00,SYN-03,0.2273,0.2565,0.2021,0.2297,3.114,0,0
2026-01-02 01:39:00,SYN-04,0.2875,0.3526,0.2183,0.2913,3.045,0,0
2026-01-02 01:40:00,SYN-01,0.2722,0.3126,0.1905,0.2634,3.144,0,0
2026-01-02 01:41:00,SYN-02,0.2301,0.3074,0.1985,0.2496,2.929,0,0
2026-01-02 01:42:00,SYN-03,0.2072,0.2967,0.1732,0.2316,2.735,0,0
2026-01-02 01:43:00,SYN-04,0.2529,0.2951,0.191,0.25,2.923,0,0
2026-01-02 01:44:00,SYN-01,0.234,0.3333,0.2072,0.2638,2.972,0,0
2026-01-02 01:45:00,SYN-02,0.2852,0.3112,0.2064,0.2713,3.043,0,0
2026-01-02 01:46:00,SYN-03,0.2492,0.3167,0.2127,0.2631,3.024,0,0
2026-01-02 01:47:00,SYN-04,0.2358,0.3382,0.2279,0.272,2.897,0,0
2026-01-02 01:48:00,SYN-01,0.2194,0.3059,0.2537,0.2621,2.93,0,0
2026-01-02 01:49:00,SYN-02,0.2303,0.3276,0.2095,0.2609,2.969,0,0
2026-01-02 01:50:00,SYN-03,0.288,0.3344,0.2159,0.2837,2.943,0,0
2026-01-02 01:51:00,SYN-04,0.2347,0.2565,0.2023,0.2322,2.802,0,0
2026-01-02 01:52:00,SYN-01,0.2123,0.3227,0.2081,0.2533,3.246,0,0
2026-01-02 01:53:00,SYN-02,0.2229,0.2914,0.1977,0.2406,3.05,0,0
2026-01-02 01:54:00,SYN-03,0.2397,0.3197,0.2146,0.2619,2.838,0,0
2026-01-02 01:55:00,SYN-04,0.2327,0.2703,0.1849,0.2319,3.055,0,0
2026-01-02 01:56:00,SYN-01,0.2189,0.3046,0.1867,0.2419,2.91,0,0
2026-01-02 01:57:00,SYN-02,0.663,0.6144,0.4492,0.5827,7.278,1,1
2026-01-02 01:58:00,SYN-03,0.247,0.2895,0.1989,0.2479,2.905,0,0
2026-01-02 01:59:00,SYN-04,0.271,0.3832,0.2116,0.2972,3.126,0,0
2026-01-02 02:00:00,SYN-01,0.2197,0.3791,0.2043,0.2791,3.24,0,0
2026-01-02 02:01:00,SYN-02,0.2374,0.3273,0.2431,0.2724,2.91,0,0
2026-01-02 02:02:00,SYN-03,0.21,0.3513,0.2165,0.2673,2.851,0,0
2026-01-02 02:03:00,SYN-04,0.2277,0.3134,0.2043,0.2529,2.857,0,0
2026-01-02 02:04:00,SYN-01,0.2271,0.3415,0.1835,0.2594,3.009,0,0
2026-01-02 02:05:00,SYN-02,0.265,0.3288,0.1736,0.2636,2.84,0,0
2026-01-02 02:06:00,SYN-03,0.2569,0.3172,0.2035,0.2633,3.024,0,0
2026-01-02 02:07:00,SYN-04,0.2113,0.3358,0.2113,0.2595,2.913,0,0
2026-01-02 02:08:00,SYN-01,0.2743,0.3382,0.2117,0.2795,3.243,0,0
2026-01-02 02:09:00,SYN-02,0.2499,0.3004,0.2127,0.2568,2.965,0,0
2026-01-02 02:10:00,SYN-03,0.2667,0.3081,0.2055,0.2635,2.923,0,0
2026-01-02 02:11:00,SYN-04,0.2156,0.2973,0.1986,0.241,3.099,0,0
2026-01-02 02:12:00,SYN-01,0.2801,0.2868,0.1737,0.2522,2.981,0,0
2026-01-02 02:13:00,SYN-02,0.2535,0.3284,0.2173,0.2704,3.193,0,0
2026-01-02 02:14:00,SYN-03,0.2645,0.346,0.2225,0.2824,2.917,0,0
2026-01-02 02:15:00,SYN-04,0.2546,0.3006,0.2291,0.2631,3.19,0,0
2026-01-02 02:16:00,SYN-01,0.2321,0.2945,0.1574,0.2348,3.05,0,0
2026-01-02 02:17:00,SYN-02,0.1836,0.31,0.1934,0.2361,2.943,0,0
2026-01-02 02:18:00,SYN-03,0.2712,0.3141,0.1967,0.2651,3.019,0,0
2026-01-02 02:19:00,SYN-04,0.228,0.2569,0.2006,0.2297,2.664,0,0
2026-01-02 02:20:00,SYN-01,0.235,0.3135,0.1657,0.2456,2.804,0,0
2026-01-02 02:21:00,SYN-02,0.2277,0.3144,0.1933,0.2504,2.956,0,0
2026-01-02 02:22:00,SYN-03,0.2751,0.3232,0.222,0.2765,2.975,0,0
2026-01-02 02:23:00,SYN-04,0.2454,0.3796,0.231,0.293,2.985,0,0
2026-01-02 02:24:00,SYN-01,0.2618,0.2789,0.2086,0.2516,3.073,0,0
2026-01-02 02:25:00,SYN-02,0.2472,0.3645,0.1889,0.2767,2.785,0,0
2026-01-02 02:26:00,SYN-03,0.2632,0.318,0.1994,0.2647,2.761,0,0
2026-01-02 02:27:00,SYN-04,0.2143,0.3356,0.2169,0.2618,3.07,0,0
2026-01-02 02:28:00,SYN-01,0.2572,0.2795,0.1932,0.246,2.826,0,0
2026-01-02 02:29:00,SYN-02,0.2158,0.3406,0.2097,0.2624,2.913,0,0
2026-01-02 02:30:00,SYN-03,0.2069,0.3326,0.2055,0.2554,3.201,0,0
2026-01-02 02:31:00,SYN-04,0.2432,0.3386,0.1955,0.2658,3.149,0,0
2026-01-02 02:32:00,SYN-01,0.2042,0.2997,0.2177,0.2442,3.025,0,0
2026-01-02 02:33:00,SYN-02,0.2581,0.2741,0.2108,0.2491,3.04,0,0
2026-01-02 02:34:00,SYN-03,0.2891,0.3468,0.2333,0.2934,3.002,0,0
2026-01-02 02:35:00,SYN-04,0.2666,0.2633,0.2081,0.2475,3.053,0,0
2026-01-02 02:36:00,SYN-01,0.2376,0.3361,0.2022,0.2648,3.243,0,0
2026-01-02 02:37:00,SYN-02,0.251,0.3298,0.2272,0.2728,2.873,0,0
2026-01-02 02:38:00,SYN-03,0.2479,0.3191,0.2331,0.2693,3.067,0,0
2026-01-02 02:39:00,SYN-04,0.2539,0.3201,0.1992,0.2625,2.929,0,0
2026-01-02 02:40:00,SYN-01,0.2635,0.3677,0.1775,0.2806,3.235,0,0
2026-01-02 02:41:00,SYN-02,0.2307,0.2578,0.2298,0.2398,2.924,0,0
2026-01-02 02:42:00,SYN-03,0.2263,0.3283,0.1849,0.2537,3.195,0,0
2026-01-02 02:43:00,SYN-04,0.2278,0.2958,0.2264,0.2521,3.056,0,0
2026-01-02 02:44:00,SYN-01,0.276,0.3193,0.2257,0.2763,3.089,0,0
2026-01-02 02:45:00,SYN-02,0.2659,0.3279,0.1542,0.2595,3.115,0,0
2026-01-02 02:46:00,SYN-03,0.2475,0.3088,0.225,0.2629,3.192,0,0
2026-01-02 02:47:00,SYN-04,0.238,0.3869,0.2319,0.2945,2.976,0,0
2026-01-02 02:48:00,SYN-01,0.2488,0.3226,0.1743,0.2558,2.784,0,0
2026-01-02 02:49:00,SYN-02,0.2388,0.2662,0.2205,0.2426,2.926,0,0
2026-01-02 02:50:00,SYN-03,0.2149,0.3462,0.2062,0.2637,2.819,0,0
2026-01-02 02:51:00,SYN-04,0.2685,0.3569,0.2487,0.2951,2.808,0,0
2026-01-02 02:52:00,SYN-01,0.2659,0.3312,0.2354,0.2804,3.069,0,0
2026-01-02 02:53:00,SYN-02,0.2498,0.3217,0.2342,0.2713,2.917,0,0
2026-01-02 02:54:00,SYN-03,0.2496,0.3251,0.1876,0.2602,3.023,0,0
2026-01-02 02:55:00,SYN-04,0.2487,0.3539,0.1947,0.2738,2.883,0,0
2026-01-02 02:56:00,SYN-01,0.5788,0.6843,0.4425,0.5771,7.226,1,1
2026-01-02 02:57:00,SYN-02,0.24,0.2982,0.2082,0.2516,3.231,0,0
2026-01-02 02:58:00,SYN-03,0.2655,0.2958,0.175,0.2507,2.978,0,0
2026-01-02 02:59:00,SYN-04,0.291,0.294,0.2127,0.2686,2.769,0,0
2026-01-02 03:00:00,SYN-01,0.2343,0.4089,0.2018,0.296,2.774,0,0
2026-01-02 03:01:00,SYN-02,0.2399,0.332,0.1865,0.2598,3.02,0,0
2026-01-02 03:02:00,SYN-03,0.2347,0.2994,0.239,0.2594,3.102,0,0
2026-01-02 03:03:00,SYN-04,0.2443,0.2941,0.2114,0.2522,2.591,0,0
2026-01-02 03:04:00,SYN-01,0.5818,1.0358,0.6697,0.7874,10.882,1,1
2026-01-02 03:05:00,SYN-02,0.2754,0.2572,0.2217,0.2524,2.968,0,0
2026-01-02 03:06:00,SYN-03,0.2651,0.2671,0.2077,0.2482,3.04,0,0
2026-01-02 03:07:00,SYN-04,0.2705,0.3214,0.1859,0.2652,3.324,0,0
2026-01-02 03:08:00,SYN-01,0.2413,0.2471,0.195,0.229,3.002,0,0
2026-01-02 03:09:00,SYN-02,0.2427,0.3321,0.2103,0.2667,3.052,0,0
2026-01-02 03:10:00,SYN-03,0.243,0.3562,0.1765,0.269,2.81,0,0
2026-01-02 03:11:00,SYN-04,0.4738,0.9594,0.737,0.7502,10.23,1,1
2026-01-02 03:12:00,SYN-01,0.2553,0.3576,0.1769,0.2735,2.995,0,0
2026-01-02 03:13:00,SYN-02,0.2384,0.3474,0.2434,0.2809,3.19,0,0
2026-01-02 03:14:00,SYN-03,0.2679,0.2939,0.2,0.257,3.108,0,0
2026-01-02 03:15:00,SYN-04,0.2562,0.3188,0.19,0.2604,2.819,0,0
2026-01-02 03:16:00,SYN-01,0.2575,0.3259,0.1654,0.2581,3.115,0,0
2026-01-02 03:17:00,SYN-02,0.263,0.3408,0.2145,0.2777,3.015,0,0
2026-01-02 03:18:00,SYN-03,0.2417,0.3107,0.2121,0.2582,3.049,0,0
2026-01-02 03:19:00,SYN-04,0.2067,0.2895,0.1991,0.2354,2.982,0,0
2026-01-02 03:20:00,SYN-01,0.2427,0.3225,0.1974,0.2594,2.738,0,0
2026-01-02 03:21:00,SYN-02,0.2868,0.2825,0.2008,0.2597,2.974,0,0
2026-01-02 03:22:00,SYN-03,0.2876,0.2809,0.2041,0.2603,2.996,0,0
2026-01-02 03:23:00,SYN-04,0.2838,0.3108,0.1999,0.269,3.002,0,0
2026-01-02 03:24:00,SYN-01,0.2613,0.3388,0.2147,0.2764,2.822,0,0
2026-01-02 03:25:00,SYN-02,0.2362,0.3069,0.1997,0.2515,3.225,0,0
2026-01-02 03:26:00,SYN-03,0.6555,1.027,0.5566,0.7734,10.433,1,1
2026-01-02 03:27:00,SYN-04,0.2711,0.2973,0.1996,0.2593,2.96,0,0
2026-01-02 03:28:00,SYN-01,0.2534,0.2981,0.2387,0.2646,2.997,0,0
2026-01-02 03:29:00,SYN-02,0.267,0.307,0.1934,0.2601,2.986,0,0
2026-01-02 03:30:00,SYN-03,0.2443,0.3228,0.1844,0.2569,3.054,0,0
2026-01-02 03:31:00,SYN-04,0.2392,0.2978,0.1925,0.247,2.835,0,0
2026-01-02 03:32:00,SYN-01,0.2217,0.3177,0.1967,0.2508,2.813,0,0
2026-01-02 03:33:00,SYN-02,0.2387,0.3651,0.2092,0.2793,3.151,0,0
2026-01-02 03:34:00,SYN-03,0.2664,0.3065,0.159,0.2518,3.085,0,0
2026-01-02 03:35:00,SYN-04,0.6899,0.7549,0.5381,0.6672,8.781,1,1
2026-01-02 03:36:00,SYN-01,0.255,0.2861,0.2083,0.2518,2.931,0,0
2026-01-02 03:37:00,SYN-02,0.2359,0.325,0.2006,0.2592,3.143,0,0
2026-01-02 03:38:00,SYN-03,0.2096,0.3151,0.2187,0.2524,2.629,0,0
2026-01-02 03:39:00,SYN-04,0.2657,0.3056,0.1996,0.2607,2.996,0,0
2026-01-02 03:40:00,SYN-01,0.2686,0.3521,0.2153,0.2843,3.11,0,0
2026-01-02 03:41:00,SYN-02,0.2634,0.3228,0.1786,0.2617,2.925,0,0
2026-01-02 03:42:00,SYN-03,0.2589,0.318,0.2286,0.2711,2.91,0,0
2026-01-02 03:43:00,SYN-04,0.2774,0.318,0.2165,0.2738,2.945,0,0
2026-01-02 03:44:00,SYN-01,0.2581,0.2725,0.1886,0.2425,2.936,0,0
2026-01-02 03:45:00,SYN-02,0.2314,0.2985,0.2269,0.2544,3.109,0,0
2026-01-02 03:46:00,SYN-03,0.2394,0.3237,0.2215,0.2653,2.788,0,0
2026-01-02 03:47:00,SYN-04,0.261,0.3822,0.2041,0.292,2.767,0,0
2026-01-02 03:48:00,SYN-01,0.295,0.3668,0.2284,0.3021,3.129,0,0
2026-01-02 03:49:00,SYN-02,0.2904,0.3449,0.1769,0.2796,2.983,0,0
2026-01-02 03:50:00,SYN-03,0.2436,0.3087,0.167,0.2467,2.877,0,0
2026-01-02 03:51:00,SYN-04,0.2328,0.3466,0.1859,0.2639,2.891,0,0
2026-01-02 03:52:00,SYN-01,0.2747,0.3392,0.2176,0.2816,2.934,0,0
2026-01-02 03:53:00,SYN-02,0.5602,1.0176,0.6434,0.7666,10.497,1,1
2026-01-02 03:54:00,SYN-03,0.2983,0.3533,0.1856,0.2877,2.882,0,0
2026-01-02 03:55:00,SYN-04,0.277,0.343,0.1937,0.278,2.988,0,0
2026-01-02 03:56:00,SYN-01,0.2681,0.2929,0.2389,0.2675,2.944,0,0
2026-01-02 03:57:00,SYN-02,0.24,0.2923,0.2073,0.249,2.943,0,0
2026-01-02 03:58:00,SYN-03,0.2606,0.3372,0.2212,0.2772,3.013,0,0
2026-01-02 03:59:00,SYN-04,0.2341,0.3477,0.2235,0.2743,3.224,0,0
2026-01-02 04:00:00,SYN-01,0.2591,0.3441,0.2072,0.276,2.992,0,0
2026-01-02 04:01:00,SYN-02,0.2288,0.3076,0.1977,0.249,3.018,0,0
2026-01-02 04:02:00,SYN-03,0.2357,0.3213,0.2343,0.2669,3.072,0,0
2026-01-02 04:03:00,SYN-04,0.2389,0.4038,0.2305,0.3018,3.044,0,0
2026-01-02 04:04:00,SYN-01,0.2512,0.3518,0.1995,0.2749,3.056,0,0
2026-01-02 04:05:00,SYN-02,0.2663,0.3329,0.2148,0.2756,3.047,0,0
2026-01-02 04:06:00,SYN-03,0.2433,0.3626,0.2084,0.2794,3.247,0,0
2026-01-02 04:07:00,SYN-04,0.2797,0.3233,0.2197,0.2775,2.796,0,0
2026-01-02 04:08:00,SYN-01,0.293,0.3925,0.204,0.3063,3.05,0,0
2026-01-02 04:09:00,SYN-02,0.2989,0.3029,0.2125,0.2746,2.869,0,0
2026-01-02 04:10:00,SYN-03,0.2283,0.3038,0.1951,0.2466,2.882,0,0
2026-01-02 04:11:00,SYN-04,0.2616,0.3077,0.1919,0.2582,3.13,0,0
2026-01-02 04:12:00,SYN-01,0.2595,0.308,0.2249,0.2663,2.788,0,0
2026-01-02 04:13:00,SYN-02,0.24,0.3127,0.2148,0.2592,3.038,0,0
2026-01-02 04:14:00,SYN-03,0.2496,0.3394,0.2122,0.2723,2.928,0,0
2026-01-02 04:15:00,SYN-04,0.2566,0.36,0.2068,0.2818,3.094,0,0
2026-01-02 04:16:00,SYN-01,0.2837,0.4113,0.1866,0.3079,2.881,0,0
2026-01-02 04:17:00,SYN-02,0.2483,0.2863,0.2098,0.2501,2.83,0,0
2026-01-02 04:18:00,SYN-03,0.2812,0.3266,0.1904,0.272,3.035,0,0
2026-01-02 04:19:00,SYN-04,0.2334,0.3026,0.2256,0.2562,3.128,0,0
2026-01-02 04:20:00,SYN-01,0.2732,0.2892,0.2221,0.263,3.057,0,0
2026-01-02 04:21:00,SYN-02,0.2925,0.2956,0.175,0.2605,2.856,0,0
2026-01-02 04:22:00,SYN-03,0.2697,0.2905,0.2026,0.257,2.868,0,0
2026-01-02 04:23:00,SYN-04,0.2424,0.3679,0.1949,0.2782,3.038,0,0
2026-01-02 04:24:00,SYN-01,0.2246,0.3107,0.2356,0.2598,3.089,0,0
2026-01-02 04:25:00,SYN-02,0.2381,0.2634,0.2068,0.2372,2.906,0,0
2026-01-02 04:26:00,SYN-03,0.2417,0.2942,0.1746,0.2418,2.775,0,0
2026-01-02 04:27:00,SYN-04,0.2209,0.3089,0.2206,0.2535,3.036,0,0
2026-01-02 04:28:00,SYN-01,0.2505,0.3082,0.1919,0.2547,2.981,0,0
2026-01-02 04:29:00,SYN-02,0.2333,0.3114,0.198,0.252,3.049,0,0
2026-01-02 04:30:00,SYN-03,0.2732,0.3184,0.1978,0.2678,3.386,0,0
2026-01-02 04:31:00,SYN-04,0.2487,0.2999,0.2081,0.255,2.752,0,0
2026-01-02 04:32:00,SYN-01,0.2435,0.3142,0.2496,0.271,3.176,0,0
2026-01-02 04:33:00,SYN-02,0.2698,0.3059,0.2291,0.2701,3.174,0,0
2026-01-02 04:34:00,SYN-03,0.26,0.2988,0.2123,0.2594,2.832,0,0
2026-01-02 04:35:00,SYN-04,0.2577,0.3194,0.1838,0.2596,3.032,0,0
2026-01-02 04:36:00,SYN-01,0.2235,0.2995,0.2096,0.2474,3.087,0,0
2026-01-02 04:37:00,SYN-02,0.2331,0.3273,0.2098,0.2617,3.063,0,0
2026-01-02 04:38:00,SYN-03,0.2284,0.3515,0.1906,0.2658,3.162,0,0
2026-01-02 04:39:00,SYN-04,0.2524,0.2899,0.216,0.2546,2.931,0,0
2026-01-02 04:40:00,SYN-01,0.2151,0.3383,0.1765,0.2529,3.262,0,0
2026-01-02 04:41:00,SYN-02,0.6093,1.0413,0.5451,0.7643,10.587,1,1
2026-01-02 04:42:00,SYN-03,0.2518,0.2831,0.1883,0.2443,3.0,0,0
2026-01-02 04:43:00,SYN-04,0.2323,0.3051,0.2146,0.2537,2.795,0,0
2026-01-02 04:44:00,SYN-01,0.2446,0.2818,0.2366,0.2551,3.157,0,0
2026-01-02 04:45:00,SYN-02,0.2308,0.3124,0.2207,0.2579,2.951,0,0
2026-01-02 04:46:00,SYN-03,0.2221,0.3213,0.2475,0.267,3.099,0,0
2026-01-02 04:47:00,SYN-04,0.2312,0.2582,0.2379,0.2427,3.106,0,0
2026-01-02 04:48:00,SYN-01,0.2389,0.3163,0.2056,0.2578,2.912,0,0
2026-01-02 04:49:00,SYN-02,0.252,0.3107,0.184,0.2542,3.331,0,0
2026-01-02 04:50:00,SYN-03,0.2342,0.3148,0.2238,0.2608,3.044,0,0
2026-01-02 04:51:00,SYN-04,0.7225,1.0366,0.5328,0.7917,11.227,1,1
2026-01-02 04:52:00,SYN-01,0.2761,0.3901,0.2335,0.3071,2.893,0,0
2026-01-02 04:53:00,SYN-02,0.2862,0.3526,0.217,0.2906,2.716,0,0
2026-01-02 04:54:00,SYN-03,0.227,0.3026,0.219,0.2524,3.134,0,0
2026-01-02 04:55:00,SYN-04,0.2834,0.289,0.2072,0.2625,2.936,0,0
2026-01-02 04:56:00,SYN-01,0.2082,0.3216,0.2016,0.2499,3.036,0,0
2026-01-02 04:57:00,SYN-02,0.5129,1.1603,0.7219,0.8427,11.756,1,1
2026-01-02 04:58:00,SYN-03,0.247,0.3181,0.1725,0.253,3.102,0,0
2026-01-02 04:59:00,SYN-04,0.2588,0.3565,0.2003,0.2794,3.212,0,0
2026-01-02 05:00:00,SYN-01,0.2617,0.3488,0.1891,0.2744,3.243,0,0
2026-01-02 05:01:00,SYN-02,0.2388,0.3139,0.1911,0.253,2.819,0,0
2026-01-02 05:02:00,SYN-03,0.2113,0.3223,0.212,0.254,3.056,0,0
2026-01-02 05:03:00,SYN-04,0.2884,0.3425,0.1574,0.274,3.129,0,0
2026-01-02 05:04:00,SYN-01,0.258,0.2988,0.196,0.2545,2.805,0,0
2026-01-02 05:05:00,SYN-02,0.2723,0.288,0.2271,0.2637,2.954,0,0
2026-01-02 05:06:00,SYN-03,0.2193,0.3196,0.2211,0.2576,3.294,0,0
2026-01-02 05:07:00,SYN-04,0.2578,0.3081,0.1695,0.2517,3.283,0,0
2026-01-02 05:08:00,SYN-01,0.2805,0.3285,0.2543,0.2894,3.257,0,0
2026-01-02 05:09:00,SYN-02,0.2236,0.3188,0.2369,0.2631,2.931,0,0
2026-01-02 05:10:00,SYN-03,0.274,0.3684,0.2008,0.2893,2.939,0,0
2026-01-02 05:11:00,SYN-04,0.245,0.3577,0.2049,0.2768,2.977,0,0
2026-01-02 05:12:00,SYN-01,0.2279,0.2866,0.2236,0.2477,2.809,0,0
2026-01-02 05:13:00,SYN-02,0.2568,0.3083,0.2084,0.2611,3.363,0,0
2026-01-02 05:14:00,SYN-03,0.2247,0.3686,0.2215,0.2801,3.213,0,0
2026-01-02 05:15:00,SYN-04,0.2924,0.3142,0.2385,0.2835,3.219,0,0
2026-01-02 05:16:00,SYN-01,0.581,0.7366,0.6327,0.6533,8.282,1,1
2026-01-02 05:17:00,SYN-02,0.2777,0.3766,0.2036,0.2946,3.387,0,0
2026-01-02 05:18:00,SYN-03,0.2633,0.3151,0.22,0.269,2.727,0,0
2026-01-02 05:19:00,SYN-04,0.2474,0.3345,0.2055,0.2679,3.009,0,0
2026-01-02 05:20:00,SYN-01,0.2211,0.3237,0.1871,0.2508,2.829,0,0
2026-01-02 05:21:00,SYN-02,0.3173,0.3475,0.2027,0.2958,3.118,0,0
2026-01-02 05:22:00,SYN-03,0.2579,0.2832,0.2151,0.2536,3.334,0,0
2026-01-02 05:23:00,SYN-04,0.2608,0.2976,0.2063,0.2577,3.015,0,0
2026-01-02 05:24:00,SYN-01,0.2255,0.3273,0.1965,0.256,2.843,0,0
2026-01-02 05:25:00,SYN-02,0.224,0.2681,0.2019,0.233,2.825,0,0
2026-01-02 05:26:00,SYN-03,0.2106,0.3389,0.2148,0.2616,3.056,0,0
2026-01-02 05:27:00,SYN-04,0.236,0.3199,0.2205,0.2624,2.891,0,0
2026-01-02 05:28:00,SYN-01,0.2575,0.3325,0.207,0.2706,2.813,0,0
2026-01-02 05:29:00,SYN-02,0.2887,0.3155,0.1951,0.2714,3.181,0,0
2026-01-02 05:30:00,SYN-03,0.2546,0.3143,0.1857,0.257,3.034,0,0
2026-01-02 05:31:00,SYN-04,0.7163,0.8169,0.4474,0.6784,8.981,1,1
2026-01-02 05:32:00,SYN-01,0.2269,0.3325,0.2377,0.2699,2.912,0,0
2026-01-02 05:33:00,SYN-02,0.228,0.3053,0.1727,0.2415,2.936,0,0
2026-01-02 05:34:00,SYN-03,0.3058,0.2928,0.2099,0.2728,3.078,0,0
2026-01-02 05:35:00,SYN-04,0.282,0.3312,0.1946,0.2751,3.166,0,0
2026-01-02 05:36:00,SYN-01,0.2498,0.2931,0.1973,0.2498,2.953,0,0
2026-01-02 05:37:00,SYN-02,0.2663,0.3283,0.2389,0.2803,2.922,0,0
2026-01-02 05:38:00,SYN-03,0.255,0.332,0.2275,0.2751,3.27,0,0
2026-01-02 05:39:00,SYN-04,0.2639,0.3297,0.1806,0.2652,3.061,0,0
2026-01-02 05:40:00,SYN-01,0.2812,0.3744,0.2423,0.3044,3.074,0,0
2026-01-02 05:41:00,SYN-02,0.2614,0.259,0.2038,0.2429,2.999,0,0
2026-01-02 05:42:00,SYN-03,0.2498,0.3423,0.2259,0.2772,2.989,0,0
2026-01-02 05:43:00,SYN-04,0.2054,0.3218,0.211,0.2518,3.109,0,0
2026-01-02 05:44:00,SYN-01,0.227,0.3179,0.2188,0.2585,2.701,0,0
2026-01-02 05:45:00,SYN-02,0.6007,0.7932,0.4332,0.6265,7.864,1,1
2026-01-02 05:46:00,SYN-03,0.2685,0.2823,0.1846,0.2489,3.302,0,0
2026-01-02 05:47:00,SYN-04,0.2502,0.3155,0.2248,0.2663,3.125,0,0
2026-01-02 05:48:00,SYN-01,0.238,0.2901,0.2215,0.2515,3.181,0,0
2026-01-02 05:49:00,SYN-02,0.2462,0.2775,0.236,0.2539,3.226,0,0
2026-01-02 05:50:00,SYN-03,0.2745,0.3396,0.1875,0.2744,2.91,0,0
2026-01-02 05:51:00,SYN-04,0.2392,0.3364,0.2115,0.2678,2.942,0,0
2026-01-02 05:52:00,SYN-01,0.8234,1.1508,0.5399,0.8744,12.473,1,1
2026-01-02 05:53:00,SYN-02,0.2509,0.3316,0.2165,0.2707,2.935,0,0
2026-01-02 05:54:00,SYN-03,0.3047,0.3279,0.183,0.2792,2.723,0,0
2026-01-02 05:55:00,SYN-04,0.2391,0.3266,0.2363,0.2706,3.089,0,0
2026-01-02 05:56:00,SYN-01,0.6364,0.8541,0.7186,0.7418,10.046,1,1
2026-01-02 05:57:00,SYN-02,0.2559,0.3216,0.2226,0.2699,3.138,0,0
2026-01-02 05:58:00,SYN-03,0.2623,0.3154,0.2219,0.2693,3.089,0,0
2026-01-02 05:59:00,SYN-04,0.2051,0.3483,0.2055,0.2618,3.098,0,0
2026-01-02 06:00:00,SYN-01,0.2648,0.3364,0.2382,0.2829,2.985,0,0
2026-01-02 06:01:00,SYN-02,0.2474,0.2983,0.2206,0.2574,2.972,0,0
2026-01-02 06:02:00,SYN-03,0.2621,0.3542,0.2006,0.2795,2.863,0,0
2026-01-02 06:03:00,SYN-04,0.2205,0.3158,0.2203,0.2562,3.088,0,0
2026-01-02 06:04:00,SYN-01,0.514,0.7519,0.7547,0.6829,8.883,1,1
2026-01-02 06:05:00,SYN-02,0.2239,0.3185,0.2265,0.26,3.042,0,0
2026-01-02 06:06:00,SYN-03,0.2438,0.2985,0.1963,0.2497,3.287,0,0
2026-01-02 06:07:00,SYN-04,0.2425,0.3522,0.1808,0.268,3.096,0,0
2026-01-02 06:08:00,SYN-01,0.2952,0.3099,0.1721,0.2663,3.033,0,0
2026-01-02 06:09:00,SYN-02,0.2763,0.3304,0.2331,0.2827,2.745,0,0
2026-01-02 06:10:00,SYN-03,0.2422,0.3531,0.1997,0.2728,3.084,0,0
2026-01-02 06:11:00,SYN-04,0.2632,0.3362,0.2203,0.2774,2.979,0,0
2026-01-02 06:12:00,SYN-01,0.2811,0.3553,0.1903,0.2837,3.088,0,0
2026-01-02 06:13:00,SYN-02,0.291,0.3225,0.2266,0.2829,3.045,0,0
2026-01-02 06:14:00,SYN-03,0.2224,0.324,0.2298,0.2628,2.735,0,0
2026-01-02 06:15:00,SYN-04,0.2229,0.385,0.2132,0.2848,3.119,0,0
2026-01-02 06:16:00,SYN-01,0.2653,0.3556,0.2103,0.2835,3.249,0,0
2026-01-02 06:17:00,SYN-02,0.3035,0.3511,0.2257,0.298,3.203,0,0
2026-01-02 06:18:00,SYN-03,0.2425,0.3621,0.2152,0.2806,3.057,0,0
2026-01-02 06:19:00,SYN-04,0.2475,0.3561,0.2447,0.2875,3.133,0,0
2026-01-02 06:20:00,SYN-01,0.2416,0.3205,0.23,0.2671,2.789,0,0
2026-01-02 06:21:00,SYN-02,0.2722,0.3134,0.1975,0.2654,3.171,0,0
2026-01-02 06:22:00,SYN-03,0.2695,0.3043,0.2241,0.268,2.985,0,0
2026-01-02 06:23:00,SYN-04,0.2715,0.313,0.1953,0.2645,3.226,0,0
2026-01-02 06:24:00,SYN-01,0.3024,0.2786,0.2311,0.2723,2.742,0,0
2026-01-02 06:25:00,SYN-02,0.2365,0.2822,0.2194,0.2474,2.782,0,0
2026-01-02 06:26:00,SYN-03,0.2496,0.3108,0.2297,0.2656,3.148,0,0
2026-01-02 06:27:00,SYN-04,0.2579,0.3258,0.2102,0.2689,3.078,0,0
2026-01-02 06:28:00,SYN-01,0.3149,0.3263,0.2108,0.2887,3.159,0,0
2026-01-02 06:29:00,SYN-02,0.2399,0.2966,0.1978,0.2481,2.937,0,0
2026-01-02 06:30:00,SYN-03,0.2693,0.3484,0.2216,0.2846,2.885,0,0
2026-01-02 06:31:00,SYN-04,0.2807,0.3266,0.2002,0.2742,2.869,0,0
2026-01-02 06:32:00,SYN-01,0.2513,0.3333,0.2114,0.2701,2.963,0,0
2026-01-02 06:33:00,SYN-02,0.2948,0.2906,0.2065,0.2671,2.936,0,0
2026-01-02 06:34:00,SYN-03,0.2363,0.3352,0.2412,0.2747,2.969,0,0
2026-01-02 06:35:00,SYN-04,0.268,0.2947,0.2119,0.2605,2.946,0,0
2026-01-02 06:36:00,SYN-01,0.1931,0.3455,0.217,0.2606,2.96,0,0
2026-01-02 06:37:00,SYN-02,0.2478,0.3015,0.221,0.2589,3.023,0,0
2026-01-02 06:38:00,SYN-03,0.2772,0.3171,0.1945,0.2678,3.004,0,0
2026-01-02 06:39:00,SYN-04,0.2644,0.3404,0.1872,0.2713,3.194,0,0
2026-01-02 06:40:00,SYN-01,0.2499,0.3347,0.206,0.2689,3.006,0,0
2026-01-02 06:41:00,SYN-02,0.2425,0.3174,0.2406,0.2692,3.024,0,0
2026-01-02 06:42:00,SYN-03,0.2765,0.354,0.215,0.2875,2.695,0,0
2026-01-02 06:43:00,SYN-04,0.2727,0.3498,0.2029,0.2816,2.887,0,0
2026-01-02 06:44:00,SYN-01,0.2507,0.3549,0.2234,0.2821,3.094,0,0
2026-01-02 06:45:00,SYN-02,0.2438,0.3087,0.1795,0.2496,2.521,0,0
2026-01-02 06:46:00,SYN-03,0.2702,0.3357,0.236,0.2837,2.836,0,0
2026-01-02 06:47:00,SYN-04,0.2525,0.3268,0.2272,0.2721,3.121,0,0
2026-01-02 06:48:00,SYN-01,0.2494,0.3503,0.2239,0.2799,2.871,0,0
2026-01-02 06:49:00,SYN-02,0.2326,0.3781,0.1976,0.2806,2.967,0,0
2026-01-02 06:50:00,SYN-03,0.2509,0.2904,0.1929,0.248,3.086,0,0
2026-01-02 06:51:00,SYN-04,0.2328,0.3675,0.2135,0.2798,2.928,0,0
2026-01-02 06:52:00,SYN-01,0.2636,0.2868,0.2038,0.2538,2.89,0,0
2026-01-02 06:53:00,SYN-02,0.2819,0.3139,0.2153,0.2734,2.917,0,0
2026-01-02 06:54:00,SYN-03,0.2472,0.3592,0.2222,0.2825,3.242,0,0
2026-01-02 06:55:00,SYN-04,0.2427,0.3194,0.2135,0.2624,3.09,0,0
2026-01-02 06:56:00,SYN-01,0.2779,0.2782,0.2151,0.2588,2.967,0,0
2026-01-02 06:57:00,SYN-02,0.2368,0.3127,0.2121,0.2574,3.136,0,0
2026-01-02 06:58:00,SYN-03,0.2379,0.3336,0.2339,0.2724,2.928,0,0
2026-01-02 06:59:00,SYN-04,0.2569,0.3427,0.2509,0.2866,3.027,0,0
2026-01-02 07:00:00,SYN-01,0.2547,0.3188,0.2315,0.2709,2.991,0,0
2026-01-02 07:01:00,SYN-02,0.2758,0.4014,0.2313,0.3113,3.057,0,0
2026-01-02 07:02:00,SYN-03,0.2895,0.3622,0.2352,0.3002,3.004,0,0
2026-01-02 07:03:00,SYN-04,0.2803,0.3061,0.1823,0.2618,2.936,0,0
2026-01-02 07:04:00,SYN-01,0.2848,0.3006,0.2255,0.2722,2.916,0,0
2026-01-02 07:05:00,SYN-02,0.298,0.3625,0.2366,0.3035,3.064,0,0
2026-01-02 07:06:00,SYN-03,0.2815,0.3073,0.2122,0.27,2.872,0,0
2026-01-02 07:07:00,SYN-04,0.2451,0.355,0.1899,0.2722,3.011,0,0
2026-01-02 07:08:00,SYN-01,0.2136,0.3101,0.1812,0.2413,2.914,0,0
2026-01-02 07:09:00,SYN-02,0.2436,0.2803,0.2388,0.2549,3.13,0,0
2026-01-02 07:10:00,SYN-03,0.2407,0.3166,0.2108,0.2599,3.032,0,0
2026-01-02 07:11:00,SYN-04,0.2742,0.3553,0.2454,0.2953,3.16,0,0
2026-01-02 07:12:00,SYN-01,0.2538,0.3649,0.2423,0.2923,2.924,0,0
2026-01-02 07:13:00,SYN-02,0.2583,0.2893,0.2027,0.2527,2.727,0,0
2026-01-02 07:14:00,SYN-03,0.2785,0.3641,0.2077,0.2906,3.055,0,0
2026-01-02 07:15:00,SYN-04,0.2952,0.2745,0.2393,0.2706,3.175,0,0
2026-01-02 07:16:00,SYN-01,0.2115,0.3534,0.2397,0.2751,3.187,0,0
2026-01-02 07:17:00,SYN-02,0.2434,0.3371,0.2055,0.2678,2.855,0,0
2026-01-02 07:18:00,SYN-03,0.2954,0.3397,0.2094,0.2866,3.026,0,0
2026-01-02 07:19:00,SYN-04,0.2564,0.2503,0.2087,0.2394,2.825,0,0
2026-01-02 07:20:00,SYN-01,0.2436,0.3398,0.2022,0.2681,2.988,0,0
2026-01-02 07:21:00,SYN-02,0.2085,0.3682,0.2364,0.2798,3.005,0,0
2026-01-02 07:22:00,SYN-03,0.2665,0.2688,0.2057,0.2487,2.877,0,0
2026-01-02 07:23:00,SYN-04,0.2652,0.3284,0.2347,0.2788,2.905,0,0
2026-01-02 07:24:00,SYN-01,0.2779,0.3024,0.2106,0.2665,2.753,0,0
2026-01-02 07:25:00,SYN-02,0.2929,0.3813,0.2023,0.3012,2.998,0,0
2026-01-02 07:26:00,SYN-03,0.199,0.3213,0.2454,0.2602,2.867,0,0
2026-01-02 07:27:00,SYN-04,0.3054,0.3936,0.1964,0.3092,3.336,0,0
2026-01-02 07:28:00,SYN-01,0.2582,0.3045,0.2346,0.2673,2.896,0,0
2026-01-02 07:29:00,SYN-02,0.2881,0.3507,0.2108,0.2889,3.101,0,0
2026-01-02 07:30:00,SYN-03,0.7248,0.9583,0.595,0.7741,10.715,1,1
2026-01-02 07:31:00,SYN-04,0.2908,0.3426,0.2228,0.2896,3.0,0,0
2026-01-02 07:32:00,SYN-01,0.2937,0.3234,0.2135,0.2807,2.915,0,0
2026-01-02 07:33:00,SYN-02,0.2836,0.3454,0.2096,0.285,3.009,0,0
2026-01-02 07:34:00,SYN-03,0.2381,0.2589,0.1778,0.2275,3.031,0,0
2026-01-02 07:35:00,SYN-04,0.2458,0.3128,0.1899,0.2545,3.064,0,0
2026-01-02 07:36:00,SYN-01,0.2366,0.3622,0.2336,0.2839,3.014,0,0
2026-01-02 07:37:00,SYN-02,0.257,0.355,0.2229,0.2839,3.163,0,0
2026-01-02 07:38:00,SYN-03,0.2675,0.33,0.2506,0.2848,3.074,0,0
2026-01-02 07:39:00,SYN-04,0.2569,0.3351,0.2322,0.2782,3.104,0,0
2026-01-02 07:40:00,SYN-01,0.2436,0.3323,0.2045,0.2656,2.788,0,0
2026-01-02 07:41:00,SYN-02,0.2277,0.3387,0.2048,0.2636,2.873,0,0
2026-01-02 07:42:00,SYN-03,0.2445,0.3214,0.2177,0.2649,2.9,0,0
2026-01-02 07:43:00,SYN-04,0.2869,0.2903,0.1975,0.2618,3.014,0,0
2026-01-02 07:44:00,SYN-01,0.2339,0.3572,0.2231,0.2781,2.858,0,0
2026-01-02 07:45:00,SYN-02,0.2014,0.3394,0.2039,0.2565,2.964,0,0
2026-01-02 07:46:00,SYN-03,0.2326,0.2753,0.2304,0.247,3.337,0,0
2026-01-02 07:47:00,SYN-04,0.2947,0.3496,0.2436,0.2991,3.166,0,0
2026-01-02 07:48:00,SYN-01,0.2936,0.3411,0.2405,0.2946,3.06,0,0
2026-01-02 07:49:00,SYN-02,0.2974,0.3027,0.2327,0.2794,2.779,0,0
2026-01-02 07:50:00,SYN-03,0.2846,0.3251,0.2034,0.2757,3.102,0,0
2026-01-02 07:51:00,SYN-04,0.2246,0.3561,0.2683,0.2882,3.058,0,0
2026-01-02 07:52:00,SYN-01,0.2478,0.3233,0.2131,0.2654,2.89,0,0
2026-01-02 07:53:00,SYN-02,0.2538,0.3131,0.1997,0.2597,3.133,0,0
2026-01-02 07:54:00,SYN-03,0.2357,0.3012,0.2018,0.2497,2.825,0,0
2026-01-02 07:55:00,SYN-04,0.2567,0.3351,0.1746,0.2637,3.036,0,0
2026-01-02 07:56:00,SYN-01,0.2604,0.3361,0.2298,0.279,3.11,0,0
2026-01-02 07:57:00,SYN-02,0.2532,0.3617,0.2302,0.2875,2.869,0,0
2026-01-02 07:58:00,SYN-03,0.7321,0.9265,0.6617,0.7815,10.637,1,1
2026-01-02 07:59:00,SYN-04,0.2697,0.3376,0.2126,0.278,2.968,0,0
2026-01-02 08:00:00,SYN-01,0.2808,0.3257,0.2303,0.2816,2.96,0,0
2026-01-02 08:01:00,SYN-02,0.2616,0.3514,0.2308,0.2859,3.001,0,0
2026-01-02 08:02:00,SYN-03,0.2397,0.2881,0.1975,0.2446,3.287,0,0
2026-01-02 08:03:00,SYN-04,0.2784,0.3434,0.212,0.2831,3.142,0,0
2026-01-02 08:04:00,SYN-01,0.2395,0.311,0.179,0.2491,3.058,0,0
2026-01-02 08:05:00,SYN-02,0.2615,0.2526,0.2561,0.2568,2.983,0,0
2026-01-02 08:06:00,SYN-03,0.2746,0.2919,0.1944,0.2572,3.146,0,0
2026-01-02 08:07:00,SYN-04,0.2403,0.3782,0.2093,0.2856,3.246,0,0
2026-01-02 08:08:00,SYN-01,0.1897,0.3124,0.1836,0.2361,2.915,0,0
2026-01-02 08:09:00,SYN-02,0.2181,0.3606,0.1969,0.2685,3.014,0,0
2026-01-02 08:10:00,SYN-03,0.2506,0.2844,0.2246,0.2544,3.242,0,0
2026-01-02 08:11:00,SYN-04,0.2282,0.3446,0.2113,0.268,2.997,0,0
2026-01-02 08:12:00,SYN-01,0.2559,0.3072,0.2109,0.261,2.973,0,0
2026-01-02 08:13:00,SYN-02,0.2691,0.3338,0.1886,0.2704,2.927,0,0
2026-01-02 08:14:00,SYN-03,0.2655,0.2985,0.1996,0.2578,3.023,0,0
2026-01-02 08:15:00,SYN-04,0.2718,0.3353,0.188,0.2718,3.262,0,0
2026-01-02 08:16:00,SYN-01,0.252,0.3503,0.2366,0.2841,2.977,0,0
2026-01-02 08:17:00,SYN-02,0.2524,0.3026,0.2448,0.2678,3.062,0,0
2026-01-02 08:18:00,SYN-03,0.2685,0.2707,0.1967,0.2477,3.073,0,0
2026-01-02 08:19:00,SYN-04,0.2442,0.3608,0.2455,0.2887,2.858,0,0
2026-01-02 08:20:00,SYN-01,0.2505,0.3098,0.2262,0.2645,3.243,0,0
2026-01-02 08:21:00,SYN-02,0.3119,0.3437,0.1752,0.2865,2.826,0,0
2026-01-02 08:22:00,SYN-03,0.2833,0.3356,0.1896,0.2762,3.185,0,0
2026-01-02 08:23:00,SYN-04,0.2766,0.3288,0.2224,0.2793,2.994,0,0
2026-01-02 08:24:00,SYN-01,0.2263,0.3716,0.245,0.2883,2.77,0,0
2026-01-02 08:25:00,SYN-02,0.2498,0.3362,0.1925,0.2662,2.802,0,0
2026-01-02 08:26:00,SYN-03,0.2393,0.3519,0.2106,0.2741,2.854,0,0
2026-01-02 08:27:00,SYN-04,0.2756,0.3832,0.2461,0.3074,2.96,0,0
2026-01-02 08:28:00,SYN-01,0.2516,0.302,0.2472,0.2681,3.05,0,0
2026-01-02 08:29:00,SYN-02,0.2611,0.3296,0.2178,0.2734,3.266,0,0
2026-01-02 08:30:00,SYN-03,0.2581,0.3125,0.1885,0.2581,2.874,0,0
2026-01-02 08:31:00,SYN-04,0.2293,0.3558,0.2094,0.2727,3.307,0,0
2026-01-02 08:32:00,SYN-01,0.2944,0.3692,0.2336,0.3042,3.151,0,0
2026-01-02 08:33:00,SYN-02,0.2648,0.3506,0.2346,0.2876,2.904,0,0
2026-01-02 08:34:00,SYN-03,0.2331,0.3952,0.2151,0.2926,2.85,0,0
2026-01-02 08:35:00,SYN-04,0.1958,0.2971,0.219,0.2413,2.757,0,0
2026-01-02 08:36:00,SYN-01,0.2718,0.3613,0.2274,0.2922,3.125,0,0
2026-01-02 08:37:00,SYN-02,0.2449,0.2679,0.2325,0.2489,2.999,0,0
2026-01-02 08:38:00,SYN-03,0.8839,0.7373,0.7022,0.7785,10.531,1,1
2026-01-02 08:39:00,SYN-04,0.3038,0.3658,0.2157,0.3014,2.886,0,0
2026-01-02 08:40:00,SYN-01,0.2194,0.3534,0.1988,0.2662,3.265,0,0
2026-01-02 08:41:00,SYN-02,0.2609,0.3317,0.1838,0.2658,2.806,0,0
2026-01-02 08:42:00,SYN-03,0.2476,0.3424,0.2314,0.2782,2.924,0,0
2026-01-02 08:43:00,SYN-04,0.2153,0.3195,0.2194,0.256,2.846,0,0
2026-01-02 08:44:00,SYN-01,0.2578,0.3168,0.2232,0.2687,3.038,0,0
2026-01-02 08:45:00,SYN-02,0.2522,0.3076,0.2078,0.2591,2.993,0,0
2026-01-02 08:46:00,SYN-03,0.2811,0.3125,0.2031,0.2695,3.265,0,0
2026-01-02 08:47:00,SYN-04,0.2771,0.3279,0.1928,0.2717,2.991,0,0
2026-01-02 08:48:00,SYN-01,0.2448,0.3393,0.2349,0.2771,2.779,0,0
2026-01-02 08:49:00,SYN-02,0.2789,0.3504,0.2264,0.2897,3.014,0,0
2026-01-02 08:50:00,SYN-03,0.2531,0.3727,0.2309,0.2923,2.834,0,0
2026-01-02 08:51:00,SYN-04,0.2341,0.2717,0.2414,0.2496,2.977,0,0
2026-01-02 08:52:00,SYN-01,0.2611,0.329,0.2134,0.272,3.358,0,0
2026-01-02 08:53:00,SYN-02,0.2455,0.3428,0.2128,0.2727,2.909,0,0
2026-01-02 08:54:00,SYN-03,0.2367,0.3429,0.2431,0.2785,2.846,0,0
2026-01-02 08:55:00,SYN-04,0.2609,0.303,0.2153,0.2622,3.024,0,0
2026-01-02 08:56:00,SYN-01,0.2638,0.3495,0.2344,0.2868,3.071,0,0
2026-01-02 08:57:00,SYN-02,0.2358,0.3075,0.2377,0.2625,3.036,0,0
2026-01-02 08:58:00,SYN-03,0.2817,0.3594,0.2013,0.2881,3.113,0,0
2026-01-02 08:59:00,SYN-04,0.2669,0.2489,0.2247,0.2474,2.986,0,0
2026-01-02 09:00:00,SYN-01,0.2359,0.3618,0.1916,0.2728,2.846,0,0
2026-01-02 09:01:00,SYN-02,0.2888,0.2891,0.2275,0.27,2.967,0,0
2026-01-02 09:02:00,SYN-03,0.5994,0.9968,0.7007,0.784,10.884,1,1
2026-01-02 09:03:00,SYN-04,0.2434,0.3064,0.2215,0.2596,3.031,0,0
2026-01-02 09:04:00,SYN-01,0.3047,0.3652,0.1929,0.2963,2.891,0,0
2026-01-02 09:05:00,SYN-02,0.265,0.2772,0.2376,0.2605,2.89,0,0
2026-01-02 09:06:00,SYN-03,0.27,0.3376,0.1972,0.2743,2.823,0,0
2026-01-02 09:07:00,SYN-04,0.2759,0.3107,0.1768,0.2607,2.959,0,0
2026-01-02 09:08:00,SYN-01,0.3115,0.313,0.1964,0.279,3.009,0,0
2026-01-02 09:09:00,SYN-02,0.3196,0.3454,0.1913,0.2933,3.087,0,0
2026-01-02 09:10:00,SYN-03,0.2868,0.3677,0.2397,0.3027,2.946,0,0
2026-01-02 09:11:00,SYN-04,0.251,0.3432,0.2324,0.2797,3.057,0,0
2026-01-02 09:12:00,SYN-01,0.2622,0.323,0.2345,0.2757,3.079,0,0
2026-01-02 09:13:00,SYN-02,0.2434,0.3523,0.2059,0.2743,3.092,0,0
2026-01-02 09:14:00,SYN-03,0.258,0.3802,0.2385,0.2989,3.013,0,0
2026-01-02 09:15:00,SYN-04,0.2683,0.2617,0.2136,0.2491,3.027,0,0
2026-01-02 09:16:00,SYN-01,0.7755,0.7895,0.5054,0.7024,9.454,1,1
2026-01-02 09:17:00,SYN-02,0.218,0.3566,0.2494,0.281,2.972,0,0
2026-01-02 09:18:00,SYN-03,0.2536,0.3714,0.2211,0.2893,3.127,0,0
2026-01-02 09:19:00,SYN-04,0.2349,0.3311,0.2278,0.2688,3.089,0,0
